reportingrailroadcode,accidentnumber,date,time,accidenttype,hazmatreleasedcars,station,stateabbr,temperature,visibility_code,visibility,weathercondition,tracktype,equipmenttype,trainspeed,equipmentdamagecost,trackdamagecost,totaldamagecost,primaryaccidentcausecode,latitude,longitude,prior_temp,actual_temp,following_temp
MDS,16061601,6/16/2016,1:40 PM,Derailment,0,LAUDERDALE,MS,98,2,Day,Clear,Main,Freight Train,7,6500,81000,87500,T109,32.238043,-88.771025,81.6,85.8,82.0
NCRC,OP062119,6/21/2019,4:55 PM,Derailment,0,MADISON,NE,85,2,Day,Clear,Siding,Yard/switching,5,407,72000,72407,T110,41.8252,-97.4635,70.1,72.8,68.0
BNSF,CH0124101,1/9/2024,6:49 PM,Derailment,0,CHANNAHON,IL,30,3,Dusk,Snow,Industry,Yard/switching,6,13569,2500,16069,T111,41.402943,-88.197976,34.0,34.3,32.6
CRSH,146768,7/11/2023,9:59 AM,Derailment,0,NEWARK,NJ,77,2,Day,Clear,Main,Yard/switching,5,2884,53334,56218,T110,40.712453,-74.153633,79.1,81.0,84.3
ACWR,06262020,6/26/2020,5:30 PM,Derailment,0,ABERDEEN,NC,88,2,Day,Clear,Yard,Freight Train,8,48000,19000,67000,T109,35.121411,-79.433989,74.9,78.6,79.3
NS,138854,8/14/2020,11:10 PM,Derailment,0,WOODSTOCK,AL,81,4,Dark,Clear,Siding,Freight Train,5,21000,6212,27212,T318,33.204488,-87.156616,80.2,77.3,80.2
CSX,000200180,9/18/2021,4:13 AM,Derailment,0,INDIANAPOLIS,IN,85,1,Dawn,Clear,Yard,Yard/switching,7,11439,28815,40254,T206,39.759791,-86.327526,75.1,77.6,76.4
UP,0423GP004,4/4/2023,10:34 AM,Derailment,0,NORTH PLATTE,NE,31,2,Day,Cloudy,Yard,Yard/switching,7,25704,86247,111951,T314,41.153837,-100.834723,45.6,31.9,29.7
UP,0415PR014,4/15/2015,5:30 PM,Derailment,0,CHICAGO,IL,55,2,Day,Cloudy,Industry,Freight Train,5,9412,1528,10940,T102,41.899158,-87.656775,56.8,54.8,53.7
UP,0415LK004,4/4/2015,5:30 PM,Derailment,0,NORTH LITTLE ROCK,AR,71,2,Day,Clear,Yard,Yard/switching,4,111026,11140,122166,T311,34.763821,-92.260122,68.9,53.3,51.8
CRSH,114011,1/23/2015,12:30 PM,Raking collision,0,NEWARK,NJ,39,2,Day,Clear,Yard,Yard/switching,10,239,150,48079,T306,40.713686,-74.142477,33.9,32.8,34.7
BNSF,TC1216100,12/3/2016,5:30 AM,Derailment,0,JACKSON,NE,23,1,Dawn,Clear,Main,Freight Train,12,471537,952000,1423537,T207,42.456259,-96.655281,35.0,30.8,37.5
NJTR,202111464,10/15/2021,12:15 AM,Other (describe in narrative),0,LONG BRANCH,NJ,51,4,Dark,Clear,Yard,Commuter Train - Pulling,5,12166,1000,13166,T404,40.295725,-73.98856,68.3,68.7,68.5
ABS,210722006,7/22/2021,2:30 PM,Derailment,0,TUSCALOOSA,AL,92,2,Day,Clear,Main,Freight Train,7,8806,12000,20806,T109,33.237554,-87.66233,79.6,80.9,80.1
UP,1223RM015,12/19/2023,11:29 PM,Derailment,0,POCATELLO,ID,34,4,Dark,Cloudy,Yard,Yard/switching,7,45810,21192,67002,T403,42.866084,-112.452293,25.4,30.8,30.0
TASD,D20210324A,3/24/2021,3:15 AM,Derailment,0,MOBILE,AL,61,4,Dark,Rain,Industry,Freight Train,4,2253,15506,17759,T110,30.659,-88.0354,64.1,66.0,72.5
KCS,17071303,7/13/2017,7:55 PM,Derailment,0,RESERVE,LA,90,3,Dusk,Cloudy,Yard,Yard/switching,5,36434,2217,38651,T314,30.070997,-90.57564,82.2,81.7,81.3
NJTR,201806282,6/6/2018,3:40 PM,Other (describe in narrative),0,NEW BRUNSWICK,NJ,68,2,Day,Cloudy,Yard,Commuter Train - Pushing,10,14005,0,14005,T404,40.477876,-74.467376,66.1,63.4,64.5
WC,969123,8/9/2018,3:25 PM,Derailment,0,TROUT LAKE,MI,81,2,Day,Clear,Main,Freight Train,23,235434,177829,413263,T202,46.171805,-85.165139,64.7,69.7,66.6
UP,0817NP038,8/21/2017,3:25 PM,Derailment,0,NORTH PLATTE,NE,80,2,Day,Clear,Yard,Yard/switching,2,13789,41337,55126,T202,41.152552,-100.858256,75.3,76.1,66.1
MSR,190510003,5/10/2019,4:00 PM,Derailment,0,MONTROSE,MS,68,2,Day,Rain,Main,Freight Train,8,100000,303000,403000,T401,32.155833,-89.237278,70.1,69.3,71.5
NJTR,202206234,5/25/2022,5:35 PM,Other (describe in narrative),0,ISELIN,NJ,60,4,Dark,Clear,Main,EMU,35,11682,0,18718,T404,40.562502,-74.335536,63.0,61.1,63.6
HPTD,I142,3/2/2015,11:00 AM,Derailment,0,TRINITY,NC,60,2,Day,Clear,Main,Freight Train,25,17000,10000,27000,T210,35.899865,-80.03978,32.6,46.3,38.8
KYLE,KYL935119D,2/1/2019,6:50 AM,Derailment,0,CONCORDIA,KS,40,1,Dawn,Cloudy,Main,Freight Train,2,7000,50000,57000,T314,39.573819,-97.659462,19.6,35.9,49.6
GRS,20141230M1,12/30/2014,1:00 AM,Derailment,0,DEERFIELD,MA,20,4,Dark,Clear,Yard,Yard/switching,5,7940,25000,32940,T110,42.564389,-72.559063,33.0,22.4,16.9
NS,144794,3/25/2022,2:30 AM,Derailment,0,IRONDALE,AL,52,4,Dark,Clear,Yard,Light loco(s),4,49,11453,11502,T309,33.548905,-86.678009,54.9,55.7,56.5
BNSF,HL0818113,8/16/2018,8:25 AM,Derailment,0,ST LOUIS,MO,87,1,Dawn,Clear,Industry,Yard/switching,9,7200,20000,27200,T319,38.694733,-90.2104,74.2,80.5,80.5
NS,135193,8/21/2019,9:30 PM,Derailment,0,VANCE,AL,72,4,Dark,Clear,Yard,Freight Train,7,22863,25523,48386,T110,33.171836,-87.267425,80.3,80.2,80.0
BLU,221130002,11/30/2022,2:40 PM,Derailment,0,WAYNESVILLE,NC,51,2,Day,Clear,Industry,Yard/switching,7,2025,54000,56025,T112,35.512216,-82.96996,44.5,49.0,37.2
NS,130170,7/12/2018,9:15 AM,Derailment,0,FRANKFORT,IN,84,2,Day,Clear,Yard,Freight Train,9,24000,100,24100,T311,40.282313,-86.543136,74.7,73.0,75.2
EARY,EAR167323,6/26/2023,4:45 PM,Derailment,0,SYCAMORE,AL,90,2,Day,Clear,Main,Freight Train,9,26000,31150,57150,T201,33.167676,-86.307771,76.9,78.8,79.7
CSX,000158214,3/16/2016,11:15 AM,Derailment,0,LOUISVILLE,KY,73,2,Day,Clear,Yard,Yard/switching,8,94615,4136,98751,T207,38.166385,-85.750643,67.2,64.4,58.3
CSX,000158214,3/16/2016,11:15 AM,Derailment,0,LOUISVILLE,KY,73,2,Day,Clear,Yard,Light loco(s),0,0,0,98751,T207,38.166385,-85.750643,67.2,64.4,58.3
MBTA,7001,1/5/2016,3:22 AM,Derailment,0,ANDOVER,MA,7,4,Dark,Clear,Main,Passenger Train - Pulling,57,100096,30915,131011,T207,42.67,-71.1425,22.4,14.5,28.0
NS,132801,2/11/2019,5:40 AM,Derailment,0,CHARLOTTE,NC,38,1,Dawn,Cloudy,Yard,Light loco(s),5,1958,34299,36257,T207,35.228142,-80.852528,38.4,45.6,46.9
NJTR,202310412,9/14/2023,10:00 AM,Derailment,0,NEW BRUNSWICK,NJ,66,2,Day,Clear,Yard,Work train,8,49823,0,49823,T113,40.479978,-74.464016,73.6,70.0,64.1
NIRC,2019071447,6/28/2019,1:43 PM,Derailment,0,CHICAGO,IL,81,2,Day,Cloudy,Yard,Yard/switching,10,0,11298,11298,T113,41.859244,-87.67715,77.6,78.8,79.1
UP,0623GP006,6/2/2023,11:05 AM,Derailment,0,NORTH PLATTE,NE,67,2,Day,Cloudy,Yard,Yard/switching,4,31815,87000,118815,T001,41.147148,-100.832418,67.6,67.2,64.4
KCS,17051302,5/13/2017,11:50 PM,Derailment,0,LAKE CHARLES,LA,65,4,Dark,Clear,Industry,Yard/switching,7,69967,7500,77467,T110,30.240155,-93.276509,76.3,71.9,72.4
BNSF,HL0619116,6/29/2019,3:50 PM,Derailment,0,RED OAK,IA,95,2,Day,Clear,Yard,Freight Train,9,95880,476090,571970,T109,41.001838,-95.23297,83.5,85.1,84.6
NS,138923,8/21/2020,4:00 PM,Derailment,0,CLEVELAND,NC,76,3,Dusk,Cloudy,Yard,Freight Train,10,582,11175,11757,T110,35.724099,-80.639245,73.6,72.7,74.8
NS,154678,11/2/2023,7:31 AM,Derailment,0,STANLEYVILLE,NC,32,1,Dawn,Clear,Main,Freight Train,0,0,270000,270000,T207,36.200643,-80.291901,41.5,39.9,45.2
UP,1118NP036,11/28/2018,3:25 AM,Derailment,0,COUNCIL BLUFFS,IA,21,4,Dark,Cloudy,Industry,Freight Train,4,45085,24050,69135,T202,41.240006,-95.907002,17.9,25.0,28.1
BRC,014631,4/1/2023,8:18 AM,Side collision,0,BEDFORD PARK,IL,37,2,Day,Rain,Yard,Yard/switching,0,26506,0,53012,T305,41.76785,-87.74617,59.6,40.9,43.8
BNSF,HL0922106,9/14/2022,1:10 PM,Derailment,0,SPRINGFIELD,MO,85,2,Day,Clear,Industry,Yard/switching,8,29023,28500,57523,T110,37.242736,-93.203294,68.2,70.3,70.9
CSX,000174683,2/12/2018,12:35 PM,Derailment,0,ROCKY MOUNT,NC,74,2,Day,Clear,Yard,Light loco(s),6,15183,314,15497,T110,35.918853,-77.804447,70.0,56.5,41.1
BNSF,HL1020103,10/2/2020,4:01 AM,Derailment,0,TAMORA,NE,37,1,Dawn,Clear,Industry,Freight Train,7,92638,0,92638,T314,40.894536,-97.236639,50.1,48.9,49.6
MNCW,2016080229,8/2/2016,7:03 PM,Other (describe in narrative),0,MILFORD,CT,75,2,Day,Clear,Main,EMU,40,25000,5000,30000,T404,41.21093,-73.087935,73.3,71.2,70.9
UP,0716NP003,7/21/2016,3:50 PM,Derailment,0,NORTH PLATTE,NE,95,2,Day,Clear,Yard,Yard/switching,7,408,10413,10821,T110,41.147239,-100.804371,82.5,81.8,82.3
NS,119959,4/1/2016,8:15 AM,Derailment,0,OPELIKA,AL,67,2,Day,Cloudy,Main,Freight Train,38,805189,65486,870675,T002,32.622992,-85.321347,65.6,65.3,58.2
IC,845121,3/30/2015,8:50 PM,Derailment,1,PHILIPP,MS,65,4,Dark,Clear,Main,Freight Train,23,442606,2169692,2612298,T106,33.767667,-90.241079,56.4,67.6,66.1
UP,0624HL016,6/11/2024,4:54 PM,Derailment,0,UNION,NE,91,2,Day,Clear,Main,Freight Train,44,1909368,191777,2101145,T108,40.789104,-95.917361,69.9,75.6,80.0
NS,144275,2/4/2022,10:50 AM,Derailment,0,MAYLENE,AL,40,2,Day,Cloudy,Industry,Freight Train,5,24337,15808,40145,T110,33.170055,-86.863004,60.5,37.6,35.7
BNSF,TC1114110,11/13/2014,5:35 PM,Derailment,0,CASSELTON,ND,15,3,Dusk,Clear,Main,Freight Train,30,939338,300000,1719594,T207,46.902892,-97.259819,20.8,15.2,10.7
UP,0519MA034,5/16/2019,11:20 AM,Derailment,0,LEADINGTON,MO,79,2,Day,Clear,Industry,Freight Train,7,142798,42310,185108,T110,37.8532,-90.49452,68.0,73.8,75.4
CC,923816,5/26/2017,11:10 AM,Derailment,0,WATERLOO,IA,80,2,Day,Clear,Yard,Freight Train,6,133400,110292,282392,T111,42.501394,-92.322761,57.8,62.4,60.6
UP,0418KC002,4/2/2018,12:45 AM,Derailment,0,KANSAS CITY,MO,25,4,Dark,Cloudy,Main,Freight Train,5,4260,41362,48022,T206,39.075744,-94.603956,29.9,30.4,37.2
UP,0217NP036,2/24/2017,2:30 PM,Derailment,0,NORTH PLATTE,NE,25,2,Day,Cloudy,Yard,Single Car,2,39344,0,127671,T106,41.146243,-100.83404,31.2,22.0,19.2
NJTR,202406305,5/20/2024,8:25 AM,Other (describe in narrative),0,HOBOKEN,NJ,62,2,Day,Clear,Main,Passenger Train - Pulling,10,20772,0,20772,T404,40.734462,-74.031387,64.9,63.4,69.9
UP,0620MA012,6/6/2020,4:17 PM,Derailment,0,DUPO,IL,94,2,Day,Clear,Yard,Freight Train,9,36235,22000,58235,T109,38.53049,-90.208189,76.9,81.9,81.5
CRSH,140071,12/19/2020,6:00 PM,Derailment,0,LINDEN,NJ,28,3,Dusk,Snow,Yard,Yard/switching,5,16631,750,17381,T314,40.644051,-74.211641,27.7,25.8,32.6
KAW,210905001,9/5/2021,7:35 PM,Derailment,0,KANSAS CITY,MO,80,3,Dusk,Clear,Main,Freight Train,10,8000,0,214075,T319,39.109543,-94.590963,72.9,71.5,76.5
CSX,000212999,8/19/2023,9:26 AM,Derailment,0,ROCKY MOUNT,NC,80,2,Day,Clear,Yard,Yard/switching,2,153159,2264,155423,T319,35.917687,-77.805567,80.1,76.7,78.7
BNSF,TC1123102,11/11/2023,9:30 AM,Derailment,0,GRAND RAPIDS,MN,35,2,Day,Cloudy,Industry,Freight Train,5,0,12000,12000,T101,47.235061,-93.536945,31.6,31.7,38.5
BNSF,RD0123113,1/19/2023,7:44 PM,Derailment,0,LAFAYETTE,LA,68,3,Dusk,Clear,Yard,Yard/switching,9,1034,13765,14799,T314,30.234923,-92.055342,71.1,63.1,55.1
BNSF,KS0120105,1/15/2020,11:10 AM,Derailment,0,TOPEKA,KS,30,2,Day,Cloudy,Yard,Light loco(s),5,20000,300,20300,T202,39.054481,-95.642711,42.6,37.2,18.9
ATK,135169,11/9/2014,1:18 PM,Derailment,0,NEW HAVEN,CT,48,2,Day,Clear,Yard,Light loco(s),4,49341,0,49341,T113,41.323717,-72.894845,43.8,49.5,46.9
UP,0424GL017,4/15/2024,12:35 PM,Derailment,0,FREMONT,NE,74,2,Day,Clear,Main,Freight Train,18,5132,9086,14218,T314,41.426938,-96.489495,70.2,69.5,63.7
UP,0615PC001,6/4/2015,12:05 PM,Derailment,0,SILVERBOW,MT,64,2,Day,Clear,Yard,Freight Train,6,38303,0,44803,T111,46.004992,-112.671069,50.5,53.3,56.7
SKOL,181025004,10/25/2018,6:00 PM,Derailment,0,MOLINE,KS,52,3,Dusk,Clear,Industry,Freight Train,5,20000,0,20000,T210,37.363928,-96.266084,54.0,49.9,51.5
GLC,GLC6072018,6/7/2018,3:25 PM,Derailment,0,POMPEII,MI,83,2,Day,Cloudy,Main,Freight Train,8,50550,4196,54746,T201,43.183219,-84.63945,60.1,69.6,68.9
BNSF,TC0915103,9/11/2015,9:25 PM,Derailment,0,FRIDLEY,MN,51,4,Dark,Clear,Yard,Freight Train,9,96496,268456,364952,T206,45.055543,-93.272988,63.5,56.1,57.0
NS,135813,10/12/2019,11:30 AM,Derailment,1,JONES,AL,70,2,Day,Cloudy,Industry,Freight Train,2,34100,0,86100,T314,32.467982,-86.895173,74.1,67.4,64.1
CSX,000206277,7/23/2022,4:30 PM,Derailment,0,LOUISVILLE,KY,98,2,Day,Clear,Yard,Yard/switching,1,143372,0,497209,T102,38.16074,-85.749136,84.0,86.1,86.3
GSM,10092021,10/9/2021,12:55 PM,Derailment,0,BRYSON CITY,NC,75,2,Day,Clear,Main,Passenger Train - Pulling,17,50000,86337,136337,T110,35.37907,-83.565644,68.2,65.5,66.4
UP,0219GL014,2/7/2019,1:00 AM,Derailment,0,BOONE,IA,16,4,Dark,Cloudy,Yard,Freight Train,5,205,20612,20817,T314,42.062582,-93.864045,17.3,7.2,0.4
UP,0118KC028,1/22/2018,10:17 PM,Derailment,0,HERINGTON,KS,26,4,Dark,Clear,Yard,Yard/switching,6,26431,26854,53285,T319,38.684749,-96.949666,46.8,34.5,30.3
UP,0618LV019,6/20/2018,2:00 AM,Derailment,0,PORT ALLEN,LA,73,4,Dark,Cloudy,Industry,Yard/switching,5,34856,3600,38456,T111,30.441348,-91.210206,77.9,80.5,81.0
KCS,17062802,6/28/2017,12:20 PM,Derailment,0,SPRINGFIELD,IL,84,2,Day,Clear,Yard,Freight Train,6,25700,0,26900,T314,39.810722,-89.630106,66.6,75.5,79.7
CRSH,135172,8/20/2019,12:15 PM,Derailment,0,NEWARK,NJ,87,2,Day,Clear,Yard,Yard/switching,5,10589,35200,45789,T317,40.71026,-74.142665,80.8,80.9,80.4
NS,134864,7/25/2019,6:30 PM,Derailment,1,GREENSBORO,NC,85,3,Dusk,Clear,Yard,Freight Train,10,260100,83773,343873,T311,36.060617,-79.836822,72.7,74.1,74.5
NS,137314,2/27/2020,1:30 PM,Derailment,0,GADSDEN,AL,35,2,Day,Clear,Yard,Freight Train,9,35600,2927,38527,T110,34.025404,-86.054784,43.3,37.2,38.9
CSX,000168858,5/12/2017,2:11 AM,Derailment,0,BIRMINGHAM,AL,75,4,Dark,Clear,Yard,Freight Train,9,242973,0,349677,T206,33.543607,-86.790089,75.6,72.3,69.2
MNCW,2016041408,4/14/2016,6:56 AM,Derailment,0,NEW CANAAN,CT,48,1,Dawn,Clear,Yard,EMU,7,52239,11000,63239,T319,41.144318,-73.498306,43.7,46.8,47.3
BNSF,CH0324108,3/30/2024,8:30 AM,Derailment,0,GALESBURG,IL,48,1,Dawn,Clear,Yard,Yard/switching,4,164835,58801,223636,T315,40.91755,-90.379754,53.2,56.2,49.3
UP,0719HL028,7/31/2019,6:13 PM,Derailment,0,NEBRASKA CITY,NE,75,3,Dusk,Cloudy,Industry,Freight Train,10,586182,5042,591224,T401,40.672829,-95.848149,70.4,70.1,73.6
UP,0717SL014,7/31/2017,2:43 PM,Derailment,0,CHESTER,IL,85,2,Day,Clear,Yard,Yard/switching,6,30229,612,30841,T205,37.892275,-89.814189,70.9,73.0,75.0
NS,140688,2/20/2021,3:00 AM,Derailment,0,MACON,GA,35,4,Dark,Clear,Yard,Freight Train,5,22932,3203,26135,T207,32.813729,-83.622793,45.1,43.4,46.5
UP,0619HL033,6/25/2019,9:23 AM,Derailment,0,COFFEYVILLE,KS,74,2,Day,Clear,Yard,Freight Train,1,28942,990,29932,T205,37.030413,-95.630627,72.7,75.4,78.5
FEC,D38062717,6/27/2017,7:45 PM,Derailment,0,JACKSONVILLE,FL,74,3,Dusk,Rain,Yard,Yard/switching,6,14070,15131,29201,T314,30.242388,-81.60353,78.9,77.3,79.1
PW,PWR508517D,12/7/2017,1:00 AM,Derailment,0,MIDDLETOWN,CT,37,4,Dark,Clear,Yard,Freight Train,5,52500,30000,82500,T205,41.572913,-72.659889,45.7,36.9,32.5
WC,1143434,1/11/2024,9:46 PM,Derailment,0,GARY,IN,29,4,Dark,Clear,Yard,Yard/switching,2,14244,15866,30110,T303,41.624733,-87.38801,32.1,31.0,33.4
UP,0619GP050,6/28/2019,4:00 PM,Derailment,0,ALEXANDRIA,NE,96,2,Day,Clear,Main,Freight Train,48,965727,403483,1369210,T102,40.230456,-97.334872,82.9,84.8,85.2
UP,0816TC005,8/11/2016,12:51 AM,Derailment,0,BAYPORT,MN,80,4,Dark,Rain,Industry,Freight Train,9,19616,37733,57349,T002,44.991931,-92.776662,77.4,73.8,71.8
ATK,159898,7/4/2019,11:59 PM,Other (describe in narrative),0,NEWARK,NJ,73,4,Dark,Clear,Main,EMU,0,0,3161,42427,T404,40.73151,-74.174393,81.6,80.9,78.0
NS,143548,11/23/2021,4:35 PM,Derailment,0,IRONDALE,AL,62,3,Dusk,Clear,Yard,Freight Train,0,0,80000,289897,T207,33.548905,-86.678009,52.4,41.3,48.0
ATK,149264,8/29/2017,9:17 AM,Other (describe in narrative),0,ELIZABETH,NJ,71,2,Day,Clear,Main,EMU,0,0,752,11490,T404,40.648099,-74.232157,69.7,66.1,69.3
KJRY,KJRY190925,9/25/2019,4:00 PM,Derailment,0,KEOKUK,IA,81,2,Day,Clear,Yard,Yard/switching,3,5500,12400,17900,T102,40.3886,-91.3891,68.8,70.5,64.0
BNSF,TC0417113,4/19/2017,2:54 AM,Derailment,0,MINTO,ND,35,4,Dark,Clear,Main,Freight Train,8,266979,224930,491909,T001,48.354507,-97.389078,41.6,41.5,49.7
CSX,000163451,10/9/2016,4:54 PM,Derailment,0,HIALEAH,FL,85,3,Dusk,Clear,Yard,Yard/switching,7,2021,61268,124557,T311,25.860075,-80.260001,84.4,82.8,79.5
ABS,210711002,7/11/2021,6:50 PM,Derailment,0,BROOKWOOD,AL,73,3,Dusk,Clear,Main,Freight Train,5,22655,25000,47655,T110,33.271755,-87.312357,75.9,77.8,74.9
NS,138511,7/13/2020,8:05 AM,Derailment,0,IRONDALE,AL,85,2,Day,Clear,Yard,Light loco(s),4,62395,500,62895,T311,33.555372,-86.683971,76.2,79.2,81.9
UP,0321GP051,3/31/2021,3:45 PM,Derailment,0,GIBBON,NE,48,2,Day,Cloudy,Main,Freight Train,35,625495,670610,1296105,T399,40.75028,-98.84267,41.7,36.2,43.7
TRRA,19017,8/8/2019,1:25 PM,Derailment,0,EAST ST LOUIS,IL,85,2,Day,Cloudy,Main,Freight Train,0,0,7847,39441,T199,38.60279,-90.152727,77.3,77.4,79.9
CSX,000148766,7/5/2015,12:46 AM,Derailment,0,ROCKY MOUNT,NC,75,4,Dark,Clear,Yard,Yard/switching,5,33742,4940,49779,T111,35.931645,-77.799742,78.0,79.8,80.5
UP,0523GP046,5/31/2023,2:04 AM,Derailment,0,NORTH PLATTE,NE,62,4,Dark,Clear,Yard,Yard/switching,4,71752,59890,131642,T001,41.14731,-100.831399,70.4,69.4,67.6
UP,0519HL009,5/7/2019,12:36 AM,Derailment,2,BUFFALO,KS,63,4,Dark,Rain,Main,Freight Train,33,1428872,125394,1554266,T002,37.683023,-95.721462,69.6,67.3,67.1
NS,131942,12/6/2018,1:21 AM,Derailment,0,BIRMINGHAM,AL,23,4,Dark,Clear,Main,Freight Train,15,506655,309166,815821,T207,33.550256,-86.671706,34.5,38.4,44.5
NS,156002,3/10/2024,9:27 PM,Derailment,0,ELKHART,IN,31,4,Dark,Clear,Yard,Yard/switching,4,10950,13000,23950,T207,41.677392,-85.978437,38.7,33.1,41.5
GRYR,GR160606A,6/6/2016,12:10 PM,Other (describe in narrative),0,GRENADA,MS,80,2,Day,Clear,Yard,Light loco(s),10,0,225000,225000,T401,33.890085,-89.775458,75.3,76.2,75.9
CSX,000212937,8/16/2023,5:00 AM,Derailment,0,ROCKY MOUNT,NC,80,4,Dark,Clear,Yard,Yard/switching,10,37096,3000,40096,T207,35.917687,-77.805567,81.4,79.7,80.3
UP,1017KC003,10/3/2017,1:05 PM,Derailment,0,WICHITA,KS,75,2,Day,Cloudy,Yard,Yard/switching,8,1782,21200,22982,T313,37.734713,-97.320722,74.9,75.1,69.3
NS,139061,9/3/2020,2:25 PM,Derailment,0,IRONDALE,AL,88,2,Day,Clear,Yard,Yard/switching,4,12600,6250,18850,T319,33.537895,-86.710161,82.5,83.7,82.2
BNSF,PR0217114,2/25/2017,5:47 PM,Derailment,0,AURORA,NE,30,3,Dusk,Clear,Industry,Freight Train,2,33619,300,33919,T311,40.868049,-98.046987,24.3,22.9,33.5
LAS,170919004,9/19/2017,12:00 PM,Derailment,0,HODGE,LA,90,2,Day,Clear,Industry,Freight Train,4,1600,18000,19600,T311,32.27948,-92.74178,77.7,78.2,79.2
IC,1123594,1/25/2023,6:00 PM,Derailment,0,GEISMAR,LA,54,4,Dark,Clear,Yard,Yard/switching,3,11925,1062,12987,T210,30.140872,-90.925713,55.5,51.2,48.1
BNSF,PR0617116,6/22/2017,3:30 PM,Derailment,0,MITCHELL,NE,78,2,Day,Clear,Yard,Freight Train,3,18777,25852,44629,T201,41.940215,-103.81348,80.1,72.3,62.8
BNSF,TC0624119,6/22/2024,2:33 PM,Derailment,0,RUGBY,ND,75,2,Day,Clear,Main,Freight Train,4,127333,177900,305233,T001,48.435255,-100.089188,62.7,66.3,67.0
FEC,D07011616,1/16/2016,12:40 PM,Derailment,0,MIAMI-DADE,FL,75,2,Day,Clear,Industry,Freight Train,9,15282,10580,25862,T102,25.776437,-80.176816,70.2,68.0,71.6
ATK,146920,4/3/2017,9:00 AM,Derailment,0,NEW YORK NEW YORK,NY,55,2,Day,Clear,Main,Freight Train,0,0,718000,963409,T113,40.751737,-73.996821,51.7,54.7,49.0
CWRO,201727,4/12/2017,10:25 PM,Derailment,0,CLEVELAND,OH,49,4,Dark,Clear,Industry,Yard/switching,3,7500,8000,15500,T101,41.463359,-81.676126,59.3,47.9,47.1
ATK,138544,7/30/2015,7:35 PM,Other (describe in narrative),0,RAHWAY,NJ,82,3,Dusk,Clear,Main,Passenger Train - Pulling,30,20000,1000,21000,T404,40.701138,-74.234598,85.7,80.7,82.2
AB,DR16003,6/19/2016,8:03 AM,Derailment,0,KENT,OH,69,2,Day,Clear,Main,Freight Train,7,10500,65000,75500,T110,41.08435,-81.215923,73.7,74.8,78.9
WE,170053,4/19/2017,11:00 PM,Derailment,0,SPENCER,OH,60,4,Dark,Rain,Main,Freight Train,10,31771,16897,48668,T316,41.103123,-82.122472,56.5,65.4,64.9
CSX,000202646,1/24/2022,8:15 PM,Derailment,0,YOUNGSTOWN,OH,25,4,Dark,Cloudy,Main,Freight Train,25,61506,252400,313906,T206,41.09425,-80.642883,22.5,18.0,20.7
SKOL,161207003,12/7/2016,9:15 PM,Derailment,0,RAMONA,OK,29,4,Dark,Clear,Main,Freight Train,10,34998,4500,39498,T210,36.532341,-95.923058,40.2,33.7,24.8
NS,129639,5/29/2018,7:30 PM,Derailment,0,LOUDONVILLE,OH,78,3,Dusk,Clear,Main,Freight Train,32,5,13606,13611,T109,40.651588,-82.25182,78.3,77.6,75.2
NS,134173,6/2/2019,1:15 PM,Derailment,0,CAMPBELL,OH,72,2,Day,Clear,Main,Yard/switching,7,700,208897,209597,T314,41.076727,-80.615186,66.4,60.3,53.7
NS,134414,6/20/2019,9:00 AM,Derailment,0,PORTSMOUTH,OH,72,2,Day,Rain,Yard,Freight Train,7,205742,73809,279551,T207,38.73613,-82.968653,74.0,70.5,69.3
TSU,12019,1/28/2019,3:40 PM,Derailment,0,SAPULPA,OK,47,2,Day,Clear,Siding,Freight Train,6,5100,10325,15425,T101,36.001717,-96.103472,41.4,42.0,31.7
BNSF,RD1222119,12/16/2022,1:56 PM,Derailment,0,ENID,OK,43,2,Day,Clear,Yard,Yard/switching,5,12165,1000,13165,T314,36.412219,-97.851104,35.0,34.0,32.4
CWRO,201680,12/11/2016,3:45 PM,Derailment,0,CLEVELAND,OH,30,2,Day,Cloudy,Industry,Yard/switching,10,30000,1500,31500,T106,41.464336,-81.677548,25.9,28.5,35.1
NJTR,202209364,9/1/2022,2:52 PM,Other (describe in narrative),0,NEW YORK NEW YORK,NY,84,2,Day,Clear,Main,Commuter Train - Pulling,45,48583,0,50683,T404,40.756679,-74.008059,76.8,77.2,70.2
SLWC,160428001,4/28/2016,1:00 AM,Derailment,0,OKLAHOMA CITY,OK,65,4,Dark,Clear,Yard,Freight Train,5,15008,0,16008,T102,35.455983,-97.507376,62.5,62.7,61.1
ATK,151127,12/24/2017,3:19 PM,Derailment,0,RENSSELAER,NY,32,4,Dark,Clear,Yard,Light loco(s),4,45679,0,45679,T110,42.641169,-73.740874,32.1,32.0,26.8
BNSF,RD0719122,7/23/2019,1:14 PM,Derailment,0,MILL CREEK,OK,90,2,Day,Clear,Yard,Light loco(s),4,50000,0,50000,T103,34.467564,-96.841922,79.5,75.7,74.5
NJTR,202307283,6/24/2023,7:59 AM,Other (describe in narrative),0,NEW YORK NEW YORK,NY,77,2,Day,Clear,Main,Commuter Train - Pulling,0,18797,0,18797,T404,40.75078,-73.994255,67.9,73.1,75.9