reportingrailroadcode,accidentnumber,date,time,accidenttype,hazmatreleasedcars,station,stateabbr,temperature,visibility_code,visibility,weathercondition,tracktype,equipmenttype,trainspeed,equipmentdamagecost,trackdamagecost,totaldamagecost,primaryaccidentcausecode,latitude,longitude,prior_temp,actual_temp,following_temp
SKOL,211028,10/28/2021,12:25 AM,Derailment,0,OWASSO,OK,52,4,Dark,Rain,Yard,Freight Train,5,57019,16839,140546,T201,36.267487,-95.859393,60.4,53.6,55.3
ATK,172443,9/1/2022,2:52 PM,Other (describe in narrative),0,NEW YORK,NY,84,2,Day,Clear,Main,EMU,0,0,2100,50683,T404,40.756679,-74.008059,76.8,77.2,70.2
NJTR,201609492,9/19/2016,5:40 AM,Other (describe in narrative),0,TRENTON,NJ,75,1,Dawn,Rain,Main,EMU,15,11000,0,12000,T404,40.218913,-74.753415,75.0,71.3,73.1
ATK,149157,8/23/2017,3:30 AM,Derailment,0,NEW YORK NEW YORK,NY,70,4,Dark,Clear,Main,Commuter Train - Pulling,10,34114,1000,35114,T110,40.751905,-73.996713,81.2,76.1,73.2
LI,78298,10/26/2022,9:30 PM,Derailment,0,HOLLIS,NY,64,4,Dark,Cloudy,Yard,EMU,4,400,13346,13746,T110,40.70598,-73.779189,64.6,65.5,60.7
CSX,000199102,7/27/2021,11:00 PM,Derailment,0,FEURA BUSH,NY,66,4,Dark,Clear,Yard,Yard/switching,2,130945,8942,139887,T303,42.565903,-73.854184,72.4,68.4,66.6
WE,200071,8/2/2020,12:00 PM,Derailment,0,AKRON,OH,72,2,Day,Clear,Siding,Freight Train,5,30000,12000,42000,T110,41.087454,-81.501422,73.8,72.6,71.5
NS,131293,10/11/2018,8:45 AM,Derailment,0,BELLEVUE,OH,56,2,Day,Clear,Yard,Freight Train,11,13148,24330,37478,T314,41.288306,-82.801342,72.4,59.2,47.4
BNSF,RD1017129,10/24/2017,9:20 AM,Derailment,0,TULSA,OK,63,2,Day,Clear,Main,Freight Train,0,0,208000,208000,T110,36.158571,-95.985949,59.2,55.5,56.1
IORY,IOR212017D,2/9/2017,2:35 AM,Derailment,0,LIMA,OH,18,4,Dark,Snow,Yard,Freight Train,8,18280,11800,30080,T210,40.766253,-84.089792,34.2,19.4,24.8
GNBC,G11302019,11/30/2019,12:53 PM,Other impacts,0,CLINTON,OK,55,2,Day,Clear,Industry,Freight Train,3,0,68500,68500,T499,35.48473,-98.97464,42.3,46.7,39.6
BNSF,RD1118120,11/11/2018,4:33 AM,Derailment,0,GENE AUTRY,OK,45,1,Dawn,Clear,Industry,Freight Train,3,14062,500,14562,T403,34.315884,-97.0162,39.6,47.0,37.4
KRR,933419D,1/8/2019,6:45 AM,Derailment,0,BOKCHITO,OK,40,1,Dawn,Clear,Main,Freight Train,22,665000,128000,793000,T207,34.016913,-96.152379,60.9,50.3,43.4
CP,1000422381,7/12/2016,5:18 PM,Derailment,0,ALBANY,NY,88,2,Day,Clear,Yard,Light loco(s),4,54916,0,62144,T303,42.630274,-73.763678,68.2,71.5,78.7
NS,152295,2/1/2023,2:20 AM,Derailment,0,KINSTON,NC,53,4,Dark,Rain,Industry,Freight Train,3,600,16089,16689,T110,35.240267,-77.549636,55.0,46.2,37.9
BNSF,RD0422105,4/5/2022,7:00 PM,Derailment,0,TULSA,OK,55,3,Dusk,Cloudy,Yard,Freight Train,7,28317,50000,78317,T110,36.126023,-96.019361,59.7,63.2,59.0
LI,69992,6/23/2019,8:03 PM,Derailment,0,NEW YORK NEW YORK,NY,75,3,Dusk,Clear,Yard,EMU,10,11000,49779,60779,T111,40.754344,-74.00127,72.0,75.0,76.7
SKOL,D523114,12/5/2014,4:35 PM,Derailment,0,OWASSO,OK,40,2,Day,Rain,Yard,Yard/switching,5,23963,5000,28963,T205,36.161624,-95.877317,46.9,54.2,45.5
GNBC,G08252022,8/25/2022,1:27 PM,Derailment,0,AMES,OK,90,2,Day,Cloudy,Main,Freight Train,9,0,69000,69000,T201,36.19696,-98.24237,79.1,80.5,81.3
BNSF,RD0119125,1/23/2019,6:02 PM,Derailment,0,TULSA,OK,30,3,Dusk,Cloudy,Yard,Light loco(s),4,15000,800,15800,T202,36.126085,-96.012832,46.2,29.9,32.4
UP,0617TC003,6/7/2017,3:11 PM,Derailment,0,ROSEMOUNT,MN,90,2,Day,Clear,Yard,Yard/switching,6,51187,150,51337,T403,44.78458,-93.04721,70.4,74.5,75.9
CSX,000187197,12/17/2019,10:38 AM,Derailment,0,OREGON,OH,32,2,Day,Cloudy,Yard,Yard/switching,9,19622,2000,21622,T207,41.668966,-83.473559,31.2,29.6,21.9
CWRO,201919,5/4/2019,5:35 AM,Derailment,0,CLEVELAND,OH,46,4,Dark,Clear,Industry,Yard/switching,4,12000,1500,13500,T203,41.4623,-81.6729,50.6,46.8,50.5
CSX,000174872,2/24/2018,10:30 PM,Derailment,0,SELKIRK,NY,35,4,Dark,Clear,Yard,Yard/switching,8,28579,43876,72455,T111,42.565903,-73.854184,29.8,39.6,37.1
LI,74367,3/27/2021,11:21 AM,Derailment,0,GARDEN CITY,NY,60,2,Day,Clear,Siding,Work train,5,7185,40035,47220,T111,40.726649,-73.625435,59.9,55.7,52.3
SLWC,1901419002,4/19/2019,1:30 AM,Derailment,0,LAWTON,OK,68,4,Dark,Clear,Yard,Freight Train,13,70000,20000,90000,T102,34.604706,-98.511538,62.8,58.1,62.8
NS,118320,11/22/2015,7:00 PM,Derailment,0,MINGO JUNCTION,OH,25,3,Dusk,Clear,Yard,Cut of cars,0,5625,0,66625,T210,40.310309,-80.610637,44.7,32.9,29.1
CSX,000207919,10/20/2022,1:30 AM,Derailment,0,SYRACUSE,NY,41,4,Dark,Rain,Industry,Freight Train,4,16380,96,16476,T112,43.087235,-76.124076,42.1,44.7,51.4
BNSF,RD0121102,1/3/2021,10:10 PM,Derailment,0,TULSA,OK,39,4,Dark,Clear,Main,Freight Train,10,25437,349000,374437,T207,36.09438,-96.035534,35.7,38.0,43.1
ATK,139799,10/21/2015,1:00 AM,Other (describe in narrative),0,NEW YORK NEW YORK,NY,60,4,Dark,Clear,Main,EMU,0,0,1000,35704,T404,40.752117,-73.997657,57.9,64.7,65.9
PNWR,PNW643514D,10/24/2014,11:40 PM,Derailment,0,BLODGETT,OR,60,4,Dark,Fog,Main,Freight Train,10,20000,18336,38336,T113,44.605,-123.526111,56.7,52.4,54.5
NS,151755,12/19/2022,11:34 PM,Derailment,0,CINCINNATI,OH,31,4,Dark,Clear,Yard,Freight Train,9,79000,27245,106245,T202,39.177988,-84.48464,28.2,26.1,31.7
NS,141334,4/24/2021,5:34 AM,Derailment,0,CHEEKTOWAGA,NY,45,1,Dawn,Clear,Yard,Freight Train,15,170078,27427,197505,T207,42.897629,-78.75138,43.5,52.9,47.3
IORY,IOR837721D,7/23/2021,12:45 AM,Derailment,0,WASHINGTON COURT HOU,OH,64,4,Dark,Clear,Main,Freight Train,7,22606,1100,23706,T204,39.536667,-83.445556,66.7,69.7,73.8
BNSF,KS0724105,7/11/2024,5:27 PM,Derailment,2,WOODWARD,OK,98,3,Dusk,Clear,Main,Freight Train,44,1366400,715558,2081958,T109,36.438983,-99.399961,79.9,83.6,84.4
CSX,000170209,7/14/2017,3:30 AM,Derailment,0,NEW YORK -BRONX,NY,68,4,Dark,Cloudy,Yard,Freight Train,0,0,2351,50249,T311,40.804146,-73.908687,83.4,68.5,75.2
UP,1115FW006,11/7/2015,10:30 AM,Derailment,0,STRINGTOWN,OK,63,2,Day,Clear,Industry,Freight Train,5,18138,5440,23578,T202,34.476458,-96.05022,59.4,56.2,50.9
CSX,000172531,10/31/2017,3:25 AM,Derailment,0,TERRE HAUTE,IN,32,4,Dark,Clear,Industry,Freight Train,8,91330,48,166378,T203,39.409375,-87.381098,41.2,36.5,40.4
BNSF,SW0821109,8/24/2021,1:45 PM,Derailment,0,CARLSBAD,NM,90,2,Day,Clear,Yard,Light loco(s),5,500,12572,13072,T110,32.422435,-104.225201,81.7,81.5,81.6
CSX,000211526,5/28/2023,6:46 PM,Derailment,0,WALBRIDGE,OH,70,3,Dusk,Clear,Yard,Yard/switching,6,14905,464,15369,T206,41.589911,-83.496929,64.0,67.6,71.5
DMVW,DE32521,3/25/2021,5:45 PM,Derailment,0,GARRISON,ND,42,2,Day,Clear,Industry,Freight Train,9,0,26575,26575,T199,47.655797,-101.425417,29.6,40.9,35.2
NS,133402,3/30/2019,10:30 AM,Derailment,0,STEUBENVILLE,OH,62,2,Day,Clear,Siding,Freight Train,9,252105,157547,409652,T111,40.374827,-80.611406,55.0,58.9,33.3
LI,81515,12/21/2023,2:50 PM,Derailment,0,RICHMOND HILL,NY,40,2,Day,Clear,Yard,Yard/switching,4,0,23273,23273,T210,40.697332,-73.823055,36.5,36.4,31.5
NS,139819,11/24/2020,4:04 AM,Derailment,0,COLLINSVILLE,OH,37,1,Dawn,Clear,Siding,Freight Train,18,612368,71152,683520,T207,39.501331,-84.583292,39.9,40.8,50.4
UP,1218MA075,12/27/2018,12:30 PM,Derailment,0,SHREVEPORT,LA,60,2,Day,Clear,Industry,Yard/switching,10,17911,1806,19717,T110,32.432698,-93.90965,62.7,59.9,47.0
UP,0420GL009,4/13/2020,10:29 AM,Derailment,0,GRAND ISLAND,NE,31,2,Day,Clear,Yard,Cut of cars,0,11592,0,119595,T101,40.932859,-98.325346,34.0,30.6,34.2
WE,140126,12/7/2014,7:30 AM,Derailment,0,CANTON,OH,30,4,Dark,Clear,Yard,Freight Train,5,6108,19692,25800,T110,40.769603,-81.410043,38.8,32.9,37.8
CSX,000152198,9/19/2015,5:30 PM,Side collision,0,SELKIRK,NY,75,3,Dusk,Clear,Yard,Cut of cars,9,36000,50,36210,T305,42.566588,-73.852296,68.5,70.2,62.1
MNJ,MNJ00123,2/15/2023,10:30 AM,Derailment,0,MIDDLETOWN,NY,53,2,Day,Clear,Siding,Freight Train,5,2078,0,75641,T110,41.45805,-74.36639,41.5,47.7,51.0
MNCW,79089,2/15/2023,10:30 AM,Derailment,0,MIDDLETOWN,NY,53,2,Day,Clear,Siding,Freight Train,0,0,73563,75641,T110,41.45805,-74.36639,41.5,47.7,51.0
NJTR,201704133,4/14/2017,3:10 PM,Other (describe in narrative),0,NEW YORK NEW YORK,NY,60,2,Day,Clear,Main,Commuter Train - Pulling,50,15000,0,17000,T404,40.759086,-74.011438,56.7,56.0,57.5
WE,160042,4/12/2016,12:45 PM,Derailment,0,KENT,OH,65,2,Day,Clear,Main,Freight Train,0,0,6857,42561,T110,41.246653,-81.36565,51.5,40.4,41.0
CSX,000178370,8/23/2018,8:49 AM,Derailment,0,OREGON,OH,70,2,Day,Cloudy,Yard,Yard/switching,5,39841,2408,42249,T111,41.669446,-83.472782,68.0,67.6,68.5
BNSF,RD0518118,5/16/2018,10:00 PM,Derailment,0,DEL CITY,OK,75,4,Dark,Clear,Main,Freight Train,10,10000,0,314410,T401,35.498331,-97.184447,70.1,71.9,73.8
NS,136475,12/11/2019,2:10 PM,Derailment,0,BUFFALO,NY,19,2,Day,Snow,Yard,Freight Train,7,10064,2500,12564,T110,42.841783,-78.841835,37.7,23.5,22.7
NDW,NDW190911D,9/11/2019,10:20 AM,Broken train collision,0,NAPOLEON,OH,84,2,Day,Rain,Main,Yard/switching,3,33000,17500,50500,T319,41.241296,-84.063647,74.5,79.1,74.8
SKOL,210721003,7/21/2021,2:30 AM,Derailment,0,BARTLESVILLE,OK,64,4,Dark,Clear,Main,Freight Train,10,14515,1625,16140,T102,36.748077,-95.983508,75.9,74.3,76.2
CSX,000167102,2/27/2017,5:24 PM,Derailment,0,CLEVELAND,OH,42,3,Dusk,Cloudy,Yard,Yard/switching,7,24270,1176,25446,T311,41.571339,-81.55684,33.5,44.0,51.8
WE,180006,1/12/2018,6:15 PM,Derailment,0,AKRON,OH,10,4,Dark,Snow,Industry,Yard/switching,8,185000,4059,189059,T110,41.062727,-81.432548,55.9,41.5,16.7
NS,130226,7/16/2018,8:45 PM,Derailment,0,PAINTED POST,NY,72,4,Dark,Rain,Yard,Freight Train,7,46726,2527,49253,T207,42.140279,-77.116049,77.1,78.3,74.5
ATK,156482,11/25/2018,9:08 AM,Other (describe in narrative),0,NEW YORK -QUEENS,NY,50,2,Day,Cloudy,Main,Passenger Train - Pulling,30,13396,0,13396,T404,40.916471,-73.780112,39.8,50.5,48.7
NYA,91117,9/11/2017,5:15 PM,Derailment,0,NEW YORK -QUEENS,NY,70,2,Day,Clear,Yard,Yard/switching,7,1000,39200,40200,T319,40.707016,-73.889954,65.5,67.8,71.6
NS,128545,2/15/2018,4:07 PM,Derailment,0,ATTICA,NY,49,3,Dusk,Clear,Main,Freight Train,36,402302,2549657,2951959,T002,42.86514,-78.250142,37.7,46.1,34.6
CSX,000209444,1/23/2023,11:59 AM,Derailment,0,GREENWICH,OH,38,2,Day,Cloudy,Main,Freight Train,36,295058,39312,334370,T399,41.034678,-82.512009,30.0,29.9,30.2
CSX,000152198,9/19/2015,5:30 PM,Side collision,0,SELKIRK,NY,75,3,Dusk,Clear,Yard,Cut of cars,0,160,0,36210,T305,42.566588,-73.852296,68.5,70.2,62.1
ATK,171660,8/11/2022,12:33 PM,Other (describe in narrative),0,BALTIMORE,MD,85,2,Day,Cloudy,Main,Passenger Train - Pulling,24,0,13582,13582,T404,39.30617,-76.604168,80.2,78.8,77.0
UP,0118PD032,1/27/2018,4:30 AM,Other impacts,0,PORTLAND,OR,42,4,Dark,Clear,Yard,Cut of cars,0,2874,0,11826,T102,45.545287,-122.680817,43.8,47.9,50.8
NJTR,201509545,9/8/2015,12:41 PM,Other (describe in narrative),0,MADISON,NJ,92,2,Day,Clear,Main,Commuter Train - Pulling,40,60171,177,60348,T404,40.762117,-74.419022,77.2,82.9,80.1
ATK,166138,12/26/2020,6:40 AM,Derailment,0,RENSSELAER,NY,22,4,Dark,Cloudy,Yard,Yard/switching,5,14643,200,14843,T002,42.653061,-73.73927,51.4,27.8,28.0
NS,116377,7/4/2015,11:45 PM,Derailment,0,BELLEVUE,OH,58,4,Dark,Clear,Yard,Freight Train,7,19950,19873,39823,T313,41.273354,-82.834598,65.1,65.9,67.5
ATK,160521,8/4/2019,11:02 AM,Other (describe in narrative),0,NEW YORK,NY,85,2,Day,Clear,Main,Passenger Train - Pulling,15,15240,0,15240,T399,40.750488,-73.992945,78.4,77.4,75.7
BNSF,RD0320130,3/25/2020,4:35 PM,Derailment,0,OKLAHOMA CITY,OK,72,2,Day,Clear,Yard,Freight Train,8,13271,5000,18271,T001,35.374403,-97.480469,61.6,65.3,76.0
NS,113068,11/18/2014,6:30 AM,Derailment,0,MILAN,OH,10,1,Dawn,Clear,Siding,Freight Train,18,568050,217729,785779,T207,41.333904,-82.584374,26.1,13.6,22.4
NJTR,201811518,10/31/2018,9:30 AM,Derailment,0,LONG ISLAND CITY,NY,60,2,Day,Clear,Yard,Commuter Train - Pulling,0,24911,0,25661,T112,0.0,0.0,49.2,54.9,62.8
HRRC,0123,1/24/2023,9:05 AM,Derailment,0,NEW MILFORD,CT,35,2,Day,Cloudy,Main,Freight Train,10,0,105274,105274,T110,41.583691,-73.405971,34.9,35.4,34.8
CSX,000212721,8/4/2023,7:59 AM,Derailment,0,SCHENECTADY,NY,70,1,Dawn,Clear,Main,Freight Train,40,1216049,373707,1589756,T304,42.901544,-74.089915,69.1,69.3,69.4
CSX,000162687,9/6/2016,2:45 AM,Derailment,0,CINCINNATI,OH,76,4,Dark,Cloudy,Yard,Yard/switching,7,17881,4056,21937,T207,39.104289,-84.538797,72.7,76.6,77.6
NS,135918,10/22/2019,11:50 PM,Derailment,0,HUDSON,OH,48,4,Dark,Clear,Siding,Freight Train,4,700,19571,20271,T110,41.215341,-81.399255,60.7,59.6,51.0
NJTR,201509547,9/20/2015,9:20 PM,Derailment,0,KEARNY,NJ,70,4,Dark,Clear,Yard,Light loco(s),3,29200,4700,33900,T113,40.744363,-74.101131,73.3,72.3,65.5
APRR,07161601,7/12/2016,5:18 PM,Derailment,0,ALBANY,NY,88,2,Day,Clear,Yard,Freight Train,0,0,7228,62144,T303,42.630274,-73.763678,68.2,71.5,78.7
LI,72660,7/23/2020,10:38 AM,Derailment,0,RICHMOND HILL,NY,86,2,Day,Cloudy,Yard,Light loco(s),3,10000,5808,15808,T111,40.6977,-73.8179,81.3,79.6,76.6
BNSF,RD0718107,7/7/2018,5:55 PM,Derailment,0,ADA,OK,71,3,Dusk,Clear,Main,Freight Train,44,23547,173260,196807,T109,34.742944,-96.707409,81.2,79.5,79.1
SLWC,171024002,10/24/2017,9:00 AM,Derailment,0,TULSA,OK,55,2,Day,Clear,Main,Freight Train,7,0,0,208000,T110,36.158571,-95.985949,59.2,55.5,56.1
BNSF,RD0724118,7/16/2024,11:25 AM,Derailment,0,TULSA,OK,90,2,Day,Clear,Yard,Yard/switching,7,2327,98141,100468,T205,36.120498,-96.01132,90.0,87.8,80.1
NS,119302,2/10/2016,3:45 AM,Derailment,1,CINCINNATI,OH,14,4,Dark,Snow,Yard,Freight Train,8,189954,0,195704,T207,39.143378,-84.543969,22.6,17.0,19.1
NS,145253,5/12/2022,6:00 PM,Derailment,0,SPRINGFIELD,OH,80,3,Dusk,Clear,Main,Freight Train,40,1315447,621968,1937415,T199,39.922477,-83.85273,73.9,70.1,72.6
NS,114779,3/11/2015,6:00 PM,Derailment,0,MORAINE,OH,64,3,Dusk,Clear,Yard,Yard/switching,8,6000,6778,12778,T110,39.706191,-84.218683,45.0,46.2,41.7
CSX,000165959,1/13/2017,9:34 PM,Derailment,0,MIDDLETOWN,OH,34,4,Dark,Rain,Industry,Freight Train,5,14411,628,15039,T110,39.488503,-84.406031,55.8,34.9,35.1
GTW,925636,6/11/2017,6:25 PM,Derailment,0,TOLEDO,OH,83,3,Dusk,Clear,Main,Freight Train,0,0,9218,18618,T403,41.688147,-83.501606,77.4,80.8,82.6
GNBC,11302020G,11/30/2020,12:53 PM,Other impacts,0,CLINTON,OK,55,2,Day,Clear,Industry,Freight Train,3,0,68500,68500,T499,35.48473,-98.97464,41.4,33.9,39.2
WE,170047,4/8/2017,11:20 PM,Derailment,0,CARROLLTON,OH,30,4,Dark,Clear,Main,Light loco(s),6,493,15124,15617,T110,40.464307,-81.18765,36.4,42.7,55.3
SEPA,SEPA102021,10/20/2021,9:49 PM,Other (describe in narrative),0,PHILADELPHIA,PA,65,4,Dark,Clear,Main,EMU,50,0,16332,16332,T404,39.896524,-75.24056,56.9,64.5,64.5
CUOH,CUO550323R,9/27/2023,1:30 PM,Derailment,0,COLUMBUS,OH,70,2,Day,Cloudy,Yard,Freight Train,10,30000,0,56218,T101,39.9089,-82.98063,66.9,65.7,64.8
CSX,000201310,11/15/2021,7:14 AM,Derailment,0,CINCINNATI,OH,37,1,Dawn,Clear,Yard,Freight Train,10,97349,11601,108950,T207,39.149146,-84.544457,37.1,37.5,42.9
CSX,000139289,12/23/2014,5:45 AM,Derailment,0,NEW MIAMI,OH,50,4,Dark,Cloudy,Yard,Freight Train,9,29607,500,30107,T210,39.387969,-84.556712,39.2,52.0,50.4
CPKC,1001906306,5/30/2023,4:55 PM,Derailment,0,BALFOUR,ND,85,2,Day,Clear,Main,Freight Train,58,321431,13081,334512,T001,47.963853,-100.584326,67.1,69.4,67.7
LSI,73205,5/12/2024,9:00 AM,Derailment,0,PALMER,MI,60,2,Day,Cloudy,Industry,Freight Train,1,17113,30570,47683,T399,46.437798,-87.65739,44.6,54.8,44.3
CSX,000213783,9/27/2023,1:30 PM,Derailment,0,COLUMBUS,OH,66,2,Day,Cloudy,Yard,Cut of cars,0,4992,21226,56218,T101,39.972311,-83.021134,66.9,65.7,64.8
BNSF,HL0823110,8/18/2023,3:15 PM,Derailment,0,MUSKOGEE,OK,90,2,Day,Clear,Industry,Freight Train,7,11094,4500,15594,T110,35.738733,-95.293616,77.8,82.0,86.1
UP,0123GL009,1/1/2023,9:05 AM,Derailment,0,CLINTON,IA,29,2,Day,Fog,Yard,Yard/switching,4,3365,30000,33365,T202,41.812352,-90.231761,28.2,34.0,35.1
TSU,212018,10/29/2018,1:05 PM,Derailment,0,TULSA,OK,75,2,Day,Clear,Main,Freight Train,7,3000,15000,18000,T111,36.067392,-95.98643,61.6,61.6,68.5
MNCW,76074,12/3/2021,4:08 PM,Derailment,0,CROTON ON HUDSON,NY,44,2,Day,Cloudy,Yard,Commuter Train - Pulling,10,83556,253669,337225,T110,41.186217,-73.881058,49.5,40.9,37.8
NJTR,202307281,6/24/2023,5:59 PM,Other (describe in narrative),0,NEW YORK NEW YORK,NY,77,2,Day,Clear,Main,EMU,5,13750,0,14825,T404,40.750735,-73.994362,67.9,73.1,75.9
CSX,000194270,12/4/2020,7:31 PM,Derailment,0,CLEVELAND,OH,40,3,Dusk,Cloudy,Yard,Freight Train,2,13023,263,13286,T101,41.571338,-81.55684,37.1,43.1,39.6
UP,0616PD004,6/6/2016,12:10 AM,Derailment,0,PORTLAND,OR,73,4,Dark,Clear,Yard,Yard/switching,4,7587,5062,12649,T316,45.592656,-122.712302,80.8,75.9,72.7
NS,139888,12/2/2020,5:15 AM,Derailment,1,MOSELLE,MS,25,1,Dawn,Clear,Main,Freight Train,42,1602044,643320,2245364,T207,31.511501,-89.275444,37.0,41.0,54.5
NYA,062017,6/20/2017,11:51 AM,Derailment,0,MEDFORD,NY,70,2,Day,Clear,Industry,Freight Train,7,3500,10000,13500,T205,40.807464,-73.045768,72.7,74.0,74.4
CSX,000181409,2/17/2019,1:06 PM,Derailment,0,WILLARD,OH,48,2,Day,Clear,Yard,Freight Train,8,172960,11412,184372,T110,41.063277,-82.74352,23.5,26.1,23.4
CSX,000186618,11/16/2019,3:13 PM,Derailment,0,NIAGARA FALLS,NY,26,3,Dusk,Cloudy,Yard,Freight Train,8,324402,4000,328402,T207,43.118651,-78.996528,32.4,24.4,29.1
CSX,000219207,7/11/2024,2:25 AM,Derailment,0,CINCINNATI,OH,68,4,Dark,Cloudy,Yard,Yard/switching,5,91143,11806,102949,T202,39.11178,-84.53847,74.4,76.5,77.6
CWRO,201819,4/1/2018,12:30 PM,Derailment,0,CLEVELAND,OH,37,2,Day,Clear,Industry,Yard/switching,5,20000,7000,27000,T399,41.4647,-81.6713,43.6,36.4,35.1
NS,128609,2/22/2018,1:48 PM,Derailment,0,BELLEVUE,OH,36,2,Day,Cloudy,Yard,Yard/switching,3,53000,28720,81720,T301,41.288306,-82.801342,46.3,33.5,45.6
PW,PWR366117R,7/14/2017,3:30 AM,Derailment,0,NEW YORK -BRONX,NY,68,4,Dark,Cloudy,Yard,Freight Train,10,47898,0,50249,T311,40.804147,-73.908687,83.4,68.5,75.2
UP,0317NP042,3/27/2017,12:14 PM,Derailment,0,GLENVIL,NE,45,2,Day,Cloudy,Yard,Yard/switching,4,80596,11255,91851,T111,40.539155,-98.304143,43.5,45.9,44.0
NS,136542,12/17/2019,3:55 AM,Derailment,0,OWEGO,NY,28,4,Dark,Snow,Industry,Freight Train,7,0,13098,13098,T314,42.105607,-76.274853,25.0,26.9,20.2
CSX,000218439,6/1/2024,5:26 PM,Derailment,0,WEST MANSFIELD,OH,77,2,Day,Cloudy,Main,Freight Train,42,1109351,378940,1488291,T001,40.41309,-83.548826,61.9,66.3,66.2
NJTR,201809465,9/7/2018,11:35 PM,Other (describe in narrative),0,WEEHAWKEN,NJ,60,4,Dark,Clear,Main,Commuter Train - Pushing,60,62155,0,260570,T404,40.771555,-74.042015,82.1,73.6,67.6
BNSF,RD1022119,10/19/2022,7:40 PM,Derailment,0,MOORE,OK,52,3,Dusk,Clear,Yard,Yard/switching,8,126400,0,451711,T199,35.368846,-97.484095,47.2,48.0,57.4
BNSF,RD0521106,5/7/2021,7:15 AM,Derailment,0,DAVIS,OK,75,1,Dawn,Clear,Industry,Freight Train,5,13893,1500,15393,T311,34.490392,-97.120407,66.1,67.0,73.6
NS,156024,3/12/2024,4:00 PM,Derailment,0,CLEVELAND,OH,56,3,Dusk,Clear,Yard,Freight Train,10,5450,21022,26472,T110,41.463151,-81.677747,43.7,58.2,58.8
WE,150045,3/26/2015,3:45 PM,Derailment,0,BREWSTER,OH,37,2,Day,Rain,Yard,Yard/switching,9,3160,13427,16587,T314,40.714067,-81.605619,46.6,41.0,29.2
SLWC,240531001,5/31/2024,8:30 AM,Derailment,0,OKLAHOMA CITY,OK,70,2,Day,Clear,Yard,Yard/switching,9,10000,55000,65000,T001,35.45576,-97.50001,71.2,69.8,74.9
SKOL,170517002,5/17/2017,2:45 PM,Derailment,0,TULSA,OK,80,2,Day,Clear,Yard,Freight Train,0,0,8406,13356,T110,36.162208,-95.984618,75.8,75.1,76.8
LI,81840,2/8/2024,3:20 PM,Derailment,0,RICHMOND HILL,NY,35,2,Day,Cloudy,Yard,Yard/switching,3,9261,7593,16854,T499,40.696958,-73.820267,38.7,41.6,44.6
SKOL,160602005,6/2/2016,7:30 AM,Derailment,0,TULSA,OK,75,1,Dawn,Clear,Main,Freight Train,0,0,40000,52592,T110,36.160462,-95.984322,73.4,72.9,73.5
CSX,000155419,12/21/2015,4:30 PM,Derailment,0,WALBRIDGE,OH,46,3,Dusk,Cloudy,Yard,Yard/switching,4,19599,0,51958,T305,41.573731,-83.513595,33.5,46.7,48.8
CWRO,201841,8/31/2018,9:00 AM,Derailment,0,CLEVELAND,OH,70,2,Day,Clear,Industry,Yard/switching,4,8000,6000,14000,T113,41.4684,-81.6761,71.2,70.4,77.8
BNSF,RD0918133,9/22/2018,9:41 AM,Derailment,0,REDROCK,OK,60,2,Day,Clear,Industry,Freight Train,4,87209,0,87209,T314,36.454765,-97.073724,68.5,65.4,67.4
MNCW,2015122605,12/26/2015,8:30 AM,Derailment,0,NEW YORK NEW YORK,NY,49,2,Day,Clear,Main,EMU,8,10281,21119,31400,T111,40.752726,-73.977229,60.2,52.5,52.9
BNSF,HL0223103,2/3/2023,8:55 AM,Derailment,0,CLAREMORE,OK,23,1,Dawn,Clear,Industry,Freight Train,4,107520,14000,121520,T110,36.232089,-95.714397,31.3,32.4,44.2
CSX,000181683,3/6/2019,1:40 AM,Derailment,0,SELKIRK,NY,8,4,Dark,Clear,Yard,Yard/switching,7,65598,13833,79431,T310,42.565903,-73.854184,18.6,15.4,15.0
ATK,152506,3/28/2018,11:34 PM,Derailment,0,ENFIELD,NC,62,4,Dark,Clear,Main,Passenger Train - Pulling,70,63944,0,64332,T207,36.162475,-77.68723,38.7,57.2,66.9
TSU,92019,7/18/2019,3:00 PM,Derailment,0,JENKS,OK,94,2,Day,Clear,Siding,Freight Train,5,1390,12000,13390,T109,35.972379,-95.921207,89.5,88.3,88.2
AB,DR20001,7/22/2020,8:39 AM,Derailment,0,AKRON,OH,85,2,Day,Cloudy,Industry,Freight Train,7,21700,35570,57270,T110,41.025044,-81.540307,78.9,77.2,76.6
NS,140204,1/8/2021,4:30 AM,Derailment,0,FOSTORIA,OH,24,1,Dawn,Clear,Yard,Yard/switching,5,20000,9634,29634,T317,41.171685,-83.356644,34.9,31.0,31.1
NYSW,102917A,10/29/2017,10:15 AM,Derailment,0,BINGHAMTON,NY,45,2,Day,Rain,Yard,Freight Train,10,40082,0,63808,T110,42.104041,-75.90942,53.6,46.6,42.1
NJTR,202407359,6/18/2024,6:21 AM,Other (describe in narrative),0,NEW YORK NEW YORK,NY,70,2,Day,Clear,Main,Commuter Train - Pushing,10,13392,0,21022,T404,40.750778,-73.995155,74.8,78.8,79.0