reportingrailroadcode,accidentnumber,date,time,accidenttype,hazmatreleasedcars,station,stateabbr,temperature,visibility_code,visibility,weathercondition,tracktype,equipmenttype,trainspeed,equipmentdamagecost,trackdamagecost,totaldamagecost,primaryaccidentcausecode,latitude,longitude,prior_temp,actual_temp,following_temp
CBR,CBR0317001,3/26/2017,8:30 PM,Derailment,0,WALTON,OR,50,4,Dark,Clear,Main,Freight Train,9,100000,25000,125000,T110,43.999372,-123.632337,47.7,47.4,47.8
FGLK,12042023,12/4/2023,10:45 AM,Derailment,0,WATKINS GLEN,NY,40,2,Day,Cloudy,Industry,Freight Train,5,0,61048,61048,T110,42.404609,-76.887525,44.1,41.0,34.0
LI,EQ20160802,8/20/2016,2:19 AM,Derailment,0,JAMAICA,NY,79,4,Dark,Clear,Yard,Passenger Train - Pushing,5,6947,21582,28529,T314,40.698022,-73.815798,80.2,78.5,80.0
UP,0919PR012,9/14/2019,3:30 PM,Derailment,0,NORTHLAKE,IL,80,2,Day,Clear,Yard,Freight Train,8,10670,800,11470,T204,41.89829,-87.899164,70.8,68.8,70.7
KAW,210710001,7/10/2021,12:45 AM,Derailment,0,NORTH KANSAS CITY,MO,78,4,Dark,Clear,Yard,Freight Train,0,0,76000,107257,T001,39.123422,-94.57738,81.8,74.9,68.7
KRR,KRR070616D,9/1/2016,9:20 AM,Derailment,0,HUGO,OK,80,2,Day,Cloudy,Main,Freight Train,2,20000,15500,35500,T103,34.03928,-95.524492,82.9,76.5,76.5
LI,76562,2/15/2022,3:55 PM,Derailment,0,RICHMOND HILL,NY,28,2,Day,Clear,Yard,Passenger Train - Pulling,5,45257,32678,77935,T111,40.69698,-73.82169,21.7,23.6,36.9
CSX,000138669,12/10/2014,4:30 PM,Derailment,0,KENMORE,NY,28,3,Dusk,Clear,Yard,Yard/switching,7,18510,1000,19510,T311,42.982634,-78.887938,37.8,29.1,25.3
BNSF,SW0918103,9/3/2018,5:50 PM,Derailment,0,RINCON,NM,87,3,Dusk,Clear,Main,Freight Train,12,31000,992087,1023087,T110,32.526002,-106.982142,71.6,71.8,74.5
UP,0818PD011,8/10/2018,12:05 AM,Derailment,0,KLAMATH FALLS,OR,88,4,Dark,Cloudy,Yard,Freight Train,3,134712,13386,148098,T310,42.205594,-121.770998,74.4,73.1,72.5
WE,170100,9/2/2017,11:35 AM,Derailment,0,CANTON,OH,68,2,Day,Clear,Yard,Yard/switching,3,15776,7576,23352,T110,40.76733,-81.411775,58.5,58.7,65.3
CCET,CCET0124,7/11/2024,4:51 PM,Derailment,0,EASTWOOD,OH,91,1,Dawn,Clear,Main,Freight Train,10,100000,100000,200000,T110,39.046098,-83.972634,73.6,75.9,77.2
WE,160110,12/24/2016,7:00 AM,Derailment,0,MINGO JUNCTION,OH,45,1,Dawn,Rain,Yard,Freight Train,8,19743,74119,93862,T101,40.31577,-80.602145,34.3,42.1,37.5
WE,170026,3/2/2017,9:30 AM,Derailment,0,MEDINA,OH,30,2,Day,Clear,Yard,Yard/switching,2,999,13223,14222,T110,41.138917,-81.888283,52.8,30.7,25.0
CRSH,116614,7/20/2015,1:00 AM,Derailment,0,NEWARK,NJ,88,4,Dark,Clear,Yard,Single Car,3,24122,0,70063,T305,40.713668,-74.142477,86.6,88.7,83.9
UP,0715NP017,7/19/2015,10:50 AM,Derailment,0,BIG SPRINGS,NE,90,2,Day,Clear,Main,Freight Train,40,180839,163777,344616,T499,41.030523,-102.180821,73.6,71.8,73.4
CSX,000175393,3/24/2018,10:53 AM,Derailment,0,LIMA,OH,36,2,Day,Clear,Yard,Cut of cars,0,3833,0,196239,T311,40.745354,-84.101095,33.6,31.3,31.8
LI,81591,1/6/2024,12:44 AM,Derailment,0,RICHMOND HILL,NY,33,4,Dark,Clear,Yard,Light loco(s),8,146149,0,146149,T399,40.696745,-73.819851,32.0,34.0,37.0
NS,135603,9/23/2019,8:10 PM,Derailment,0,BELLEVUE,OH,66,4,Dark,Clear,Yard,Yard/switching,4,25178,4679,29857,T311,41.288306,-82.801342,77.5,71.8,64.2
CSX,000169550,6/11/2017,6:25 PM,Derailment,0,TOLEDO,OH,83,3,Dusk,Clear,Main,Yard/switching,7,8749,651,18618,T311,41.688146,-83.501606,77.4,80.8,82.6
SW,SWC050515D,5/5/2015,1:15 PM,Derailment,0,ROSWELL,NM,67,2,Day,Cloudy,Industry,Freight Train,3,2741,8703,11444,T001,33.3872,-104.5281,64.1,63.7,66.3
NJTR,201901024,12/4/2018,11:48 PM,Other (describe in narrative),0,NEW YORK NEW YORK,NY,45,4,Dark,Clear,Main,Commuter Train - Pulling,0,62479,0,62479,T499,40.750281,-73.994155,52.4,38.4,32.6
NS,155998,3/10/2024,11:10 AM,Derailment,0,BELLEVUE,OH,35,2,Day,Cloudy,Yard,Cut of cars,4,604760,29314,634074,T207,41.291944,-82.784809,47.0,34.0,40.4
CSX,000181808,3/13/2019,9:56 PM,Derailment,0,CINCINNATI,OH,60,4,Dark,Clear,Yard,Yard/switching,3,72217,14296,86513,T102,37.850351,-84.256836,38.6,52.3,62.8
WE,150048,3/28/2015,9:38 AM,Derailment,0,COLLINS,OH,20,2,Day,Clear,Yard,Yard/switching,9,240249,26771,267020,T210,41.211986,-82.495861,26.9,20.4,31.4
NS,139807,11/22/2020,9:50 AM,Derailment,0,BELLEVUE,OH,41,2,Day,Rain,Yard,Freight Train,4,65028,108059,173087,T207,41.288306,-82.801342,43.9,38.6,38.6
BNSF,RD1217117,12/24/2017,10:10 PM,Derailment,0,TULSA,OK,30,4,Dark,Clear,Yard,Yard/switching,10,12000,156610,168610,T207,36.118949,-96.013286,31.1,32.4,32.1
ATK,140587,12/9/2015,1:05 PM,Other (describe in narrative),0,LONG ISLAND CITY,NY,50,2,Day,Cloudy,Yard,Light loco(s),0,0,75000,75000,T404,40.741221,-73.955983,44.1,47.5,55.0
BNSF,RD0122112,1/11/2022,10:29 AM,Derailment,0,TULSA,OK,45,2,Day,Clear,Main,Freight Train,9,9817,29500,39317,T316,36.142031,-96.006776,34.9,44.0,45.9
NJTR,201808409,8/15/2018,3:15 PM,Derailment,0,LONG ISLAN,NY,87,2,Day,Clear,Yard,Commuter Train - Pulling,13,51591,0,53091,T110,40.748943,-73.933728,75.7,80.3,84.3
BNSF,RD0323122,3/21/2023,8:48 PM,Derailment,0,TULSA,OK,50,3,Dusk,Clear,Industry,Light loco(s),7,2000,16849,18849,T403,36.1889,-95.812691,45.7,50.1,70.6
BNSF,RD0620109,6/13/2020,1:55 AM,Derailment,1,WYNNEWOOD,OK,75,4,Dark,Clear,Main,Freight Train,55,786670,390000,1176670,T315,34.642453,-97.171975,73.9,77.5,78.3
UP,1115FW006,11/7/2015,10:30 AM,Derailment,0,STRINGTOWN,OK,63,2,Day,Clear,Industry,Cut of cars,0,0,0,23578,T202,34.476458,-96.05022,59.4,56.2,50.9
BNSF,KS0121115,1/29/2021,2:35 AM,Derailment,0,DODGE CITY,KS,34,4,Dark,Cloudy,Yard,Freight Train,10,150556,28000,178556,T202,37.75214,-100.024078,28.8,40.8,39.8
CSX,000171832,9/25/2017,7:15 PM,Derailment,0,EAST SYRACUSE,NY,80,3,Dusk,Clear,Yard,Yard/switching,7,53345,7928,61273,T110,43.067112,-76.048421,73.3,74.0,73.8
ATK,177617,6/24/2023,7:59 AM,Other (describe in narrative),0,NEW YORK,NY,77,2,Day,Clear,Main,EMU,0,0,1075,1075,T404,40.75078,-73.994255,67.9,73.1,75.9
CSX,000174443,2/10/2016,3:45 AM,Derailment,0,CINCINNATI,OH,17,4,Dark,Cloudy,Main,Freight Train,0,0,5750,195704,T207,39.137486,-84.546277,22.6,17.0,19.1
BNSF,RD1022119,10/19/2022,7:40 PM,Derailment,0,MOORE,OK,52,3,Dusk,Clear,Yard,Single Car,0,15800,309511,451711,T199,35.368846,-97.484095,47.2,48.0,57.4
NS,127222,10/29/2017,10:15 AM,Derailment,0,BINGHAMTON,NY,72,2,Day,Rain,Yard,Freight Train,0,0,23726,63808,T110,42.104041,-75.90942,53.6,46.6,42.1
SLWC,210717003,7/17/2021,1:00 AM,Derailment,0,OKLAHOMA CITY,OK,75,4,Dark,Clear,Yard,Freight Train,10,4655,14993,19648,T314,35.453825,-97.489027,81.0,78.4,79.2
NS,135450,9/11/2019,8:15 AM,Derailment,0,BELLEVUE,OH,83,2,Day,Clear,Yard,Freight Train,9,9436,41365,50801,T311,41.28004,-82.877383,73.9,78.0,71.7
UP,1214LV018,12/28/2014,5:45 PM,Derailment,0,ALEXANDRIA,LA,50,4,Dark,Rain,Yard,Freight Train,5,3679,252067,256992,T207,31.251786,-92.434819,61.9,48.1,46.1
CSX,000163007,9/18/2016,11:10 AM,Derailment,0,BRATENAHL,OH,82,2,Day,Clear,Yard,Freight Train,4,16237,516,16753,T110,41.571339,-81.55684,74.2,72.6,72.0
BNSF,HL0421126,4/21/2021,5:01 PM,Derailment,0,CATOOSA,OK,50,3,Dusk,Clear,Yard,Freight Train,3,7700,68500,76200,T110,36.236583,-95.687174,41.7,46.2,50.7
CSX,000188953,3/7/2020,5:31 PM,Derailment,0,WILLARD,OH,41,3,Dusk,Clear,Yard,Freight Train,4,13224,2896,16120,T207,41.063277,-82.74352,34.9,33.5,46.1
BNSF,KS1223107,12/9/2023,1:03 PM,Derailment,0,ALVA,OK,55,2,Day,Clear,Main,Freight Train,50,41250,365123,406373,T314,36.825132,-98.638911,49.2,42.4,35.5
UP,1215KC004,12/2/2015,1:00 PM,Derailment,0,HOOKER,OK,48,2,Day,Clear,Industry,Light loco(s),4,2703,7887,10590,T001,36.855509,-101.216187,33.7,38.0,37.1
SLWC,230201008,2/1/2023,9:30 PM,Derailment,0,LAWTON,OK,30,4,Dark,Sleet,Yard,Freight Train,7,17754,15000,32754,T113,34.606911,-98.525813,23.8,26.8,34.0
NJTR,202202096,2/2/2022,3:04 PM,Other (describe in narrative),0,LONG ISLAND CITY,NY,72,2,Day,Clear,Main,Commuter Train - Pushing,10,22118,0,82698,T404,40.7506,-73.9935,30.1,38.3,45.1
ATK,156483,11/25/2018,7:08 AM,Other (describe in narrative),0,NEW YORK -QUEENS,NY,50,1,Dawn,Cloudy,Main,Passenger Train - Pulling,30,13396,13769,27165,T404,41.031248,-73.592824,39.8,50.5,48.7
NJTR,202206237,5/26/2022,6:35 AM,Other (describe in narrative),0,NEW YORK NEW YORK,NY,51,1,Dawn,Clear,Main,EMU,5,16318,0,26033,T404,40.754507,-74.003118,60.8,62.7,69.4
FGLK,11152018,11/15/2018,9:30 AM,Derailment,0,SENNETT,NY,26,2,Day,Clear,Industry,Freight Train,8,0,12975,12975,T106,42.958211,-76.553962,26.3,23.8,31.1
IORY,IOR162122D,8/11/2022,11:30 PM,Derailment,0,CLEVES,OH,65,4,Dark,Clear,Main,Freight Train,9,74400,0,97200,T314,39.169739,-84.774531,75.5,72.6,69.2
ASRY,D161104,11/4/2016,5:00 PM,Derailment,0,SHELBY,OH,54,2,Day,Clear,Main,Freight Train,10,60682,78347,139029,T210,40.86958,-82.649434,58.6,48.7,47.6
CSX,000202036,12/23/2021,10:22 PM,Derailment,0,COLUMBIA STATION,OH,36,4,Dark,Cloudy,Industry,Freight Train,7,60743,1096,61839,T110,41.311591,-81.987404,31.1,31.8,49.6
UP,0416FW003,4/3/2016,12:27 PM,Derailment,0,MCALESTER,OK,67,2,Day,Clear,Siding,Freight Train,25,7693,5620,13313,T101,34.858857,-95.821158,51.9,60.5,68.2
CFE,CFE649718D,5/3/2018,5:48 AM,Derailment,0,COLUMBIA CITY,IN,72,4,Dark,Rain,Siding,Freight Train,4,11487,10100,21587,T103,41.118146,-85.356937,72.4,67.9,65.0
LSI,67399,8/5/2017,9:30 AM,Derailment,0,PALMER,MI,60,2,Day,Clear,Industry,Yard/switching,5,0,21157,21157,T205,46.438312,-87.660368,58.4,60.5,57.6
NS,135887,10/18/2019,1:45 AM,Derailment,0,MIDDLETOWN,OH,55,4,Dark,Clear,Industry,Freight Train,4,25028,0,25028,T110,39.499182,-84.394336,48.5,45.4,50.8
NJTR,201909509,1/23/2019,7:57 AM,Other (describe in narrative),0,NEW YORK NEW YORK,NY,32,2,Day,Clear,Main,Commuter Train - Pulling,5,10501,0,11065,T404,40.750592,-73.993538,22.0,38.0,50.2
LI,70609,9/27/2019,11:25 AM,Derailment,0,HOLLIS,NY,73,2,Day,Clear,Siding,Yard/switching,3,0,100229,100229,T111,40.703975,-73.774953,69.4,66.8,71.2
UP,1016KC003,10/6/2016,1:30 PM,Derailment,0,KANSAS CITY,KS,78,2,Day,Clear,Industry,Yard/switching,1,863,46666,47529,T110,39.127124,-94.604389,69.8,70.3,54.6
ATK,154300,7/16/2018,1:10 PM,Obstruction,0,CROWN POINT,NY,92,2,Day,Clear,Main,Passenger Train - Pulling,49,26677,0,26785,T499,43.961136,-73.41346,76.6,76.3,73.8
CSX,000155196,12/14/2015,7:15 PM,Derailment,0,ROSSFORD,OH,47,3,Dusk,Cloudy,Yard,Yard/switching,4,11167,1000,12167,T110,41.607998,-83.553451,60.9,55.8,43.9
LI,81154,11/28/2023,8:30 AM,Derailment,0,RICHMOND HILL,NY,39,2,Day,Clear,Main,Yard/switching,6,0,38190,38190,T111,40.69674,-73.81929,46.8,35.5,32.5
CSX,000172810,11/12/2017,12:15 PM,Derailment,0,MINOA,NY,45,2,Day,Cloudy,Yard,Yard/switching,4,10139,4100,14239,T311,43.073129,-76.009856,23.3,32.1,35.8
CSX,000198545,6/30/2021,6:20 AM,Derailment,0,CLEVELAND,OH,80,2,Day,Clear,Yard,Yard/switching,7,34618,12091,46709,T210,41.571338,-81.55684,81.1,76.1,73.3
BNSF,RD0219108,2/7/2019,2:52 PM,Derailment,0,TULSA,OK,25,2,Day,Clear,Yard,Yard/switching,9,41359,5000,46359,T103,36.117838,-96.013404,35.3,24.9,21.8
BNSF,TC0419107,4/15/2019,11:45 PM,Derailment,0,FRIDLEY,MN,55,4,Dark,Clear,Yard,Yard/switching,4,37111,11000,48111,T207,45.049859,-93.273002,35.5,41.6,51.6
BNSF,CH1223104,12/11/2023,1:20 AM,Derailment,0,GALESBURG,IL,22,4,Dark,Clear,Yard,Yard/switching,6,32662,3000,35662,T201,40.903795,-90.385375,27.2,29.0,31.7
CCRL,0102162016,2/16/2016,2:05 AM,Derailment,0,BEDFORD,OH,30,4,Dark,Clear,Main,Freight Train,5,1500,95000,96500,T202,41.388684,-81.533534,26.9,31.5,28.5
WE,160106,12/13/2016,8:00 AM,Derailment,0,CANTON,OH,32,2,Day,Clear,Yard,Yard/switching,5,169842,11564,181406,T110,40.817967,-81.313471,33.9,26.7,18.2
LI,74159,3/1/2021,9:00 AM,Derailment,0,BROOKLYN,NY,42,2,Day,Fog,Yard,EMU,5,135669,1500,137169,T312,40.681362,-73.969294,42.6,42.5,28.7
NS,134260,6/10/2019,4:20 AM,Derailment,0,DAYTON,IN,72,1,Dawn,Rain,Yard,Freight Train,7,34143,17982,52125,T110,40.374415,-86.831992,70.3,67.9,65.4
MNCW,77571,7/16/2022,3:13 PM,Derailment,0,NEW YORK NEW YORK,NY,76,2,Day,Cloudy,Main,EMU,10,116687,30484,147171,T399,40.752655,-73.977295,77.9,75.5,77.5
MNCW,2016081524,8/15/2016,8:45 PM,Other (describe in narrative),0,RYE,NY,80,4,Dark,Clear,Main,EMU,50,35698,950,36648,T404,40.98861,-73.675055,82.9,80.5,80.0
CSX,000216020,2/6/2024,11:23 PM,Derailment,0,WALBRIDGE,OH,30,4,Dark,Clear,Yard,Freight Train,5,19119,8902,28021,T403,41.589911,-83.496929,33.6,36.2,37.8
ATK,162831,1/22/2020,12:26 AM,Other (describe in narrative),0,TRENTON,NJ,20,4,Dark,Clear,Main,Passenger Train - Pulling,90,17618,2000,19618,T404,40.255616,-74.703804,24.9,27.3,32.1
POCA,110215,11/2/2015,3:45 PM,Derailment,0,CLAREMORE,OK,70,2,Day,Clear,Yard,Yard/switching,4,13500,13900,27400,T108,36.244163,-95.738765,53.3,57.7,58.9
CSX,000176211,5/5/2018,3:20 AM,Derailment,0,BUFFALO,NY,51,4,Dark,Clear,Yard,Yard/switching,3,86654,500,87154,T111,42.901973,-78.773441,61.0,58.3,61.5
BNSF,RD0823124,8/18/2023,4:55 PM,Derailment,0,MOORE,OK,98,2,Day,Clear,Main,Freight Train,32,679884,487282,1167166,T109,35.315701,-97.483997,82.4,83.8,89.5
CIND,CIN162222O,8/11/2022,11:30 PM,Derailment,0,CLEVES,OH,65,4,Dark,Clear,Main,Freight Train,0,0,22800,97200,T314,39.169739,-84.774531,75.5,72.6,69.2
MSTR,MST813821R,6/25/2021,8:30 AM,Derailment,0,MASSENA,NY,60,2,Day,Clear,Industry,Yard/switching,5,9264,27011,36275,T311,44.947519,-74.879234,66.4,70.6,70.6
FGLK,12072022,12/7/2022,4:03 PM,Derailment,0,STARKEY,NY,48,3,Dusk,Rain,Yard,Freight Train,10,0,43482,43482,T110,42.569547,-76.944378,42.3,46.4,40.0
CSX,000196468,3/20/2021,3:40 AM,Derailment,0,EAST SYRACUSE,NY,21,4,Dark,Clear,Yard,Freight Train,12,29112,4000,33112,T207,43.067112,-76.048421,29.3,38.5,44.9
FGLK,12082021,12/8/2021,12:27 PM,Derailment,0,SENECA FALLS,NY,32,2,Day,Cloudy,Industry,Freight Train,4,0,24379,24379,T110,42.920924,-76.783997,30.0,28.0,27.7
ATK,175818,6/24/2023,5:59 PM,Other (describe in narrative),0,NEW YORK,NY,77,2,Day,Clear,Main,EMU,0,0,1075,14825,T404,40.750735,-73.994362,67.9,73.1,75.9
WE,170089,8/15/2017,7:50 PM,Derailment,0,RAYLAND,OH,75,4,Dark,Clear,Yard,Yard/switching,5,16112,21235,37347,T314,40.208862,-80.67064,68.2,74.3,74.1
BNSF,KS1219117,12/30/2019,7:02 AM,Derailment,0,TOPEKA,KS,25,1,Dawn,Cloudy,Yard,Light loco(s),4,27196,500,27696,T210,39.055263,-95.660309,38.6,34.4,34.5
KRR,831718D,10/27/2018,9:47 AM,Derailment,0,HUGO,OK,68,2,Day,Clear,Yard,Freight Train,6,150000,5000,155000,T210,34.0143,-95.530244,57.2,62.3,66.6
WE,230086,12/1/2023,3:15 PM,Derailment,0,MINGO JUNCTION,OH,46,2,Day,Rain,Yard,Yard/switching,7,0,27802,27802,T110,40.313812,-80.615075,42.9,47.5,54.3
WE,180113,11/10/2018,5:00 AM,Derailment,0,MASSILLON,OH,38,1,Dawn,Rain,Yard,Yard/switching,10,191652,47165,238817,T110,40.753125,-81.505422,37.0,28.4,32.3
NS,116136,6/19/2015,4:53 AM,Derailment,0,BINGHAMTON,NY,57,4,Dark,Clear,Yard,Freight Train,9,299,0,16708,T110,42.106515,-75.895617,64.0,65.6,61.0
NS,120677,5/28/2016,3:55 PM,Derailment,0,MANSFIELD,OH,81,2,Day,Clear,Yard,Freight Train,4,19200,400,19600,T110,40.764695,-82.510052,74.3,73.9,71.7
DMVW,DE60920,6/9/2020,8:35 AM,Derailment,0,NAPOLEON,ND,55,2,Day,Cloudy,Main,Freight Train,10,11293,5000,16293,T001,46.324521,-99.555585,69.8,61.5,60.2
NJTR,202004168,3/13/2020,6:56 PM,Other (describe in narrative),0,NEW YORK NEW YORK,NY,50,4,Dark,Cloudy,Main,Commuter Train - Pulling,0,78383,0,78383,T404,40.752052,-73.995976,46.1,55.8,48.9
ATK,156477,11/25/2018,8:22 AM,Other (describe in narrative),0,NEW YORK -QUEENS,NY,50,1,Dawn,Cloudy,Main,Passenger Train - Pulling,30,11497,0,11497,T404,41.295285,-72.928377,39.8,50.5,48.7
NS,152673,3/30/2023,4:08 PM,Derailment,0,AMSDEN,OH,50,3,Dusk,Clear,Yard,Freight Train,9,9750,12205,21955,T207,41.177814,-83.339108,39.8,37.3,52.5
GRS,20220603W1,6/3/2022,4:25 PM,Derailment,0,SCHAGHTICOKE,NY,80,2,Day,Clear,Main,Freight Train,25,25000,191000,216000,T106,42.88584,-73.63506,69.5,69.0,65.5
LI,81645,1/15/2024,6:20 AM,Derailment,0,RICHMOND HILL,NY,40,1,Dawn,Cloudy,Yard,Yard/switching,2,8732,4487,13219,T499,40.698143,-73.823809,35.0,26.7,27.9
SLWC,240330001,3/30/2024,2:30 PM,Derailment,0,DAVENPORT,OK,69,2,Day,Clear,Main,Freight Train,27,1101000,150000,1251000,T204,35.724586,-96.721464,64.2,67.2,68.2
BNSF,RD1017126,10/27/2017,11:30 AM,Derailment,0,TULSA,OK,41,2,Day,Cloudy,Yard,Freight Train,4,11250,34000,45250,T207,36.115965,-96.014059,65.7,45.1,40.2
UP,1214LV018,12/28/2014,5:45 PM,Derailment,0,ALEXANDRIA,LA,50,4,Dark,Rain,Yard,Light loco(s),0,1246,0,256992,T207,31.251786,-92.434819,61.9,48.1,46.1
NJTR,201510584,10/21/2015,1:00 AM,Other (describe in narrative),0,NEW YORK NEW YORK,NY,60,4,Dark,Clear,Main,EMU,4,34704,0,35704,T404,40.752117,-73.997657,57.9,64.7,65.9
NS,118320,11/22/2015,7:00 PM,Derailment,0,MINGO JUNCTION,OH,25,3,Dusk,Clear,Yard,Yard/switching,4,56000,5000,66625,T210,40.310309,-80.610637,44.7,32.9,29.1
CSX,000181559,2/25/2019,7:30 PM,Derailment,0,GIRARD,OH,27,4,Dark,Clear,Yard,Freight Train,10,31100,19720,50820,T001,41.138513,-80.702714,41.0,25.2,22.3
NS,116832,8/4/2015,3:45 PM,Derailment,0,BALLSTON SPA,NY,80,2,Day,Clear,Main,Freight Train,21,120000,0,498674,T109,43.02788,-73.83213,74.5,72.5,69.2
CSX,000209501,1/26/2023,9:33 PM,Derailment,0,EUCLID,OH,29,4,Dark,Snow,Yard,Freight Train,10,275552,19565,295117,T207,41.579107,-81.540536,35.7,32.4,29.8
WE,150162,12/15/2015,11:15 PM,Derailment,0,CANTON,OH,49,4,Dark,Clear,Siding,Freight Train,11,22676,0,22926,T110,40.781764,-81.420731,57.5,44.9,48.4
SKOL,211028,10/28/2021,12:25 AM,Derailment,0,OWASSO,OK,52,4,Dark,Rain,Yard,Freight Train,5,57019,9669,140546,T201,36.155794,-95.513036,60.4,53.6,55.3
NS,121855,8/28/2016,1:25 PM,Derailment,0,MIDDLETOWN,OH,90,2,Day,Clear,Yard,Freight Train,8,12246,800,13046,T110,39.513095,-84.392487,77.4,79.3,78.8
PNWR,PNW190719D,9/29/2019,12:50 AM,Derailment,0,SALEM,OR,42,4,Dark,Clear,Main,Freight Train,25,404881,1300,406181,T207,45.056716,-122.983791,49.9,47.0,48.2
UP,0218PD029,2/23/2018,1:15 AM,Derailment,0,PORTLAND,OR,30,4,Dark,Clear,Yard,Freight Train,4,13408,5862,19270,T110,45.54219,-122.684599,34.3,32.8,42.4
KCS,16010202,1/2/2016,9:50 AM,Derailment,0,SHREVEPORT,LA,45,2,Day,Cloudy,Yard,Freight Train,6,155,0,78303,T309,32.508424,-93.737061,43.6,44.6,49.0
CSX,000177567,7/13/2018,5:30 AM,Derailment,0,WALBRIDGE,OH,80,4,Dark,Cloudy,Yard,Freight Train,8,11760,150,11910,T311,41.58993,-83.49686,74.3,78.2,80.6
NS,142960,9/27/2021,7:35 AM,Derailment,0,BELLEVUE,OH,72,1,Dawn,Clear,Yard,Freight Train,5,30997,650,31647,T207,41.281536,-82.820191,62.1,70.9,64.1
UP,0616FW011,6/14/2016,6:37 AM,Derailment,0,MCALESTER,OK,80,1,Dawn,Cloudy,Main,Freight Train,5,17449,8397,25846,T314,34.930383,-95.770665,77.6,82.1,85.0
POCA,20200623,6/23/2020,8:20 AM,Derailment,0,CATOOSA,OK,95,2,Day,Clear,Yard,Yard/switching,7,10000,34000,44000,T316,36.24185,-95.740078,79.9,78.3,77.3
CSX,000188525,2/19/2020,8:44 AM,Derailment,0,CINCINNATI,OH,25,2,Day,Clear,Yard,Yard/switching,6,407771,0,625123,T207,39.125335,-84.540044,48.2,34.9,29.7
DT,09292015,9/29/2015,11:40 AM,Derailment,0,DECATUR,IL,80,2,Day,Cloudy,Main,Freight Train,5,3500,20000,23500,T202,39.890456,-88.914481,71.3,67.1,60.4
GNBC,G12202017,12/20/2017,1:47 PM,Derailment,0,SOUTHARD,OK,56,2,Day,Clear,Main,Freight Train,24,75800,3800,79600,T207,36.033416,-98.495253,51.4,46.7,45.6
BNSF,PR0216106,2/6/2016,10:00 AM,Derailment,0,AMARILLO,TX,55,2,Day,Clear,Industry,Yard/switching,10,6250,58000,64250,T108,35.216177,-101.79707,34.5,36.6,40.1
ATK,167308,6/8/2021,9:58 PM,Derailment,0,NEW YORK,NY,84,4,Dark,Clear,Yard,Yard/switching,10,100000,3802,103802,T311,40.747767,-73.933523,82.4,79.9,80.6
UP,1015WH004,10/21/2015,10:30 AM,Derailment,0,PRYOR,OK,75,2,Day,Clear,Yard,Freight Train,11,6047,8752,14799,T399,36.246816,-95.337022,66.9,68.4,67.7
CWRO,201512,2/7/2015,12:15 PM,Derailment,0,CLEVELAND,OH,35,2,Day,Clear,Industry,Yard/switching,7,5000,15000,20000,T103,41.28,-81.8,21.4,35.8,41.1
WE,190093,10/13/2019,3:30 PM,Derailment,0,AKRON,OH,65,2,Day,Clear,Siding,Freight Train,9,0,13205,26414,T110,41.065112,-81.452162,51.9,52.8,53.4
ATK,154828,8/15/2018,3:34 PM,Derailment,0,LONG ISLAND CITY,NY,0,2,Day,Clear,Yard,Freight Train,0,0,1500,53091,T110,40.751472,-73.928256,75.1,79.5,83.6
NS,143571,11/24/2021,11:00 AM,Derailment,0,MAUMEE,OH,42,2,Day,Cloudy,Industry,Light loco(s),4,137,16227,16364,T110,41.563719,-83.673721,32.1,43.2,46.4
BNSF,TX0316102,3/12/2016,8:25 PM,Derailment,0,MOORE,OK,65,4,Dark,Clear,Yard,Yard/switching,10,33900,11348,45248,T205,35.373873,-97.483214,56.0,57.3,58.2
KCS,17091103,9/11/2017,3:05 PM,Derailment,0,SLATER,MO,80,2,Day,Clear,Industry,Light loco(s),4,16005,1500,17505,T314,39.216261,-93.068664,72.1,68.0,67.5
IAIS,2019033,7/10/2019,11:02 AM,Derailment,0,ROCK ISLAND,IL,88,2,Day,Clear,Main,Freight Train,0,0,45541,52092,T401,41.517186,-90.565579,78.7,83.1,77.3
CSX,000163146,9/26/2016,5:10 AM,Derailment,0,ORLANDO,FL,86,4,Dark,Cloudy,Industry,Freight Train,8,48716,50790,102470,T110,28.450073,-81.366967,81.5,77.2,78.6
NS,130714,8/24/2018,1:05 PM,Derailment,0,BALTIMORE,MD,85,2,Day,Clear,Yard,Yard/switching,10,12634,250,12884,T314,39.296244,-76.541642,70.6,70.8,71.1
FEC,D40090618,9/6/2018,12:30 PM,Derailment,0,POMPANO,FL,90,2,Day,Clear,Industry,Yard/switching,6,2607,11615,14222,T111,26.242576,-80.139366,83.9,83.9,80.6
ALE,2102DERAIL,7/27/2021,4:40 PM,Derailment,0,MOBILE,AL,75,2,Day,Clear,Yard,Freight Train,5,0,51294,51294,T110,30.70786,-88.194,84.8,85.2,82.7
UP,0217NP036,2/24/2017,2:30 PM,Derailment,0,NORTH PLATTE,NE,25,2,Day,Cloudy,Yard,Single Car,3,100,0,127671,T106,41.146243,-100.83404,31.2,22.0,19.2