reportingrailroadcode,accidentnumber,date,time,accidenttype,hazmatreleasedcars,station,stateabbr,temperature,visibility_code,visibility,weathercondition,tracktype,equipmenttype,trainspeed,equipmentdamagecost,trackdamagecost,totaldamagecost,primaryaccidentcausecode,latitude,longitude,prior_temp,actual_temp,following_temp
NCRC,OP102116,10/21/2016,12:01 AM,Derailment,0,BRAINARD,NE,40,4,Dark,Clear,Industry,Freight Train,4,342769,23430,366199,T110,41.183,-97.004,48.5,48.8,54.4
BNSF,MT1020108,10/23/2020,5:30 AM,Derailment,0,WAGNER,MT,-8,1,Dawn,Cloudy,Main,Freight Train,25,652286,62000,714286,T207,48.366802,-108.065023,17.6,17.7,17.7
CRSH,137425,3/7/2020,3:32 AM,Derailment,0,NEWARK,NJ,38,4,Dark,Clear,Yard,Yard/switching,3,7671,86950,94621,T110,40.710396,-74.14317,40.6,41.2,46.0
NIRC,MEI078,7/21/2015,4:53 PM,Other (describe in narrative),0,UNIVERSITY PARK,IL,78,2,Day,Clear,Main,EMU,6,34541,2261,36802,T104,41.45726,-87.724314,74.4,73.4,71.8
ATK,172441,8/23/2022,6:00 PM,Other (describe in narrative),0,SECAUCUS,NJ,92,2,Day,Cloudy,Main,EMU,0,0,11659,20069,T404,40.767396,-74.062322,75.1,77.4,79.3
BNSF,CH0920105,9/28/2020,7:16 PM,Derailment,0,ROMEOVILLE,IL,57,3,Dusk,Cloudy,Industry,Yard/switching,5,7649,32625,40274,T110,41.663196,-88.038985,67.7,54.3,51.0
KAW,200904002,9/4/2020,5:20 AM,Derailment,0,KANSAS CITY,KS,58,1,Dawn,Clear,Yard,Freight Train,3,0,28500,28500,T319,39.07831,-94.637167,74.1,71.3,79.3
UP,0515LK007,5/7/2015,9:00 PM,Derailment,0,LITTLE ROCK,AR,72,4,Dark,Clear,Main,Freight Train,0,0,56029,326296,T314,34.752757,-92.282916,74.2,74.7,75.3
YVRR,1017171,10/17/2017,1:35 PM,Derailment,0,ELKIN,NC,61,2,Day,Clear,Siding,Freight Train,7,75000,16000,91000,T207,36.247114,-80.838522,59.1,48.7,49.6
UP,1117NP006,11/4/2017,3:30 AM,Derailment,0,NORTH PLATTE,NE,50,4,Dark,Clear,Yard,Yard/switching,7,29873,148840,178713,T111,41.146843,-100.833294,34.5,43.8,36.8
PW,PWR817824R,5/28/2024,9:35 PM,Derailment,0,GARDNER,MA,65,4,Dark,Clear,Yard,Freight Train,4,50000,0,180000,T101,42.568028,-71.990306,65.0,71.6,66.4
NS,140077,12/21/2020,4:45 PM,Other (describe in narrative),0,IRONDALE,AL,62,3,Dusk,Clear,Yard,Freight Train,4,79653,7552,87205,T314,33.548905,-86.67801,51.1,51.2,47.1
CSX,000164323,11/12/2016,6:52 AM,Derailment,0,LEBANON JUNCTION,KY,37,1,Dawn,Clear,Main,Freight Train,30,735225,298920,1034145,T108,37.785211,-85.772925,51.0,43.6,41.1
CSX,000193993,11/22/2020,8:17 AM,Derailment,0,HAMLET,NC,55,2,Day,Clear,Yard,Yard/switching,4,72164,6694,78858,T303,34.925491,-79.646587,54.5,56.1,55.6
UP,0819GL011,8/5/2019,5:00 PM,Derailment,0,DES MOINES,IA,88,2,Day,Cloudy,Yard,Yard/switching,8,14159,119210,133369,T110,41.609539,-93.583726,76.2,78.0,76.3
BNSF,CH0322116,3/23/2022,12:05 PM,Derailment,0,RIVERDALE,IA,48,2,Day,Cloudy,Industry,Freight Train,7,2500,80117,82617,T110,41.5345,-90.457153,53.4,48.5,40.2
TASD,D20210408A,4/8/2021,8:00 AM,Derailment,0,MOBILE,AL,68,2,Day,Rain,Industry,Freight Train,5,9076,27460,36536,T110,30.6648,-88.0399,68.6,72.0,69.4
UP,1017NP026,10/26/2017,10:25 AM,Derailment,0,KEARNEY,NE,55,2,Day,Clear,Yard,Freight Train,5,28590,40678,69268,T202,40.695787,-99.077762,56.5,49.8,32.1
NS,144551,3/1/2022,4:30 AM,Derailment,0,WAYNE,MI,33,1,Dawn,Clear,Yard,Freight Train,3,569,12646,13215,T110,42.273721,-83.411649,29.7,39.5,35.7
NIRC,2018071398,2/6/2018,7:40 AM,Other (describe in narrative),0,UNIVERSITY PARK,IL,10,1,Dawn,Cloudy,Yard,EMU,5,35555,4367,39922,T404,41.459634,-87.723117,5.2,12.6,17.2
UP,0117DV014,1/9/2017,5:32 PM,Derailment,0,OAKLEY,KS,42,2,Day,Cloudy,Yard,Yard/switching,2,567,12743,13310,T206,39.124644,-100.859252,26.1,41.2,44.9
ATK,154963,6/6/2018,3:40 PM,Other (describe in narrative),0,NEW BRUNSWICK,NJ,68,2,Day,Clear,Siding,Freight Train,0,0,0,14005,T404,40.477876,-74.467376,66.1,63.4,64.5
NJTR,202011410,11/24/2020,12:20 AM,Derailment,0,PERTH AMBOY,NJ,40,4,Dark,Clear,Main,Commuter Train - Pulling,57,652000,0,652000,T299,40.595595,-74.284984,51.0,43.3,48.5
PATH,I10102019,10/10/2019,5:01 PM,Derailment,0,NEWARK,NJ,71,3,Dusk,Cloudy,Yard,EMU,6,127393,79671,207064,T110,40.729444,-74.169166,56.0,61.6,60.1
UP,1216CB003,12/6/2016,7:00 PM,Derailment,0,OMAHA,NE,30,4,Dark,Cloudy,Industry,Yard/switching,2,22605,216,22821,T111,41.273172,-95.936663,40.0,28.6,19.9
AGR,AGR796421,6/15/2021,12:30 PM,Derailment,0,FORKLAND,AL,92,2,Day,Clear,Main,Freight Train,25,482865,216333,699198,T108,32.619375,-87.845024,78.0,81.7,75.6
NS,152557,2/24/2023,12:30 PM,Other impacts,0,MACON,GA,60,2,Day,Clear,Yard,Light loco(s),2,15000,7250,22250,T305,32.81373,-83.622794,73.8,72.7,64.0
BNSF,MT0519106,5/28/2019,12:00 PM,Derailment,0,GLASGOW,MT,80,2,Day,Clear,Yard,Light loco(s),9,14000,300,14300,T319,48.198401,-106.644946,55.4,59.9,66.0
BNSF,PR0119128,1/30/2019,4:19 AM,Derailment,0,RAVENNA,NE,-5,1,Dawn,Snow,Main,Freight Train,53,259213,561000,820213,T204,41.024646,-98.731879,16.4,5.2,22.5
NIRC,9419000703,2/18/2022,3:00 PM,Other impacts,0,CHICAGO,IL,25,2,Day,Clear,Main,EMU,15,59199,18308,77507,T404,41.77088,-87.59269,28.9,19.8,17.5
UP,0323GL012,3/12/2023,1:30 AM,Derailment,0,BLAIR,NE,31,4,Dark,Cloudy,Industry,Freight Train,8,350819,1036,351855,T113,41.54992,-96.106234,31.4,26.7,23.8
NS,134273,6/10/2019,9:30 AM,Derailment,0,GADSDEN,AL,72,2,Day,Cloudy,Yard,Freight Train,8,98088,74435,172523,T110,34.024142,-86.059775,74.2,77.0,71.7
CSX,000188758,2/28/2020,9:30 AM,Derailment,0,BURKVILLE,AL,46,2,Day,Clear,Main,Freight Train,5,77042,3641,80683,T207,32.327167,-86.500121,43.0,45.5,49.6
ATK,142959,6/22/2016,2:55 PM,Other (describe in narrative),0,GROTON,CT,82,2,Day,Clear,Main,Passenger Train - Pulling,40,11500,5400,16900,T404,41.349458,-72.059017,70.2,69.1,67.3
KAW,220527004,5/27/2022,6:40 PM,Derailment,0,KANSAS CITY,MO,80,2,Day,Clear,Industry,Freight Train,5,0,17500,17500,T110,39.09384,-94.54024,58.7,64.4,74.5
CSX,000174089,1/16/2018,10:32 PM,Derailment,0,FIVE POINTS,AL,21,4,Dark,Snow,Main,Freight Train,47,398300,94166,492466,T207,33.064999,-85.224522,39.0,37.7,21.7
HRRC,0516,6/4/2016,1:02 AM,Derailment,0,GAYLORDSVILLE,CT,53,4,Dark,Clear,Main,Freight Train,25,150000,17500,167500,T210,41.583691,-73.405971,64.0,72.8,66.4
ATK,171414,6/11/2022,5:40 PM,Other (describe in narrative),0,METUCHEN,NJ,67,2,Day,Cloudy,Main,EMU,0,0,10426,38595,T404,40.541411,-74.358811,70.9,70.9,67.7
UP,0920GL012,9/12/2020,2:30 PM,Derailment,0,OMAHA,NE,67,2,Day,Cloudy,Industry,Yard/switching,6,26228,150,26378,T112,41.22098,-96.106896,56.1,60.2,64.4
SFRV,012816,1/28/2016,5:09 AM,Derailment,0,POMPANO BEACH,FL,70,4,Dark,Rain,Main,Commuter Train - Pushing,55,200000,700000,900000,T207,26.214273,-80.147448,72.5,71.3,60.7
UP,0817DV022,8/19/2017,2:15 PM,Derailment,0,LA SALLE,CO,87,2,Day,Clear,Yard,Light loco(s),5,18781,4956,23737,T111,40.347004,-104.704889,70.2,74.0,71.0
BNSF,HL0724120,7/23/2024,1:34 AM,Derailment,1,LINCOLN,NE,70,4,Dark,Clear,Yard,Freight Train,10,80637,145000,225637,T314,40.807312,-96.755025,74.0,75.7,79.3
BEAR,BER818124O,5/28/2024,9:35 PM,Derailment,0,GARDNER,MA,65,4,Dark,Clear,Yard,Freight Train,0,0,130000,180000,T101,42.568028,-71.990306,65.0,71.6,66.4
MRL,2017118,9/15/2017,8:50 AM,Derailment,0,MISSOULA,MT,43,2,Day,Rain,Yard,Freight Train,3,199000,20000,219000,T207,46.895,-114.03,55.2,44.3,47.2
PAL,2018MAR1D,3/6/2018,12:50 AM,Derailment,0,CALVERT CITY,KY,41,4,Dark,Cloudy,Industry,Freight Train,4,14852,55000,69852,T110,37.043722,-88.381172,49.1,46.2,36.6
UP,0818TC008,8/7/2018,2:57 PM,Derailment,0,MARSHALLTOWN,IA,85,2,Day,Cloudy,Yard,Yard/switching,6,3669,32810,36479,T206,42.042844,-92.897562,72.6,71.3,71.1
UP,0817DV028,8/30/2017,3:30 AM,Derailment,0,EATON,CO,59,4,Dark,Clear,Industry,Freight Train,4,21509,150,21659,T205,40.523003,-104.7081,71.4,70.3,68.5
NS,144589,3/4/2022,6:00 AM,Derailment,0,DECATUR,IL,30,1,Dawn,Clear,Yard,Yard/switching,8,17485,898,18383,T110,39.852182,-88.918343,36.0,38.9,59.5
KCS,17072201,7/22/2017,12:40 AM,Derailment,0,VIVIAN,LA,75,4,Dark,Clear,Main,Freight Train,40,1644272,399958,2044230,T204,32.86126,-93.98632,85.0,85.1,81.3
UP,0420GL009,4/13/2020,10:29 AM,Derailment,0,GRAND ISLAND,NE,31,2,Day,Clear,Yard,Freight Train,8,30729,38533,119595,T101,40.932859,-98.325346,34.0,30.6,34.2
WC,1136509,7/18/2023,7:35 PM,Derailment,0,GHEEN,MN,65,4,Dark,Clear,Main,Freight Train,23,469136,716585,1185721,T108,47.93743,-92.76741,58.6,62.1,61.6
CSX,000166718,2/9/2017,8:02 AM,Derailment,0,DECATUR,AL,38,2,Day,Cloudy,Yard,Yard/switching,8,18278,1776,20054,T110,34.58851,-86.985257,58.6,39.1,45.0
BNSF,HL1221123,12/29/2021,4:15 AM,Derailment,0,KANSAS CITY,MO,25,1,Dawn,Cloudy,Yard,Freight Train,9,241000,55400,296400,T207,39.148013,-94.584833,44.5,28.1,35.3
MRL,2018129,9/25/2018,11:12 PM,Derailment,0,COLUMBUS,MT,38,4,Dark,Clear,Main,Freight Train,37,2500000,275000,2775000,T207,45.63948,-109.2644,49.7,50.2,54.7
UP,0823GP028,8/20/2023,5:00 PM,Derailment,0,NORTH PLATTE,NE,92,2,Day,Clear,Yard,Yard/switching,7,116495,85681,202176,T111,41.153053,-100.835111,83.3,79.4,84.9
NS,136030,10/31/2019,11:55 PM,Derailment,0,DECATUR,IL,25,4,Dark,Clear,Yard,Yard/switching,3,2026,20923,22949,T110,39.851775,-88.92255,39.9,31.6,36.3
UP,0917TC021,9/26/2017,12:14 PM,Derailment,0,GRAETTINGER,IA,65,2,Day,Cloudy,Industry,Yard/switching,6,1450,52307,53757,T111,43.237972,-94.749539,57.5,56.5,54.1
BNSF,TC1216101,12/2/2016,3:14 AM,Derailment,0,FARGO,ND,2,4,Dark,Clear,Industry,Yard/switching,10,9939,1000,10939,T210,46.880041,-96.86512,31.9,29.1,29.7
KCS,17061702,6/17/2017,3:45 PM,Derailment,0,JACKSON,MS,80,2,Day,Clear,Main,Freight Train,5,66460,37437,103897,T314,32.263939,-90.160366,79.3,77.8,80.2
UP,1018NP012,10/13/2018,3:00 AM,Derailment,0,COUNCIL BLUFFS,IA,50,4,Dark,Clear,Yard,Freight Train,4,75281,353263,433665,T319,41.250042,-95.867026,41.7,49.6,38.0
BNSF,KS0923105,9/9/2023,3:03 AM,Derailment,0,KANSAS CITY,KS,75,4,Dark,Clear,Yard,Yard/switching,4,4735,6849,11584,T314,39.08607,-94.693991,74.8,73.2,76.4
MBTA,1930,12/15/2014,7:46 PM,Derailment,0,CHELSEA,MA,32,3,Dusk,Cloudy,Yard,Freight Train,0,0,5758,10758,T311,42.399617,-71.066135,37.1,36.1,39.4
BNSF,KS0724109,7/24/2024,3:45 PM,Derailment,0,INGALLS,KS,91,2,Day,Clear,Main,Freight Train,12,776142,140391,916533,T109,37.869589,-100.602643,70.9,75.5,77.0
KJRY,ID230227,11/12/2023,4:24 PM,Derailment,0,KEOKUK,IA,48,2,Day,Clear,Yard,Yard/switching,5,17000,1000,18000,T102,40.385791,-91.425961,41.6,50.9,49.4
BNSF,HL1121104,11/6/2021,8:16 AM,Derailment,0,NORTH KANSAS CITY,MO,50,1,Dawn,Clear,Yard,Freight Train,8,249658,80385,330043,T001,39.142962,-94.586299,48.8,52.9,58.1
MNA,MNA475119,9/1/2019,11:55 PM,Derailment,0,NEVADA,MO,68,4,Dark,Clear,Yard,Freight Train,7,29617,0,59117,T311,37.842481,-94.347858,66.7,72.0,76.2
CSX,000185942,10/11/2019,8:33 PM,Derailment,0,DEARBORN,MI,57,4,Dark,Rain,Yard,Yard/switching,4,132449,35600,168049,T202,42.302762,-83.149685,59.2,64.1,46.2
BNSF,CH0516101,5/11/2016,7:05 PM,Derailment,0,CHICAGO,IL,69,3,Dusk,Clear,Yard,Light loco(s),2,12000,250,12250,T314,41.819875,-87.71836,57.8,59.4,62.8
TCWR,MPLI061917,6/9/2017,9:25 PM,Derailment,0,GIBBON,MN,80,4,Dark,Clear,Main,Freight Train,10,50000,20000,70000,T201,44.533851,-94.52637,73.2,76.0,82.6
KCS,20111101,11/11/2020,4:50 AM,Derailment,0,KANSAS CITY,MO,30,4,Dark,Clear,Yard,Freight Train,6,6548,10800,17348,T207,39.125919,-94.502553,47.4,42.5,45.3
BNSF,TC0624106,6/10/2024,5:29 PM,Derailment,0,MINNEAPOLIS,MN,74,3,Dusk,Clear,Yard,Yard/switching,4,35937,8131,44068,T001,45.034964,-93.270556,65.1,64.3,69.8
CAGY,CAG419119,5/29/2019,10:45 PM,Derailment,0,GREENWOOD,MS,80,4,Dark,Clear,Main,Freight Train,5,9900,3000,12900,T102,33.490041,-90.218906,80.8,79.5,78.9
UP,0124HL036,1/28/2024,2:00 PM,Derailment,0,KANSAS CITY,MO,49,2,Day,Clear,Yard,Freight Train,8,19514,3074,22588,T110,39.113906,-94.481136,35.1,37.6,43.4
WC,1073862,6/16/2021,3:10 PM,Derailment,0,COTTON,MN,79,2,Day,Clear,Siding,Freight Train,10,21395,173495,194890,T109,47.113083,-92.353129,61.6,63.6,71.0
MDDE,CV071422D,7/14/2022,2:00 PM,Derailment,0,MILLINGTON,MD,88,2,Day,Clear,Main,Freight Train,7,48000,36000,84000,T110,39.235331,-75.839556,79.6,80.8,76.9
UP,0716KC008,7/6/2016,6:41 PM,Derailment,0,KANSAS CITY,MO,91,2,Day,Clear,Yard,Light loco(s),5,57142,600,57742,T206,39.120718,-94.500565,85.7,85.0,81.5
UP,1014TC018,10/24/2014,9:30 PM,Derailment,0,WORTHINGTON,MN,58,4,Dark,Clear,Yard,Yard/switching,9,142705,26383,169088,T110,43.624973,-95.584055,56.7,58.0,53.8
CFE,CFE645820D,12/18/2020,2:15 AM,Derailment,0,DECATUR,IN,28,4,Dark,Clear,Yard,Freight Train,10,66000,8500,74500,T299,40.874553,-84.950239,28.5,28.9,35.7
UP,0615LK007,6/12/2015,11:10 PM,Derailment,0,SHREVEPORT,LA,75,4,Dark,Cloudy,Yard,Freight Train,4,213614,50737,264351,T210,32.458539,-93.790832,82.8,81.1,79.0
UP,0518KC028,5/28/2018,4:17 PM,Derailment,0,KANSAS CITY,MO,91,2,Day,Cloudy,Yard,Freight Train,8,25197,0,25997,T319,39.132581,-94.585212,84.6,85.3,82.5
GRYR,GR221116A,11/16/2022,2:56 PM,Derailment,0,GRENADA,MS,52,2,Day,Clear,Siding,Freight Train,8,56743,489373,546116,T401,33.869879,-89.808723,45.0,40.4,35.1
MCER,0215,4/14/2015,5:00 PM,Derailment,0,PALMER,MA,55,2,Day,Clear,Siding,Freight Train,5,6198,5498,11696,T110,42.172688,-72.345752,52.9,57.7,54.4
CRSH,142776,9/5/2021,7:18 PM,Derailment,0,DETROIT,MI,76,3,Dusk,Clear,Yard,Freight Train,0,0,18929,18929,T309,42.316272,-83.113828,69.7,72.1,68.8
PGBX,RAI055517,6/7/2017,10:30 AM,Derailment,0,PORT ALLEN,LA,82,2,Day,Clear,Yard,Freight Train,0,0,50000,105757,T113,30.445528,-91.210589,74.3,75.7,73.9
UP,0521GL012,5/15/2021,1:30 PM,Derailment,2,ALBERT LEA,MN,72,2,Day,Cloudy,Main,Freight Train,36,1526268,922635,2448903,T499,43.66482,-93.348233,57.0,60.9,61.1
UP,0823GL052,8/31/2023,1:30 AM,Derailment,0,SIOUX CITY,IA,66,4,Dark,Clear,Main,Freight Train,4,11492,4050,15542,T403,42.491789,-96.392623,72.4,72.2,76.0
KAW,211130004,11/30/2021,7:45 PM,Derailment,0,NORTH KANSAS CITY,MO,45,4,Dark,Clear,Yard,Yard/switching,7,23000,24000,63000,T309,39.12612,-94.57479,50.0,47.0,51.3
LSRC,D211022,10/22/2021,7:10 AM,Derailment,0,SAGINAW,MI,35,2,Day,Clear,Main,Freight Train,10,21844,5500,27344,T309,43.448728,-83.92853,56.3,42.4,44.2
GRS,20160803R1,8/3/2016,10:26 AM,Derailment,0,SOUTH PORTLAND,ME,81,2,Day,Clear,Yard,Freight Train,3,30450,1500,31950,T199,43.625017,-70.299432,69.3,69.9,71.3
CSX,000182356,4/14/2019,9:17 AM,Derailment,0,INDIANAPOLIS,IN,68,2,Day,Clear,Yard,Yard/switching,7,37357,20086,57443,T314,39.759791,-86.327526,51.4,42.1,42.7
UP,0919HL016,9/14/2019,1:52 AM,Derailment,0,KANSAS CITY,MO,67,4,Dark,Clear,Yard,Cut of cars,0,3769,0,269812,T103,39.114005,-94.481487,70.8,77.4,83.9
NS,139605,11/1/2020,1:38 AM,Derailment,0,NEW ORLEANS,LA,60,4,Dark,Clear,Main,Freight Train,3,1960,18290,20250,T110,29.975082,-90.04485,61.6,66.6,60.3
CSX,000160202,5/31/2016,6:50 PM,Derailment,0,BEDFORD PARK,IL,72,3,Dusk,Rain,Yard,Yard/switching,12,387144,14350,431269,T207,41.8222,-87.684043,75.6,72.2,70.9
BNSF,TC0919107,9/15/2019,3:50 PM,Derailment,0,KEEWATIN,MN,65,2,Day,Clear,Industry,Freight Train,5,2000,37750,39750,T205,47.396025,-93.075222,51.7,59.8,64.3
UP,0719HL020,7/25/2019,7:19 AM,Derailment,0,MERCER,MO,66,2,Day,Clear,Main,Freight Train,50,4395775,348600,4744375,T001,40.490455,-93.534965,71.2,72.1,75.9
MNN,MNN111921,11/19/2021,11:45 AM,Derailment,0,GREENBUSH,MN,30,2,Day,Clear,Main,Freight Train,8,85750,36000,121750,T202,48.681146,-96.171487,25.1,27.6,26.2
BNSF,KS0624107,6/16/2024,10:04 AM,Derailment,0,KANSAS CITY,KS,84,2,Day,Clear,Yard,Yard/switching,6,10980,2500,13480,T307,39.088127,-94.691265,81.3,84.1,85.2
LSI,70637,4/21/2021,3:40 PM,Derailment,0,NEGAUNEE,MI,35,2,Day,Cloudy,Yard,Yard/switching,5,2500,34647,37147,T111,46.304731,-87.31314,26.1,28.1,34.2
NOPB,D20171103E,11/3/2017,1:00 PM,Derailment,0,NEW ORLEANS,LA,74,2,Day,Clear,Yard,Freight Train,2,12780,13232,26012,T101,29.915774,-90.104662,76.8,76.3,75.9
NS,135137,8/17/2019,12:45 AM,Derailment,0,WENTZVILLE,MO,74,4,Dark,Clear,Industry,Freight Train,7,25346,0,25346,T313,38.812018,-90.828953,75.5,78.8,81.2
UP,1117KC026,11/24/2017,10:56 AM,Derailment,0,KANSAS CITY,MO,71,2,Day,Clear,Yard,Freight Train,5,5000,6787,11787,T303,39.123242,-94.50616,47.7,61.8,50.1
UP,0819MA003,8/2/2019,7:31 AM,Derailment,0,VENICE,IL,76,2,Day,Clear,Yard,Freight Train,3,5305,0,11377,T111,38.665415,-90.162916,73.9,75.0,78.0
MNCW,2017020607,2/6/2017,5:55 AM,Other (describe in narrative),0,BRIDGEPORT,CT,36,2,Day,Rain,Main,EMU,10,17400,0,17400,T404,41.185444,-73.166611,36.6,39.8,36.6
NOPB,D20181028F,10/28/2018,7:50 PM,Derailment,0,NEW ORLEANS,LA,68,4,Dark,Clear,Main,Freight Train,6,48500,0,69897,T111,30.004227,-90.027526,66.4,72.0,74.7
BNSF,TC0616113,6/16/2016,3:15 PM,Derailment,0,FRIDLEY,MN,86,2,Day,Clear,Yard,Yard/switching,4,6539,15722,22261,T103,45.064014,-93.271104,68.6,70.0,74.1
ATK,144471,9/24/2016,12:50 AM,Obstruction,0,MIDDLE RIVER,MD,70,4,Dark,Clear,Main,Spec. MoW Equip.,0,13000,0,13000,T106,39.326262,-76.481566,72.6,69.4,62.4
CP,1000554299,5/5/2017,5:15 PM,Derailment,0,ST PAUL,MN,75,2,Day,Cloudy,Yard,Freight Train,9,53815,0,97749,T399,44.941214,-93.050242,56.7,60.9,57.2
KYLE,KYL144319D,8/10/2019,5:33 PM,Derailment,0,CONCORDIA,KS,87,2,Day,Clear,Main,Freight Train,4,35000,100000,135000,T099,39.57388,-97.661004,77.3,79.5,80.2
CAGY,CAG518019,11/26/2019,4:45 AM,Derailment,0,COLUMBUS,MS,45,4,Dark,Clear,Industry,Freight Train,10,25000,10000,35000,T102,33.436653,-88.563147,47.1,59.2,60.2
UP,0920GC010,9/7/2020,3:30 PM,Derailment,0,WESTWEGO,LA,92,2,Day,Clear,Industry,Freight Train,5,70741,81936,152677,T108,29.904996,-90.129484,83.9,82.7,82.2
CP,1001783636,10/21/2022,10:10 PM,Derailment,0,DUBUQUE,IA,47,4,Dark,Clear,Siding,Freight Train,10,249135,2074,251209,T210,42.493811,-90.662004,44.2,55.4,64.4
LSRC,D171030,10/30/2017,7:54 PM,Derailment,0,SAGINAW,MI,38,4,Dark,Cloudy,Industry,Freight Train,5,6000,65000,81000,T110,43.450333,-83.937387,41.7,39.7,39.3
CP,1000947630,3/1/2019,1:06 PM,Derailment,0,CARLOS,MN,12,2,Day,Clear,Main,Freight Train,33,353241,19892,373133,T201,45.972462,-95.292257,6.3,9.9,0.8
BNSF,MT0715103,7/14/2015,5:30 PM,Derailment,0,BROCKTON,MT,73,3,Dusk,Clear,Main,Freight Train,22,83000,2389968,2472968,T109,48.146924,-104.739543,73.8,73.6,69.7
UP,0919HL016,9/14/2019,1:52 AM,Derailment,0,KANSAS CITY,MO,67,4,Dark,Clear,Yard,Yard/switching,3,179416,59444,269812,T103,39.114005,-94.487487,70.8,77.4,83.9
CSX,000179537,10/27/2018,6:15 AM,Derailment,0,BROOKLYN,MD,52,4,Dark,Rain,Yard,Freight Train,7,37342,16699,54041,T207,39.241238,-76.616702,45.3,49.8,51.4
AGR,AGR781615,10/29/2015,12:40 PM,Derailment,0,COLUMBUS,MS,70,2,Day,Clear,Main,Freight Train,7,500,11391,11891,T399,33.430224,-88.377462,68.0,64.6,57.3
NS,136211,11/16/2019,4:05 AM,Other (describe in narrative),0,ATLANTA,GA,40,1,Dawn,Clear,Yard,Freight Train,6,3577,38744,42321,T111,33.793887,-84.445407,45.2,49.8,53.7
PAL,2023JAN1D,1/6/2023,4:05 PM,Derailment,0,LOUISVILLE,KY,45,3,Dusk,Clear,Industry,Freight Train,4,8100,44000,52100,T110,38.204948,-85.792357,41.9,38.9,41.1
BNSF,MT0818101,8/2/2018,2:35 PM,Derailment,0,CUT BANK,MT,86,2,Day,Clear,Main,Freight Train,18,81654,440000,521654,T109,48.640855,-112.345631,73.7,73.6,66.6
BNSF,HL0217101,2/9/2017,12:59 AM,Derailment,0,QUINCY,IL,17,4,Dark,Clear,Yard,Yard/switching,10,7475,0,7475,T110,39.951982,-91.418256,24.0,16.9,42.3
MNCW,82577,5/20/2024,4:44 PM,Other (describe in narrative),0,NORWALK,CT,69,2,Day,Clear,Main,EMU,30,63626,40000,103626,T404,41.102757,-73.407769,63.5,61.8,66.3
BNSF,HL0619114,6/23/2019,10:10 PM,Derailment,0,KANSAS CITY,MO,73,4,Dark,Clear,Yard,Freight Train,7,237000,240000,477000,T001,39.12515,-94.586007,79.4,69.2,72.3
CP,1000252284,8/12/2015,11:30 PM,Derailment,0,GLENWOOD,MN,71,4,Dark,Clear,Yard,Freight Train,8,403105,11750,414855,T319,45.648278,-95.364611,70.5,72.6,72.8
BNSF,HL0820119,8/21/2020,3:00 AM,Derailment,0,SAINT LOUIS,MO,67,4,Dark,Clear,Yard,Yard/switching,5,16544,4000,20544,T210,38.612005,-90.304651,69.8,71.5,73.7
KCS,20070707,7/7/2020,9:16 PM,Derailment,0,MERIDIAN,MS,74,4,Dark,Clear,Main,Freight Train,0,0,15978,17598,T314,32.355036,-88.728422,78.4,79.7,77.0
BNSF,TC0523112,5/27/2023,1:10 PM,Derailment,0,SAUK RAPIDS,MN,80,2,Day,Clear,Yard,Freight Train,10,1215258,128000,1343258,T110,45.57695,-94.155096,67.9,67.6,68.9
IC,892774,6/26/2016,2:10 AM,Derailment,0,JOHNSTON CITY,IL,71,4,Dark,Cloudy,Industry,Freight Train,2,85948,20000,105948,T102,37.842067,-88.830412,81.7,83.3,79.6
BNSF,KS0423103,4/5/2023,4:15 PM,Derailment,0,KANSAS CITY,KS,50,2,Day,Clear,Yard,Yard/switching,3,2233,12360,14593,T314,39.084064,-94.689485,68.9,44.1,46.6
INRD,644285,12/15/2021,8:00 AM,Derailment,0,TERRE HAUTE,IN,54,2,Day,Cloudy,Industry,Freight Train,5,2500,20000,22500,T204,39.433621,-87.395304,45.1,58.9,52.1
GRS,20180703W1,7/3/2018,2:15 PM,Derailment,0,ROYALSTON,MA,95,2,Day,Clear,Main,Freight Train,24,7000,50000,57000,T109,42.6291,-72.1491,82.7,82.9,81.9
CRSH,142851,9/14/2021,7:06 PM,Derailment,0,DETROIT,MI,75,3,Dusk,Cloudy,Yard,Yard/switching,5,380,19286,19666,T314,42.316272,-83.113828,68.9,75.4,69.8
ATK,175464,7/11/2023,8:25 AM,Derailment,0,WASHINGTON,DC,82,2,Day,Clear,Main,Passenger Train - Pulling,9,275818,22996,298814,T308,38.88468,-77.01832,78.6,80.9,82.2
BNSF,TC0317105,3/1/2017,3:30 PM,Derailment,0,MINNEAPOLIS,MN,40,2,Day,Clear,Yard,Yard/switching,10,17244,1000,18244,T111,45.024464,-93.267675,38.3,29.9,22.9
MNR,617072,10/18/2022,8:41 PM,Derailment,0,ASHLAND,ME,62,4,Dark,Rain,Industry,Yard/switching,8,1883,25783,27666,T199,46.701575,-68.488939,49.6,57.1,59.4
CSX,000213688,9/23/2023,12:50 AM,Derailment,0,HYATTSVILLE,MD,65,4,Dark,Rain,Main,Freight Train,20,1063680,264237,1327917,T111,38.950347,-76.941479,65.7,60.9,65.4