reportingrailroadcode,accidentnumber,date,time,accidenttype,hazmatreleasedcars,station,stateabbr,temperature,visibility_code,visibility,weathercondition,tracktype,equipmenttype,trainspeed,equipmentdamagecost,trackdamagecost,totaldamagecost,primaryaccidentcausecode,latitude,longitude,prior_temp,actual_temp,following_temp
MQT,MQT913721D,10/22/2021,9:01 PM,Derailment,0,BROHMAN,MI,44,4,Dark,Rain,Main,Freight Train,19,70552,44000,114552,T210,43.67871,-85.81013,52.9,41.8,42.6
WTA,20150204,2/4/2015,6:03 AM,Derailment,0,WICHITA,KS,32,4,Dark,Clear,Industry,Yard/switching,3,1246,11167,12413,T110,37.713313,-97.330017,36.3,28.3,22.3
UP,0421HL002,4/6/2021,1:04 PM,Derailment,0,KANSAS CITY,MO,77,2,Day,Clear,Yard,Yard/switching,4,3818,19800,23618,T113,39.122458,-94.535088,68.9,70.7,58.7
CSX,000171597,9/12/2017,2:15 PM,Derailment,0,FOREST CITY,NC,70,2,Day,Cloudy,Yard,Freight Train,5,10402,1660,12062,T210,35.372663,-81.856125,58.0,63.9,64.6
UP,1019GL011,10/11/2019,3:45 PM,Derailment,0,INVER GROVE HEIGHTS,MN,40,2,Day,Cloudy,Industry,Light loco(s),3,500,10300,10800,T111,44.780046,-93.030541,56.4,38.0,35.7
BNSF,HL0219106,2/4/2019,1:00 PM,Derailment,0,SPRINGFIELD,MO,41,2,Day,Cloudy,Yard,Freight Train,7,143070,75000,218070,T110,37.226408,-93.334342,57.9,52.6,44.9
LSRC,D200522,5/22/2020,10:30 AM,Derailment,0,BAY CITY,MI,65,2,Day,Clear,Yard,Freight Train,2,20370,0,20370,T101,43.619258,-83.86317,60.3,63.6,66.6
GRS,20230414B1,4/14/2023,3:40 PM,Derailment,0,FAIRFIELD,ME,77,2,Day,Clear,Main,Freight Train,10,36407,30000,66407,T205,44.615674,-69.58736,57.9,64.1,55.3
MNR,311219,4/24/2020,3:50 PM,Derailment,0,MADAWASKA,ME,0,2,Day,Clear,Main,Freight Train,7,8008,35000,43008,T113,47.356537,-683.19219,27.2,35.3,36.2
KCS,20092702,9/27/2020,8:33 PM,Derailment,0,SHREVEPORT,LA,77,4,Dark,Clear,Yard,Freight Train,2,2559,8596,11155,T210,32.525152,-93.750179,69.8,76.8,70.6
ALS,20210226,2/26/2021,12:40 PM,Derailment,0,EAST ST LOUIS,IL,49,2,Day,Clear,Yard,Freight Train,4,8500,1035,9535,T316,38.595744,-90.156341,39.3,40.5,47.4
CSX,000153755,10/30/2015,12:30 AM,Derailment,0,AVON,IN,45,4,Dark,Cloudy,Yard,Yard/switching,10,61345,1300,62645,T207,39.759222,-86.353899,43.5,46.4,49.9
WC,1061029,2/9/2021,6:49 PM,Derailment,0,ESCANABA,MI,-4,4,Dark,Clear,Main,Freight Train,25,689780,193989,883769,T319,45.764674,-87.11804,-2.5,-1.5,-1.6
UP,0316PR021,3/24/2016,10:07 PM,Derailment,0,CHICAGO,IL,32,4,Dark,Cloudy,Yard,Freight Train,2,1622,51686,53308,T110,41.862673,-87.675254,41.3,36.5,36.5
CP,1001074269,9/21/2019,2:20 PM,Derailment,0,NORTHFIELD,MN,85,2,Day,Clear,Yard,Light loco(s),4,31544,0,31844,T314,44.403888,-93.169444,73.9,74.7,62.2
NOPB,NOPB00051F,8/16/2023,7:30 PM,Derailment,0,METAIRE,LA,91,3,Dusk,Clear,Main,Freight Train,8,100000,22000,122000,T110,29.966083,-90.136446,88.5,85.8,86.4
BNSF,MT0516104,5/16/2016,8:10 AM,Derailment,0,SHELBY,MT,60,2,Day,Clear,Main,Freight Train,27,289876,637382,927258,T102,48.417188,-111.80941,46.7,51.6,56.8
UP,0719HL018,7/25/2019,1:45 PM,Derailment,0,KANSAS CITY,MO,84,2,Day,Cloudy,Yard,Yard/switching,3,148900,45441,194341,T103,39.113956,-94.481311,75.6,77.3,79.8
UP,0918TC019,9/21/2018,8:30 AM,Derailment,0,HARDY,IA,68,2,Day,Clear,Industry,Freight Train,8,6130,25693,31823,T110,42.81045,-94.054798,72.5,56.6,54.0
IC,1121121,12/14/2022,10:50 PM,Derailment,0,MAGEE,MS,40,4,Dark,Clear,Industry,Freight Train,3,35903,0,35903,T314,31.864565,-89.71678,64.8,63.9,47.8
MNR,852147,5/6/2024,11:05 AM,Derailment,0,VAN BUREN,ME,55,2,Day,Cloudy,Yard,Yard/switching,3,624,55968,56592,T110,47.172505,-67.94462,50.4,53.1,49.5
CSX,000215807,1/29/2024,11:11 PM,Derailment,0,FRAMINGHAM,MA,34,4,Dark,Cloudy,Yard,Freight Train,4,46465,277,46742,T206,42.278175,-71.411035,35.9,34.6,29.2
UP,0322HL011,3/13/2022,5:30 PM,Derailment,0,KANSAS CITY,MO,66,2,Day,Cloudy,Yard,Freight Train,4,172668,156395,329063,T111,39.121885,-94.523999,23.2,51.1,52.7
UP,0517KC015,5/17/2017,9:15 PM,Derailment,0,ST JOSEPH,MO,71,4,Dark,Clear,Yard,Yard/switching,9,47536,0,251176,T101,39.732523,-94.856523,79.0,74.0,65.4
BNSF,PR0515113,5/22/2015,1:35 PM,Derailment,0,DECKER,MT,58,2,Day,Cloudy,Main,Freight Train,9,301235,579798,1004385,T101,45.028897,-106.818955,50.0,52.9,50.1
KCT,UP230629,6/29/2023,2:45 PM,Derailment,0,KANSAS CITY,MO,91,2,Day,Clear,Main,Freight Train,0,0,227000,597799,T108,39.095627,-94.536489,85.8,86.3,84.9
NOPB,D20190110F,1/10/2019,4:45 AM,Derailment,0,NEW ORLEANS,LA,44,4,Dark,Clear,Yard,Freight Train,8,89000,0,98487,T103,30.005989,-90.019451,57.8,50.3,52.5
UP,0318UT012,3/14/2018,4:50 PM,Derailment,0,AMERICAN FALLS,ID,32,2,Day,Snow,Industry,Freight Train,4,1725,28932,30657,T206,42.793668,-112.853433,42.0,41.9,37.9
UP,0716TC003,7/7/2016,8:30 AM,Derailment,0,ROSEMOUNT,MN,85,2,Day,Cloudy,Industry,Freight Train,2,750,65896,66646,T110,44.791449,-93.044412,74.4,73.2,70.9
CIC,D201915,11/16/2019,5:45 PM,Derailment,0,CEDAR RAPIDS,IA,37,2,Day,Clear,Yard,Freight Train,2,72320,0,72320,T210,41.980996,-91.6674,28.2,33.7,35.7
BNSF,HL0820119,8/21/2020,3:00 AM,Derailment,0,ST LOUIS,MO,67,4,Dark,Clear,Yard,Freight Train,4,0,0,20544,T210,38.612005,-90.304651,69.8,71.5,73.7
ALS,20190912,9/12/2019,11:40 AM,Derailment,0,EAST ST LOUIS,IL,92,2,Day,Clear,Yard,Freight Train,0,0,1802,111459,T403,38.586101,-90.113267,80.8,80.8,76.5
MNR,155827,5/21/2019,11:23 PM,Derailment,0,OAKFIELD,ME,40,4,Dark,Clear,Main,Freight Train,10,133000,71549,204549,T101,46.336724,-68.253832,49.9,48.6,47.7
UP,0623GC028,6/22/2023,3:30 PM,Derailment,0,LENA,LA,93,2,Day,Clear,Industry,Freight Train,8,214308,150,214458,T319,31.404671,-92.716661,81.7,81.5,82.0
GRS,10172016L1,10/17/2016,4:00 PM,Derailment,0,NORTH BILLERICA,MA,70,2,Day,Clear,Industry,Freight Train,2,25351,748,26099,T106,42.586329,-71.261594,54.5,65.9,59.5
GRS,20170227W1,2/27/2017,7:00 AM,Derailment,0,CHARLEMONT,MA,40,1,Dawn,Clear,Main,Freight Train,20,152000,40004,192004,T203,42.622916,-72.87425,31.0,35.1,44.1
CSX,000143691,3/24/2015,11:40 AM,Derailment,0,OTTAWA,IL,35,2,Day,Cloudy,Yard,Freight Train,8,584507,0,699862,T110,41.35436,-88.831208,31.6,31.9,39.0
KCS,14121702,12/17/2014,5:55 AM,Derailment,0,SHREVEPORT,LA,38,4,Dark,Clear,Yard,Freight Train,4,12650,8852,21502,T110,32.535058,-93.8361,46.6,41.6,47.0
ATK,158327,4/3/2019,9:55 AM,Derailment,0,BEECH GROVE,IN,51,2,Day,Cloudy,Yard,Light loco(s),10,14662,2764,17426,T113,39.719722,-86.077778,45.4,49.3,54.3
UP,0815TC020,8/31/2015,12:20 PM,Derailment,0,ST JAMES,MN,82,2,Day,Clear,Yard,Yard/switching,4,30981,10000,40981,T110,43.980324,-94.639686,67.5,72.0,73.7
MNN,MNN522024,5/2/2024,5:35 PM,Derailment,0,CROOKSTON,MN,54,2,Day,Cloudy,Yard,Freight Train,8,10000,25000,35000,T110,47.7513,-96.61765,50.9,49.7,49.3
CSX,000151186,8/24/2015,9:45 PM,Side collision,0,CUMBERLAND,MD,78,4,Dark,Clear,Yard,Cut of cars,2,50880,0,74187,T305,39.630491,-78.755438,67.0,74.1,69.5
CP,1000338729,1/26/2016,9:43 PM,Derailment,1,BROWNSVILLE,MN,21,4,Dark,Clear,Main,Freight Train,28,852463,145490,997953,T299,43.65296,-91.27495,27.6,26.9,27.8
UP,0816KC019,8/22/2016,12:40 PM,Derailment,0,ST JOSEPH,MO,79,2,Day,Clear,Industry,Yard/switching,5,736,22544,23280,T001,39.712198,-94.877095,67.1,70.0,75.8
CP,1001661326,3/12/2022,5:21 AM,Derailment,0,MINNEISKA,MN,-2,4,Dark,Clear,Main,Freight Train,46,62292,3155,65447,T202,44.194485,-91.870406,16.4,14.8,36.1
UP,0522GL011,5/7/2022,6:15 AM,Derailment,0,COUNCIL BLUFFS,IA,50,1,Dawn,Clear,Yard,Freight Train,5,63505,1290,64795,T207,41.250089,-95.883353,59.2,62.7,62.7
UP,0522GL033,5/20/2022,9:30 PM,Derailment,0,COUNCIL BLUFFS,IA,59,4,Dark,Cloudy,Yard,Freight Train,8,5078,70718,75796,T309,41.244928,-95.881493,77.4,61.2,51.7
UP,0816SL008,8/11/2016,8:44 AM,Derailment,0,STEELEVILLE,IL,80,2,Day,Clear,Main,Freight Train,30,890602,75911,966513,T207,37.99238,-89.689537,80.0,82.3,81.2
MNNR,0423001,4/6/2023,12:20 AM,Derailment,0,ST PAUL,MN,25,4,Dark,Clear,Industry,Yard/switching,5,0,41490,41490,T110,44.984054,-93.205629,32.6,30.1,37.3
NS,117942,10/27/2015,12:25 PM,Derailment,0,NEW ORLEANS,LA,75,2,Day,Cloudy,Yard,Freight Train,10,12800,4500,17300,T207,29.974938,-90.044895,72.8,71.3,72.3
GRS,20200121P1,1/21/2020,10:51 AM,Derailment,0,LOWELL,MA,10,2,Day,Clear,Main,Freight Train,10,8500,0,136569,T199,42.626525,-71.304289,19.1,15.7,20.2
NPR,DR091701,9/25/2017,4:15 PM,Derailment,0,WARREN,MN,50,2,Day,Clear,Industry,Freight Train,4,23390,14525,37915,T110,48.191947,-96.766915,53.2,50.6,48.8
CSX,000173421,12/13/2017,7:30 AM,Derailment,0,TAUNTON,MA,24,1,Dawn,Cloudy,Main,Freight Train,8,1000,0,490240,T315,41.874542,-71.069209,37.8,25.5,23.2
UP,0616TC011,6/27/2016,12:35 PM,Derailment,0,GRUVER,IA,78,2,Day,Clear,Industry,Light loco(s),6,250,34925,35175,T110,43.39243,-94.70524,74.8,69.5,65.6
LAS,161015001,10/15/2016,9:30 PM,Derailment,0,MINDEN,LA,80,4,Dark,Clear,Yard,Freight Train,10,90000,23703,113703,T110,32.611527,-93.293362,67.6,73.0,75.7
BNSF,CH0518108,5/27/2018,1:44 PM,Derailment,0,OTTUMWA,IA,100,2,Day,Clear,Main,Freight Train,24,1536181,450000,1986181,T109,41.051809,-92.475009,79.2,82.9,82.3
UP,1221HL016,12/19/2021,3:55 AM,Derailment,0,MARSHALL,MO,17,4,Dark,Clear,Main,Cut of cars,0,249333,0,1370854,T207,39.054358,-93.086856,32.1,26.0,34.6
BNSF,HL0817122,8/26/2017,3:00 PM,Derailment,0,LEMAY,MO,85,2,Day,Clear,Main,Freight Train,23,347602,400000,747602,T109,38.497515,-90.345142,71.1,72.0,74.3
UP,0117KC007,1/14/2017,9:13 PM,Derailment,0,KANSAS CITY,MO,31,4,Dark,Sleet,Yard,Yard/switching,6,12777,2083,14860,T111,39.116821,-94.555552,25.0,29.4,32.0
NS,134594,7/5/2019,1:22 AM,Derailment,0,WENTZVILLE,MO,72,4,Dark,Cloudy,Yard,Freight Train,5,34408,2125,36533,T309,38.812018,-90.828953,79.2,78.8,79.2
BNSF,TC1119110,11/25/2019,12:55 AM,Derailment,0,ULEN,MN,39,4,Dark,Cloudy,Industry,Freight Train,10,46420,0,46420,T202,47.051647,-96.25811,36.4,36.5,31.8
CA,CAR995122,7/22/2022,3:30 PM,Derailment,0,ELIZABETH CITY,NC,96,2,Day,Clear,Industry,Yard/switching,5,0,39351,39351,T205,36.314002,-76.206483,81.2,83.4,84.4
BNSF,CH1118110,11/26/2018,4:45 PM,Derailment,0,CICERO,IL,20,2,Day,Snow,Yard,Freight Train,4,87250,500,87750,T207,41.844054,-87.745644,38.1,28.9,22.3
ISRR,ISR965221R,12/23/2021,3:16 PM,Derailment,0,LYNNVILLE,IN,55,2,Day,Cloudy,Industry,Freight Train,5,96000,51168,147168,T113,38.185192,-87.334,32.9,42.0,57.4
ATK,166320,2/1/2021,4:30 PM,Derailment,0,WASHINGTON,DC,32,4,Dark,Sleet,Yard,Light loco(s),9,74953,2351,77304,T311,38.91,-76.98,31.5,31.5,34.2
UP,0723GL017,7/9/2023,6:00 PM,Derailment,0,ST PAUL,MN,85,3,Dusk,Clear,Yard,Yard/switching,6,6238,10560,16798,T202,44.944531,-93.057265,69.2,72.8,79.1
UP,0622HL015,6/17/2022,5:16 PM,Derailment,0,LAWRENCE,KS,96,2,Day,Cloudy,Main,Freight Train,38,1099160,972108,2071268,T207,39.018844,-95.233998,85.0,86.2,85.9
KCS,14122801,12/28/2014,6:20 AM,Derailment,0,LEESVILLE,LA,45,1,Dawn,Cloudy,Main,Freight Train,23,227835,420059,647894,T099,31.074927,-93.269768,61.3,46.9,46.7
NS,151805,12/23/2022,11:05 AM,Other (describe in narrative),0,MERIDIAN,MS,14,2,Day,Clear,Main,Freight Train,10,8000,7700,15700,T307,32.359528,-88.711267,49.6,19.8,23.2
UP,1221HL016,12/19/2021,3:55 AM,Derailment,0,MARSHALL,MO,17,4,Dark,Clear,Main,Freight Train,40,519530,601991,1370854,T207,39.054358,-93.086856,32.1,26.0,34.6
ATK,173324,12/23/2022,5:30 PM,Other (describe in narrative),0,ELKRIDGE,MD,14,3,Dusk,Clear,Main,Passenger Train - Pulling,0,38470,34729,73199,T404,39.210191,-76.695677,41.5,31.9,13.1
KCS,19062702,6/27/2019,12:15 PM,Derailment,0,MERIDIAN,MS,90,2,Day,Clear,Main,Freight Train,8,14889,5245,244134,T319,32.366344,-88.690895,79.2,78.0,77.4
BNSF,MT0616108,6/21/2016,1:10 PM,Derailment,0,GREAT FALLS,MT,60,2,Day,Clear,Main,Freight Train,9,303399,60000,363399,T399,47.595504,-111.150769,63.2,65.1,63.2
BNSF,HL0720102,7/4/2020,2:57 AM,Derailment,0,CLARKSVILLE,MO,75,4,Dark,Clear,Main,Freight Train,8,585299,780000,1365299,T001,39.415804,-90.980218,78.8,80.6,80.7
UP,1116SL003,11/2/2016,2:40 PM,Derailment,0,BLOOMFIELD,MO,70,2,Day,Clear,Industry,Freight Train,4,11968,3230,15198,T111,36.962416,-89.866698,70.3,67.5,66.0
UP,1018KC001,10/4/2018,3:25 AM,Derailment,0,ST JOSEPH,MO,55,4,Dark,Cloudy,Yard,Freight Train,9,85078,230512,315590,T207,39.731139,-94.868533,79.7,56.5,59.5
BNSF,TC0915113,9/23/2015,10:25 AM,Derailment,0,DULUTH,MN,52,2,Day,Rain,Industry,Yard/switching,6,9000,6000,15000,T110,46.760954,-92.106766,62.5,52.5,54.6
UP,0122GL013,1/23/2022,1:50 AM,Derailment,0,ST PAUL,MN,2,4,Dark,Cloudy,Yard,Freight Train,5,11487,8568,20055,T314,44.942668,-93.051624,13.3,1.9,7.0
UP,0117TC005,1/20/2017,12:55 PM,Derailment,0,INVER GROVE HEIGHTS,MN,37,2,Day,Cloudy,Industry,Freight Train,6,770,23971,24741,T314,44.796419,-93.044097,33.3,35.7,35.9
BNSF,CH0815110,8/28/2015,7:40 AM,Derailment,0,ROTHVILLE,MO,64,1,Dawn,Clear,Yard,Freight Train,9,22500,85222,107722,T314,39.69974,-92.962252,67.3,70.3,73.7
WC,1073272,6/10/2021,3:52 PM,Derailment,0,MEADOWLANDS,MN,87,2,Day,Clear,Siding,Freight Train,14,358963,205000,563963,T109,47.104409,-92.599092,68.2,71.0,57.9
BNSF,MT0115101,1/9/2015,8:30 AM,Derailment,0,WHITEFISH,MT,6,1,Dawn,Clear,Yard,Freight Train,8,21000,39000,60000,T110,48.413709,-114.330503,17.5,9.0,17.8
TZPR,TZP271019O,12/8/2019,3:00 PM,Derailment,0,BARTONVILLE,IL,47,2,Day,Clear,Main,Freight Train,0,0,41000,53274,T108,40.628734,-89.652911,32.6,41.5,39.6
ABS,160922001,9/22/2016,2:40 AM,Derailment,0,REFORM,AL,66,4,Dark,Clear,Main,Freight Train,8,123000,40000,163000,T207,33.373755,-88.004273,78.8,79.3,81.1
HOG,HOG611923R,11/22/2023,8:35 AM,Derailment,0,AMERICUS,GA,60,2,Day,Clear,Yard,Freight Train,8,10000,0,10000,T207,32.073801,-84.240141,67.0,56.9,49.9
BNSF,TC0519105,5/12/2019,2:00 PM,Derailment,0,JOHNSON,MN,57,2,Day,Clear,Main,Freight Train,10,74526,175000,249526,T001,45.574362,-96.29968,51.9,51.0,56.6
BNSF,TC0315110,3/8/2015,4:30 AM,Derailment,0,MINNEAPOLIS,MN,30,4,Dark,Clear,Yard,Yard/switching,8,33473,329231,362704,T206,45.019747,-93.26282,35.4,38.5,43.6
LSRC,D221230,12/30/2022,3:35 PM,Derailment,0,FLINT,MI,47,2,Day,Rain,Yard,Light loco(s),7,0,22000,22000,T110,43.070718,-83.678354,45.4,51.2,38.6
UP,0423GL002,4/2/2023,8:15 AM,Derailment,0,SOUTH ST PAUL,MN,36,2,Day,Cloudy,Yard,Freight Train,7,5521,58980,64501,T110,44.899131,-93.037763,31.8,37.6,39.0
BNSF,MT0318103,3/13/2018,10:20 AM,Derailment,0,HAVRE,MT,10,2,Day,Cloudy,Yard,Light loco(s),8,14473,800,15273,T319,48.553965,-109.669397,8.3,9.0,10.6
NS,116774,8/2/2015,6:00 AM,Derailment,0,WENTZVILLE,MO,72,1,Dawn,Clear,Yard,Freight Train,3,10450,8874,19324,T206,38.803896,-90.890533,77.5,81.5,81.5
BNSF,TC0917109,9/25/2017,2:15 AM,Derailment,0,FLORENCE,MN,65,4,Dark,Rain,Yard,Freight Train,9,88000,0,118000,T303,44.268468,-96.015713,66.2,53.3,53.3
KAW,211130004,11/30/2021,7:45 PM,Derailment,0,NORTH KANSAS CITY,MO,45,4,Dark,Clear,Yard,Cut of cars,0,16000,0,63000,T309,39.12612,-94.57479,50.0,47.0,51.3
MCRL,MC171213A,12/13/2017,7:30 AM,Derailment,0,TAUNTON,MA,24,1,Dawn,Cloudy,Main,Freight Train,0,0,489240,490240,T315,41.872457,-71.066804,37.8,25.5,23.2
UP,0919HL016,9/14/2019,1:52 AM,Derailment,0,KANSAS CITY,MO,67,4,Dark,Clear,Yard,Freight Train,0,27183,0,269812,T103,39.114005,-94.481487,70.8,77.4,83.9
UP,0418KC028,4/27/2018,12:30 AM,Derailment,0,NORTH KANSAS CITY,MO,55,4,Dark,Cloudy,Yard,Work train,8,1250,0,62250,T319,39.125275,-94.496551,55.0,62.0,60.0
BNSF,PR0515113,5/22/2015,1:35 PM,Derailment,0,DECKER,MT,58,2,Day,Cloudy,Main,Cut of cars,0,123352,0,1004385,T101,45.028897,-106.818955,50.0,52.9,50.1
MDS,20021701,2/7/2020,12:08 PM,Derailment,0,QUITMAN,MS,61,2,Day,Cloudy,Main,Freight Train,6,290000,135000,425000,T202,32.010993,-88.726368,49.7,42.1,50.2
MDDE,CV040422D,4/4/2022,1:20 PM,Derailment,0,MILLINGTON,MD,55,2,Day,Clear,Main,Freight Train,7,24000,33000,57000,T110,39.253306,-75.839556,48.0,45.7,49.3
BNSF,CH0716102,7/6/2016,10:20 AM,Derailment,0,CHICAGO,IL,90,2,Day,Clear,Yard,Freight Train,10,7000,148959,155959,T110,41.841002,-87.763253,78.0,78.3,76.9
CSX,000208428,11/20/2022,3:39 AM,Derailment,0,CUMBERLAND,MD,27,4,Dark,Clear,Yard,Freight Train,9,61115,1501,62616,T315,39.644507,-78.760868,30.6,29.3,32.8
CSX,000151186,8/24/2015,9:45 PM,Side collision,0,CUMBERLAND,MD,78,4,Dark,Clear,Yard,Yard/switching,4,23257,50,74187,T305,39.630491,-78.755438,67.0,74.1,69.5
ATK,174807,5/22/2023,10:45 AM,Derailment,0,WASHINGTON,DC,65,2,Day,Clear,Main,Passenger Train - Pulling,13,90093,9537,99630,T314,38.895685,-77.006268,68.4,70.3,67.0
CMR,01152020,1/15/2020,3:55 PM,Derailment,0,MARYLAND HEIGHTS,MO,50,2,Day,Cloudy,Main,Freight Train,10,32500,7320,39820,T101,38.691661,-90.500631,41.2,46.8,26.3
MNBR,MNB169618,2/10/2018,11:45 AM,Derailment,0,MERIDIAN,MS,65,2,Day,Cloudy,Main,Freight Train,11,8440,4000,12440,T110,32.306548,-88.625983,50.4,64.4,61.3
GLC,070722,7/7/2022,4:00 PM,Derailment,0,ASHLEY,MI,87,2,Day,Clear,Main,Freight Train,7,500000,24000,524000,T109,43.182778,-84.505833,70.8,70.6,70.3
CSX,000206277,7/23/2022,4:30 PM,Derailment,0,LOUISVILLE,KY,98,2,Day,Clear,Yard,Cut of cars,1,330076,23761,497209,T102,38.16074,-85.749136,84.0,86.1,86.3
KCS,15012403,1/24/2015,8:15 PM,Derailment,0,SHREVEPORT,LA,40,4,Dark,Clear,Yard,Yard/switching,3,8990,17721,26711,T205,32.616111,-93.846667,39.9,43.8,51.2
MNNR,0815001,8/1/2015,9:00 AM,Derailment,0,MINNEAPOLIS,MN,70,2,Day,Clear,Industry,Yard/switching,4,837,17343,18180,T105,44.975191,-93.21447,75.1,76.7,77.4
UP,0115WH004,1/12/2015,8:45 AM,Derailment,0,COFFEYVILLE,KS,23,2,Day,Cloudy,Yard,Yard/switching,5,26470,0,27510,T101,37.031068,-95.615765,33.9,31.3,22.7
VSOR,D650614,11/23/2014,3:00 PM,Derailment,0,VICKSBURG,MS,66,2,Day,Cloudy,Main,Freight Train,9,22777,13500,36277,T206,32.533977,-90.773604,61.4,64.6,54.6
UP,0823GL045,8/26/2023,3:30 PM,Derailment,0,MISSOURI VALLEY,IA,81,2,Day,Clear,Main,Freight Train,19,80366,85880,166246,T101,41.558683,-96.030855,81.6,72.7,68.8
BNSF,KS0724107,7/20/2024,12:27 AM,Derailment,0,OTTAWA,KS,65,4,Dark,Cloudy,Main,Freight Train,52,1850289,641000,2491289,T204,38.621252,-95.337884,71.5,69.6,72.1
BNSF,KS0217113,2/28/2017,1:30 AM,Derailment,0,KANSAS CITY,KS,63,4,Dark,Cloudy,Yard,Yard/switching,7,71197,3150,74347,T110,39.085196,-94.689573,47.9,65.4,44.6
BNSF,HL1018117,10/24/2018,9:36 AM,Derailment,0,WESTON,MO,50,2,Day,Clear,Industry,Freight Train,7,132311,0,132311,T113,39.432231,-94.948908,53.0,51.2,49.1
BNSF,CH1118111,11/28/2018,12:55 PM,Derailment,0,EOLA,IL,32,2,Day,Clear,Yard,Freight Train,8,75000,77600,152600,T111,41.774711,-88.246162,20.2,22.7,30.3
CIC,D202312,12/27/2023,3:00 PM,Derailment,0,CEDAR RAPIDS,IA,39,2,Day,Cloudy,Industry,Yard/switching,3,13573,0,13573,T113,41.969188,-91.66787,33.3,35.3,32.0
UP,0723GL013,7/8/2023,4:50 AM,Derailment,0,SHAKOPEE,MN,57,1,Dawn,Clear,Yard,Yard/switching,7,4331,9884,14215,T311,44.788805,-93.417569,65.8,67.0,71.2
MNA,MNA370519,2/28/2019,11:45 PM,Derailment,0,JOPLIN,MO,25,4,Dark,Cloudy,Yard,Freight Train,7,2887,21600,24487,T110,37.071978,-94.536189,31.5,23.8,30.9
KAW,220220001,2/20/2022,7:30 AM,Derailment,0,NORTH KANSAS CITY,MO,55,1,Dawn,Clear,Industry,Yard/switching,5,0,28000,28000,T001,39.123563,-94.574815,28.8,47.3,54.4
UP,0320GL019,3/23/2020,2:03 PM,Derailment,0,MENDOTA,MN,39,2,Day,Cloudy,Main,Freight Train,25,10406,234875,245281,T001,44.868456,-93.175024,35.9,36.8,41.8
CSX,000153435,10/18/2015,3:50 AM,Derailment,0,EVANSVILLE,IN,31,1,Dawn,Clear,Main,Freight Train,6,35015,11994,47009,T207,37.943015,-87.627508,47.4,45.8,52.7
UP,0622HL023,6/24/2022,6:04 PM,Derailment,0,BONNER SPRINGS,KS,88,3,Dusk,Clear,Main,Freight Train,38,1035391,546120,1581511,T207,39.013709,-94.908757,74.1,78.4,83.8
UP,1019GL029,10/30/2019,1:04 PM,Derailment,0,ST PAUL,MN,33,2,Day,Cloudy,Industry,Freight Train,4,1389,9410,10799,T111,44.758278,-93.024415,32.7,28.8,29.4
NS,132817,2/12/2019,1:30 PM,Derailment,0,NORTH KANSAS CITY,MO,38,2,Day,Clear,Yard,Work train,5,4704,60633,65337,T110,39.146504,-94.548902,34.6,33.2,40.0
BNSF,HL0520109,5/30/2020,3:38 AM,Derailment,0,NORTH KANSAS CITY,MO,60,4,Dark,Clear,Yard,Freight Train,10,25000,1000,26000,T311,39.133907,-94.585232,67.8,67.6,70.3
UP,0224GL038,2/27/2024,11:45 PM,Derailment,0,SALIX,IA,12,4,Dark,Cloudy,Main,Freight Train,24,529160,51005,580165,T202,42.279512,-96.264218,51.1,26.7,17.7
SLRG,SL191219A,12/19/2019,4:45 PM,Derailment,0,BATESVILLE,MS,40,3,Dusk,Clear,Main,Passenger Train - Pulling,14,7500,0,41225,T205,34.274554,-89.939122,32.4,35.8,40.9
GLC,GLC031316D,3/13/2016,9:30 AM,Derailment,0,HOWELL,MI,45,2,Day,Rain,Main,Freight Train,32,537906,24900,562806,T207,42.642454,-83.942273,45.0,45.9,49.7
TPW,TPW270919D,12/8/2019,3:00 PM,Derailment,0,BARTONVILLE,IL,47,2,Day,Clear,Main,Freight Train,5,12274,0,53274,T108,40.628734,-89.652911,32.6,41.5,39.6
SKOL,240711005,7/11/2024,3:00 PM,Derailment,0,CHERRYVALE,KS,94,2,Day,Clear,Main,Freight Train,9,517884,63000,580884,T109,37.204153,-95.567709,77.8,81.9,84.2
GRYR,GR013019,1/30/2019,9:50 AM,Derailment,0,BATESVILLE,MS,0,2,Day,Clear,Siding,Freight Train,7,128600,7012,135612,T001,34.306514,-89.959219,30.8,30.2,37.9
UP,0618KC006,6/5/2018,4:04 PM,Derailment,0,KANSAS CITY,MO,88,2,Day,Clear,Yard,Yard/switching,2,159,17230,17389,T319,39.121047,-94.510371,71.5,77.4,82.5
UP,0723GL001,7/2/2023,3:43 PM,Derailment,0,KIESTER,MN,82,2,Day,Clear,Main,Freight Train,23,407633,225808,633441,T109,43.527258,-93.691307,71.3,71.7,74.9
CSX,000155846,1/8/2016,1:45 AM,Derailment,0,WEST SPRINGFIELD,MA,23,4,Dark,Clear,Yard,Freight Train,7,22642,1052,23694,T311,42.098671,-72.620755,22.1,28.3,38.1
UP,1022GL013,10/14/2022,6:17 AM,Derailment,0,DES MOINES,IA,34,1,Dawn,Clear,Yard,Yard/switching,9,29807,53850,83657,T207,41.589552,-93.570342,46.9,43.6,47.0
UP,0423MA048,4/30/2023,11:38 PM,Derailment,0,ST LOUIS,MO,54,4,Dark,Cloudy,Main,Freight Train,16,10196,53600,63796,T303,38.627802,-90.245267,59.8,51.3,56.8