reportingrailroadcode,accidentnumber,date,time,accidenttype,hazmatreleasedcars,station,stateabbr,temperature,visibility_code,visibility,weathercondition,tracktype,equipmenttype,trainspeed,equipmentdamagecost,trackdamagecost,totaldamagecost,primaryaccidentcausecode,latitude,longitude,prior_temp,actual_temp,following_temp
IC,979449,11/20/2018,10:30 AM,Derailment,0,CAIRO,IL,32,2,Day,Cloudy,Yard,Freight Train,5,39650,22897,62547,T110,37.022218,-89.18121,40.1,33.1,36.6
BNSF,TC0719119,7/31/2019,8:25 PM,Derailment,0,HULL,IA,75,3,Dusk,Clear,Main,Freight Train,36,2323135,341000,2664135,T001,43.226887,-96.167737,63.2,65.9,70.9
HESR,HES473917O,10/30/2017,7:54 PM,Derailment,0,SAGINAW,MI,40,4,Dark,Cloudy,Main,Freight Train,0,0,10000,81000,T110,43.44419,-83.944366,41.7,39.7,39.3
NS,119604,3/4/2016,12:45 PM,Derailment,0,HOMER,IL,36,2,Day,Clear,Industry,Freight Train,3,29734,4000,33734,T110,40.03548,-87.950359,34.3,33.3,38.9
RCPE,RCP830124D,6/14/2024,4:23 PM,Derailment,0,FLORENCE,MN,82,2,Day,Clear,Main,Freight Train,39,60000,600000,660000,T109,44.261933,-96.033315,71.1,69.3,67.6
CSX,000172164,10/12/2017,10:30 PM,Derailment,0,DEARBORN,MI,52,4,Dark,Cloudy,Yard,Yard/switching,7,24383,1500,25883,T311,42.310679,-83.155391,54.1,53.4,61.5
NS,129220,4/21/2018,11:20 AM,Derailment,0,KANSAS CITY,MO,72,2,Day,Clear,Yard,Light loco(s),6,54,12028,12082,T110,39.178251,-94.440504,53.4,57.2,58.3
UP,0517LV037,5/27/2017,2:20 AM,Derailment,0,HAHNVILLE,LA,81,4,Dark,Clear,Industry,Light loco(s),7,18620,400,19020,T314,29.973448,-90.446671,77.4,81.7,82.1
IR,IR213059,11/22/2021,11:10 AM,Derailment,0,PERU,IL,38,2,Day,Clear,Main,Yard/switching,8,59400,10500,69900,T102,41.375277,-89.179722,41.8,27.4,33.5
UP,0421GL005,4/10/2021,1:05 PM,Derailment,0,ST PAUL,MN,48,2,Day,Cloudy,Yard,Freight Train,1,37579,122029,159608,T206,44.937896,-93.047842,49.0,45.9,48.8
NS,132795,2/11/2019,3:50 AM,Derailment,0,HALFWAY,MD,30,4,Dark,Sleet,Industry,Freight Train,6,4479,144388,148867,T111,39.631109,-77.756027,28.0,32.2,33.8
BEAR,BER641823R,12/19/2023,12:33 PM,Derailment,0,GREENFIELD,MA,42,2,Day,Clear,Industry,Freight Train,2,0,21250,21250,T110,42.572083,-72.581639,54.3,36.3,32.1
UP,0222MA026,2/15/2022,9:05 AM,Derailment,0,BLOOMFIELD,MO,54,2,Day,Clear,Main,Freight Train,35,24851,656554,681405,T318,36.949995,-89.868969,34.1,46.5,57.8
VSOR,210421004,4/21/2021,4:00 PM,Derailment,0,VICKSBURG,MS,75,2,Day,Clear,Main,Freight Train,10,17500,62628,80128,T102,32.426702,-90.825871,63.5,51.3,55.8
UP,0524GL021,5/18/2024,2:08 PM,Derailment,0,LIVERMORE,IA,85,2,Day,Clear,Main,Freight Train,27,8417,404999,413416,T108,42.853135,-94.170074,69.3,73.5,61.7
UP,0616SL002,6/3/2016,2:30 AM,Derailment,0,METROPOLIS,IL,67,4,Dark,Cloudy,Industry,Freight Train,9,163171,5000,218171,T207,37.203838,-88.793224,72.9,72.2,71.9
NS,135541,6/27/2019,12:15 PM,Derailment,0,MERIDIAN,MS,90,2,Day,Clear,Main,Freight Train,0,0,224000,244134,T319,32.366344,-88.690895,79.2,78.0,77.4
GRS,20161218X1,12/18/2016,2:40 AM,Derailment,0,BUCKLAND,MA,27,4,Dark,Rain,Main,Freight Train,7,19700,50000,69700,T002,42.596994,-72.739605,22.1,36.5,13.9
BNSF,HL1117107,11/12/2017,8:47 AM,Derailment,0,WATSON,MO,39,1,Dawn,Clear,Industry,Freight Train,8,418856,41100,459956,T101,40.568352,-95.651872,40.8,42.7,40.0
NS,128409,2/6/2018,12:45 AM,Derailment,0,MOBERLY,MO,8,4,Dark,Snow,Yard,Freight Train,10,14850,7827,22677,T313,39.421994,-92.437622,14.8,16.0,22.3
NS,135039,8/8/2019,4:56 PM,Derailment,0,WENTZVILLE,MO,85,3,Dusk,Clear,Yard,Freight Train,4,2463,20818,23281,T317,38.809845,-90.810653,75.1,76.7,78.3
UP,0621HL014,6/19/2021,4:42 PM,Derailment,0,KANSAS CITY,MO,92,2,Day,Clear,Yard,Yard/switching,1,1665,37720,39385,T403,39.12257,-94.535086,88.8,86.3,84.7
BNSF,MT0116102,1/14/2016,11:23 PM,Derailment,0,BRADY,MT,20,4,Dark,Clear,Siding,Freight Train,10,115611,217201,332812,T111,48.033428,-111.839514,39.3,32.2,21.2
CSX,000211232,5/9/2023,12:20 PM,Derailment,0,NEW ORLEANS,LA,78,2,Day,Cloudy,Yard,Freight Train,4,40132,5025,45157,T207,30.006013,-90.01947,77.9,76.6,79.0
IC,1102092,4/13/2022,7:20 AM,Raking collision,0,CANTON,MS,76,1,Dawn,Clear,Main,Spec. MoW Equip.,8,15000,0,15000,T499,32.554811,-90.068125,71.8,70.9,62.6
NS,135536,9/18/2019,1:00 AM,Derailment,0,DETROIT,MI,65,4,Dark,Clear,Yard,Freight Train,6,600,24430,25030,T311,42.293425,-83.128862,67.3,66.6,66.6
BNSF,MT0715105,7/16/2015,5:54 PM,Derailment,5,CULBERTSON,MT,84,3,Dusk,Clear,Main,Freight Train,44,1831011,916857,2747868,T109,48.143765,-104.380785,72.2,74.1,65.6
ATK,153947,6/7/2018,6:40 PM,Derailment,0,HAMDEN,CT,67,3,Dusk,Clear,Yard,Freight Train,0,0,12000,12000,T399,41.33079,-72.894662,59.3,60.7,66.6
BNSF,NE1214105,12/8/2014,12:55 PM,Derailment,0,KANSAS CITY,MO,35,2,Day,Clear,Yard,Freight Train,4,77498,30000,107498,T110,39.137552,-94.586609,38.5,46.3,32.2
PW,PWR651818D,5/2/2018,11:40 PM,Derailment,0,WORCESTER,MA,50,4,Dark,Clear,Yard,Freight Train,10,4500,15000,19500,T314,42.1402,-71.4906,51.7,71.2,74.0
UP,0417LV017,4/17/2017,3:35 PM,Derailment,0,MARINGOUIN,LA,80,2,Day,Clear,Yard,Yard/switching,8,61764,4451,66215,T102,30.521227,-91.548942,71.1,72.0,72.5
IANR,CLD0424182,4/24/2018,10:05 PM,Derailment,0,CLARKSVILLE,IA,50,4,Dark,Clear,Yard,Freight Train,5,11548,4376,15924,T102,42.780147,-92.673675,54.0,56.2,49.9
MNA,MNA475119,9/1/2019,11:55 PM,Derailment,0,NEVADA,MO,68,4,Dark,Clear,Yard,Cut of cars,0,27000,2500,59117,T311,37.842481,-94.347858,66.7,72.0,76.2
UP,0716KC007,7/10/2016,1:50 PM,Derailment,0,LEES SUMMIT,MO,89,2,Day,Clear,Yard,Yard/switching,5,9678,4527,14205,T314,38.898761,-94.369633,80.4,82.7,83.4
BNSF,MT0318104,3/15/2018,4:30 AM,Derailment,0,GLENDIVE,MT,30,1,Dawn,Clear,Yard,Light loco(s),6,12000,12739,24739,T201,47.1088,-104.707389,28.3,32.9,30.3
KCS,16081101,8/11/2016,9:50 AM,Derailment,0,MERIDIAN,MS,85,2,Day,Cloudy,Yard,Freight Train,6,22900,12000,34900,T403,32.363375,-88.695468,83.2,82.0,80.8
BNSF,KS0115115,1/27/2015,4:50 PM,Derailment,0,KANSAS CITY,KS,38,2,Day,Clear,Yard,Yard/switching,7,36491,100477,136968,T319,39.079878,-94.672824,42.7,43.3,56.9
GRYR,GR121919,12/19/2019,4:45 PM,Derailment,0,BATESVILLE,MS,40,3,Dusk,Clear,Main,Passenger Train - Pulling,14,7500,26225,41225,T205,34.274554,-89.939122,32.4,35.8,40.9
NS,120282,4/27/2016,11:45 AM,Derailment,0,JENNINGS,MO,72,2,Day,Clear,Yard,Yard/switching,6,11844,2500,14344,T315,38.697485,-90.222296,69.9,67.5,64.4
ATK,170526,4/10/2022,3:08 PM,Other (describe in narrative),0,HANOVER,MD,50,2,Day,Cloudy,Main,Passenger Train - Pulling,124,59528,8688,68216,T404,39.167087,-76.696603,50.0,45.8,48.3
UP,0423GL008,4/5/2023,9:58 AM,Derailment,0,ROSEMOUNT,MN,33,2,Day,Cloudy,Yard,Freight Train,7,685916,10362,696278,T204,44.749584,-93.045024,35.3,31.0,28.5
CSX,000138942,12/15/2014,7:46 PM,Derailment,0,CHELSEA,MA,32,3,Dusk,Cloudy,Yard,Light loco(s),9,5000,0,10758,T311,42.399617,-71.066135,37.1,36.1,39.4
GDLK,220621005,6/21/2022,4:45 PM,Derailment,0,MARTIN,MI,95,2,Day,Clear,Main,Freight Train,25,201000,100106,301106,T109,42.550077,-85.636631,75.7,82.1,79.7
GRS,20200313G3,3/13/2020,12:35 AM,Derailment,0,ETNA,ME,35,4,Dark,Rain,Main,Freight Train,8,75933,8933,84866,T110,44.823423,-69.130374,31.5,38.1,40.6
LSRC,D220620,6/20/2022,5:40 PM,Derailment,0,ALPENA,MI,75,2,Day,Clear,Yard,Freight Train,7,13495,100367,113862,T110,45.0447,-83.25528,56.3,60.1,72.6
MNR,429204,7/6/2021,3:45 PM,Derailment,0,OAKFIELD,ME,77,2,Day,Clear,Yard,Yard/switching,3,32000,16640,48640,T110,46.108105,-68.146619,64.4,67.5,67.6
IC,906108,11/11/2016,4:55 AM,Derailment,0,BATON ROUGE,LA,70,4,Dark,Clear,Yard,Freight Train,4,18300,15500,33800,T319,30.481991,-91.187449,61.0,58.1,60.2
GRS,20180804W1,8/4/2018,2:00 AM,Derailment,0,WENDELL,MA,80,4,Dark,Fog,Main,Freight Train,22,62000,19250,81250,T002,42.576915,-72.431917,77.1,75.0,77.0
CSX,000154760,11/29/2015,6:11 PM,Derailment,0,AVON,IN,40,4,Dark,Cloudy,Yard,Yard/switching,1,44458,53950,98408,T208,39.759792,-86.327527,40.2,38.6,42.0
BNSF,TC0916117,9/24/2016,6:55 PM,Derailment,0,DULUTH,MN,58,3,Dusk,Clear,Industry,Yard/switching,9,32588,5000,37588,T314,46.747102,-92.143599,57.5,58.9,61.3
BNSF,MT0715102,7/8/2015,8:47 AM,Derailment,0,GREAT FALLS,MT,50,1,Dawn,Clear,Main,Freight Train,25,12245,1801205,1813450,T002,47.450964,-111.232738,59.4,65.0,74.1
UP,1215KC015,12/28/2015,5:30 AM,Derailment,0,KANSAS CITY,MO,30,4,Dark,Snow,Yard,Freight Train,6,17110,15855,32965,T299,39.12295,-94.516446,34.4,31.0,25.6
UP,0316PR007,3/5/2016,1:49 AM,Derailment,0,CHICAGO,IL,25,4,Dark,Clear,Yard,Light loco(s),7,51829,0,52814,T402,41.757563,-87.684929,31.3,35.3,42.8
BNSF,HL0720103,7/5/2020,4:43 PM,Derailment,0,NORTH KANSAS CITY,MO,85,2,Day,Clear,Yard,Freight Train,10,57928,8500,66428,T402,39.128001,-94.585886,79.7,83.0,84.1
NS,133907,5/11/2019,6:15 AM,Derailment,0,LUMBERTON,MS,72,1,Dawn,Rain,Main,Freight Train,38,1694143,1399955,3094098,T002,30.931273,-89.494857,69.5,71.2,73.7
NICD,N2100028,12/22/2021,6:50 PM,Derailment,0,MICHIGAN CITY,IN,52,4,Dark,Clear,Yard,Cut of cars,10,17092,4830,21922,T314,41.713205,-86.864495,31.3,25.7,33.4
CSX,000186349,11/1/2019,1:06 AM,Derailment,0,DEARBORN,MI,34,4,Dark,Cloudy,Yard,Freight Train,6,48112,18300,66412,T207,42.312026,-83.156324,45.1,37.5,40.7
KYLE,KYL162119D,8/25/2019,10:35 PM,Derailment,0,JAMESTOWN,KS,70,4,Dark,Clear,Yard,Freight Train,5,20000,110000,130000,T314,39.594431,-97.753851,71.4,70.6,72.0
CPKC,1001907054,5/31/2023,4:10 PM,Derailment,0,LANCASTER,MN,70,2,Day,Cloudy,Main,Freight Train,39,1790300,14396,1804696,T202,48.802916,-96.728866,70.2,71.3,74.4
NS,157415,7/18/2024,1:40 AM,Derailment,0,PERU,IN,60,4,Dark,Clear,Yard,Freight Train,8,18640,4000,30600,T399,40.760679,-86.060965,74.9,66.1,66.9
ATK,166142,12/29/2020,8:49 AM,Derailment,0,WASHINGTON,DC,30,2,Day,Clear,Yard,Yard/switching,10,68650,61200,129850,T313,38.898654,-77.006668,42.9,38.8,38.8
KJRY,07072016,7/7/2016,2:15 PM,Derailment,0,SMITHFIELD,IL,85,2,Day,Clear,Main,Freight Train,10,12500,15000,27500,T110,40.479335,-90.310393,74.3,73.3,75.7
LSRC,D150916,9/16/2015,6:00 PM,Derailment,0,ESSEXVILLE,MI,80,2,Day,Clear,Main,Freight Train,5,24952,9855,34807,T312,43.61113,-83.854926,70.9,70.0,70.4
UP,0922GL020,9/16/2022,3:45 AM,Derailment,0,SIOUX CITY,IA,64,4,Dark,Cloudy,Yard,Yard/switching,6,42451,32700,75151,T102,42.488385,-96.390081,75.6,72.2,72.5
BNSF,SF0616106,6/3/2016,2:30 AM,Derailment,0,METROPOLIS,IL,67,4,Dark,Cloudy,Industry,Freight Train,0,0,50000,218171,T207,37.203838,-88.793224,72.9,72.2,71.9
AZER,AZE901421D,10/8/2021,2:45 PM,Derailment,0,BOWIE,AZ,83,2,Day,Clear,Yard,Freight Train,0,0,45727,45727,T311,32.329848,-109.491428,72.1,72.1,70.8
CSX,000142242,2/27/2015,3:05 AM,Derailment,0,NEWTON,AL,35,4,Dark,Clear,Siding,Freight Train,8,75431,46134,121565,T111,31.355725,-85.598774,40.4,44.5,46.7
BNSF,SW1119106,11/18/2019,2:00 AM,Derailment,0,CHAMBERS,AZ,27,4,Dark,Clear,Industry,Freight Train,29,695117,50000,745117,T110,35.103174,-109.566913,41.2,44.4,45.1
IC,915848,3/11/2017,7:45 AM,Derailment,0,MOBILE,AL,72,1,Dawn,Clear,Yard,Yard/switching,6,11891,0,24611,T210,30.717615,-88.050737,68.9,63.2,54.0
NS,118595,12/17/2015,12:15 AM,Derailment,0,IRONDALE,AL,48,4,Dark,Rain,Yard,Yard/switching,10,101785,5790,107575,T207,33.548905,-86.678008,57.2,53.4,38.0
NS,113041,11/16/2014,9:20 PM,Derailment,0,ALBERTA,AL,60,4,Dark,Rain,Main,Freight Train,37,615550,178590,794140,T319,32.229229,-87.411068,39.7,56.2,46.3
FEC,D29050715,5/7/2015,1:15 AM,Derailment,0,JACKSONVILLE,FL,60,4,Dark,Clear,Yard,Light loco(s),5,10000,2885,12885,T210,30.23731,-81.599981,74.4,73.8,76.0
UP,1116DV007,11/15/2016,1:30 PM,Derailment,0,EATON,CO,72,2,Day,Clear,Industry,Freight Train,4,1508,44099,45607,T108,40.531105,-104.711625,46.0,50.7,54.0
GFRR,GFRR233319,5/23/2023,5:20 AM,Derailment,0,ALBANY,GA,68,4,Dark,Cloudy,Yard,Yard/switching,8,37810,0,37810,T207,31.575852,-84.127509,72.7,69.9,72.2
UP,0223GL030,2/24/2023,12:12 PM,Derailment,0,DE WITT,IA,24,2,Day,Cloudy,Industry,Freight Train,10,7608,50838,58446,T110,41.81201,-90.549567,29.8,21.5,31.0
CSX,000180345,12/17/2018,12:30 AM,Derailment,0,BIRMINGHAM,AL,51,4,Dark,Cloudy,Main,Freight Train,6,11000,0,29050,T316,33.529087,-86.790902,50.1,48.9,45.9
NS,133840,5/6/2019,9:51 AM,Derailment,0,WOODVILLE,AL,75,2,Day,Clear,Main,Freight Train,47,1318054,740683,2058737,T204,34.625892,-86.276185,65.8,64.8,67.8
TASD,D20190530A,5/30/2019,10:38 PM,Derailment,0,MOBILE,AL,80,4,Dark,Clear,Industry,Freight Train,2,15000,2446,17446,T109,30.6572,-88.0416,82.6,83.8,84.2
BNSF,CH0722104,7/12/2022,4:25 PM,Derailment,0,CAMANCHE,IA,82,2,Day,Clear,Industry,Freight Train,3,3000,30000,33000,T319,41.808829,-90.239057,74.8,71.7,73.5
AGR,AGR682015,4/9/2015,4:38 PM,Derailment,0,MAGNOLIA,AL,76,2,Day,Clear,Main,Freight Train,15,90735,1900,92635,T102,32.135702,-87.668061,72.1,75.2,71.9
AGR,AGR440919,7/2/2019,3:00 PM,Derailment,0,FOUNTAIN,AL,91,2,Day,Clear,Yard,Yard/switching,6,38000,8000,46000,T101,31.582036,-87.470077,84.1,83.7,81.7
BNSF,HL1218113,12/17/2018,12:30 AM,Derailment,0,BIRMINGHAM,AL,51,4,Dark,Cloudy,Main,Freight Train,0,0,16605,29050,T317,33.542822,-86.80881,50.1,48.9,45.9
CSX,000180452,12/22/2018,1:15 AM,Derailment,0,BIRMINGHAM,AL,41,4,Dark,Clear,Yard,Cut of cars,0,80372,0,143415,T207,33.543607,-86.790089,42.7,43.0,51.6
NS,118586,12/16/2015,10:00 AM,Derailment,0,VANCE,AL,59,2,Day,Clear,Industry,Freight Train,4,8600,3500,12100,T202,33.179996,-87.213929,53.4,55.8,53.9
RTDC,42199,3/23/2017,3:25 PM,Other (describe in narrative),0,AURORA,CO,40,2,Day,Clear,Main,EMU,20,16319,2211,18530,T404,39.775915,-104.944765,54.0,59.4,39.6
NS,128512,2/13/2018,7:35 AM,Derailment,0,IRONDALE,AL,45,1,Dawn,Cloudy,Yard,Yard/switching,5,285,16410,16695,T207,33.548905,-86.67801,43.3,53.3,58.6
NS,136743,1/5/2020,7:45 AM,Derailment,0,ATLANTA,GA,40,1,Dawn,Clear,Yard,Freight Train,8,595,84927,85522,T207,33.793887,-84.445407,51.9,40.7,47.2
CSX,000183183,5/26/2019,4:10 PM,Derailment,0,BIRMINGHAM,AL,81,2,Day,Clear,Yard,Freight Train,7,5590,48340,53930,T101,33.496574,-86.819192,81.1,81.4,82.7
AGR,AGR169318,2/7/2018,1:00 PM,Derailment,0,MOBILE,AL,45,2,Day,Clear,Yard,Yard/switching,4,6090,10513,16603,T110,30.712083,-88.051965,58.9,64.8,53.6
CSX,000180452,12/22/2018,1:15 AM,Derailment,0,BIRMINGHAM,AL,41,4,Dark,Clear,Yard,Freight Train,10,56191,6852,143415,T207,33.543607,-86.790089,42.7,43.0,51.6
UP,0317TC008,3/10/2017,12:51 AM,Derailment,14,GRAETTINGER,IA,11,4,Dark,Clear,Main,Freight Train,28,1255474,168397,1423871,T207,43.21788,-94.722047,26.8,13.2,17.9
NS,124652,4/9/2017,2:45 PM,Derailment,0,DEMOPOLIS,AL,80,2,Day,Clear,Yard,Freight Train,9,2750,26302,29052,T102,32.498339,-87.887092,54.7,60.8,64.4
FEC,D83120717,12/7/2017,11:15 AM,Derailment,0,WEST PALM BEACH,FL,80,2,Day,Clear,Yard,Yard/switching,4,6197,20763,26960,T314,26.734189,-80.058001,74.3,74.7,77.7
ALAB,12232015,12/23/2015,10:00 AM,Derailment,0,RANGE,AL,74,2,Day,Rain,Main,Freight Train,7,2600,18000,20600,T110,31.324444,-87.24,65.8,69.5,75.0
BNSF,KS0324110,3/23/2024,10:00 AM,Derailment,0,WELLINGTON,KS,37,2,Day,Cloudy,Yard,Freight Train,10,30079,36711,66790,T207,37.260921,-97.391692,52.6,43.1,52.1
CFRC,16160A,6/8/2016,2:57 AM,Derailment,0,ORLANDO,FL,80,4,Dark,Cloudy,Siding,Freight Train,0,0,4683,31333,T110,28.509858,-81.37977,80.5,80.0,76.5
CSX,000174412,1/30/2018,6:50 AM,Derailment,2,QUINCY,FL,43,1,Dawn,Cloudy,Main,Freight Train,24,264175,157174,421349,T207,30.582315,-84.591416,58.6,44.2,43.5
UP,1116DV009,11/18/2016,6:30 PM,Derailment,0,SOMERSET,CO,22,4,Dark,Clear,Industry,Freight Train,8,100020,9536,109556,T112,38.92696,-107.430668,39.4,28.4,33.7
FEC,D09021815,2/18/2015,6:20 PM,Derailment,0,RIVIERA BEACH,FL,55,4,Dark,Cloudy,Industry,Yard/switching,10,4452,12827,17279,T110,26.782826,-80.066759,71.9,61.9,50.6
BNSF,SW0721101,7/2/2021,7:30 PM,Derailment,0,GLENDALE,AZ,105,3,Dusk,Clear,Yard,Yard/switching,3,24145,16000,40145,T111,33.512197,-112.155102,94.9,94.1,91.9
UP,0922GL028,9/25/2022,3:30 AM,Derailment,0,DES MOINES,IA,54,4,Dark,Clear,Main,Yard/switching,3,652971,0,1952971,T207,41.5874,-93.589756,66.2,63.8,58.0
CC,1105568,6/14/2022,3:16 PM,Derailment,0,WALL LAKE,IA,93,2,Day,Clear,Main,Freight Train,25,385757,196830,582587,T204,42.265339,-95.05892,84.9,85.7,69.0
NS,132127,12/19/2018,12:10 PM,Derailment,0,MUSCLE SHOALS,AL,50,2,Day,Cloudy,Yard,Yard/switching,2,2360,10773,13133,T110,34.712551,-87.616781,42.9,46.2,49.9
UP,0622GL005,6/10/2022,8:10 AM,Derailment,0,CLINTON,IA,67,2,Day,Cloudy,Yard,Freight Train,3,40703,88640,129343,T202,41.813111,-90.229879,66.9,64.4,66.3
BNSF,PR0915108,9/16/2015,11:30 AM,Derailment,0,BRUSH,CO,80,2,Day,Clear,Yard,Yard/switching,8,17961,3000,20961,T303,40.254528,-103.614784,74.2,72.0,64.6
NS,151954,1/9/2023,3:19 AM,Derailment,0,LOUISVILLE,KY,31,4,Dark,Clear,Yard,Yard/switching,6,3350,40659,44009,T207,38.263516,-85.801424,39.9,38.5,42.7
UP,0717TC009,7/17/2017,4:37 PM,Derailment,0,FORT DODGE,IA,93,2,Day,Clear,Yard,Freight Train,6,1000,13409,14409,T399,42.502319,-94.168133,78.3,79.6,80.1
EARY,EAR706520,12/18/2020,10:00 AM,Derailment,0,BIRMINGHAM,AL,30,2,Day,Clear,Main,Yard/switching,5,20000,22500,42500,T110,33.159045,-86.297854,36.3,37.6,44.0
GFRR,GFRR233354,8/25/2023,9:35 AM,Derailment,0,ALBANY,GA,83,2,Day,Clear,Yard,Freight Train,5,43679,1000,44679,T110,31.583247,-84.105953,82.9,84.5,88.2
ATK,166003,12/4/2020,8:17 PM,Other (describe in narrative),0,WASHINGTON,DC,40,4,Dark,Rain,Yard,Yard/switching,2,0,31430,31430,T404,38.8978,-77.0058,43.4,49.3,46.3
BRC,13501,12/15/2014,3:45 AM,Other impacts,0,BEDFORD PARK,IL,45,4,Dark,Rain,Yard,Yard/switching,2,32230,785,33015,T305,41.761794,-87.759856,48.8,45.9,41.7
BNSF,SW0520102,5/19/2020,6:00 AM,Derailment,0,WINSLOW,AZ,60,1,Dawn,Clear,Yard,Freight Train,5,30476,500,30976,T111,35.029459,-110.718076,69.7,67.4,58.9
AZCR,AZCR022520,2/17/2020,11:10 AM,Derailment,0,CLARKDALE,AZ,43,2,Day,Clear,Main,Freight Train,10,6000,32000,38000,T110,34.881528,-112.174111,47.2,47.9,46.9
BJRY,1228161,12/28/2016,3:30 PM,Derailment,0,QUINCY,IL,48,2,Day,Clear,Industry,Yard/switching,5,10000,1000000,1010000,T210,39.889455,-91.404747,34.2,39.5,37.7
ALS,20191119,11/19/2019,3:30 PM,Derailment,0,EAST ST LOUIS,IL,51,2,Day,Clear,Main,Freight Train,8,37000,836,54977,T314,38.600105,-90.152614,45.8,47.0,46.2
CSX,000169836,6/23/2017,4:03 PM,Derailment,0,LOUISVILLE,KY,50,3,Dusk,Rain,Yard,Freight Train,7,13310,250,13560,T207,38.27995,-85.516779,76.0,76.9,73.1
UPME,0115PR016,1/26/2015,10:39 AM,Derailment,0,CHICAGO,IL,23,2,Day,Cloudy,Yard,Yard/switching,7,22431,93835,116266,T110,41.888432,-87.725898,31.2,25.0,28.5
NS,120622,5/23/2016,10:40 PM,Derailment,0,SOUTH WHITLEY,IN,55,4,Dark,Clear,Main,Freight Train,48,660838,370760,1031598,T312,41.08846,-85.627896,63.5,61.9,68.2
UP,0820MA031,8/24/2020,4:36 AM,Derailment,0,NORTH LITTLE ROCK,AR,71,1,Dawn,Clear,Yard,Yard/switching,4,107255,2190,177141,T403,34.771893,-92.229269,80.5,81.4,82.5
UP,0216LK013,2/16/2016,8:10 PM,Derailment,0,SHREVEPORT,LA,56,4,Dark,Cloudy,Yard,Yard/switching,4,1615,241708,243323,T199,32.432735,-93.909754,58.5,57.9,52.7
KO,231228001,12/28/2023,12:20 AM,Derailment,0,WICHITA,KS,28,4,Dark,Clear,Industry,Freight Train,2,14200,1000,15200,T111,37.592099,-97.410514,32.0,32.6,37.5
ATK,174645,5/7/2023,3:08 PM,Derailment,0,CHICAGO,IL,75,2,Day,Clear,Main,Passenger Train - Pulling,14,322680,21093,343773,T311,41.878195,-87.638443,67.9,70.6,54.7
NOPB,D20170610E,6/10/2017,8:45 AM,Derailment,0,NEW ORLEANS,LA,82,2,Day,Clear,Siding,Freight Train,7,60780,14167,114947,T199,29.961803,-90.053603,78.8,80.8,81.0
UP,0919PR020,9/29/2019,6:45 PM,Derailment,0,CREVE COEUR,IL,69,3,Dusk,Cloudy,Main,Freight Train,9,636,0,50607,T319,40.658655,-89.604622,68.3,70.2,76.3
BNSF,CH1122115,11/23/2022,10:11 AM,Derailment,0,ROCK ISLAND,IL,60,2,Day,Clear,Yard,Freight Train,10,1600,175000,176600,T314,41.510616,-90.583691,34.4,42.8,47.9
KCS,16121601,12/16/2016,11:30 PM,Derailment,0,LAKE CHARLES,LA,60,4,Dark,Rain,Industry,Yard/switching,5,36679,500,37179,T402,30.239722,-93.274167,47.8,57.1,73.5
TPW,TPW052916R,8/12/2016,8:30 PM,Derailment,0,EUREKA,IL,74,4,Dark,Rain,Industry,Freight Train,7,290350,85000,375350,T111,40.722,-89.31,81.6,77.3,75.1
BNSF,KS1223114,12/18/2023,1:20 PM,Derailment,0,NEWTON,KS,52,2,Day,Clear,Yard,Freight Train,5,165867,103960,269827,T207,38.025878,-97.374354,39.8,35.4,39.8
UP,0121MA022,1/20/2021,4:32 PM,Derailment,0,NORTH LITTLE ROCK,AR,45,2,Day,Rain,Yard,Yard/switching,3,18580,7640,26220,T207,34.771469,-92.228674,51.8,42.7,46.7
BNSF,CH1217100,12/1/2017,12:05 AM,Derailment,0,AURORA,IL,40,4,Dark,Clear,Yard,Yard/switching,6,28000,4000,32000,T206,41.772233,-88.263959,42.6,35.7,38.7
NIRC,2019071763,10/24/2019,11:30 PM,Other impacts,0,CHICAGO,IL,45,4,Dark,Cloudy,Main,EMU,0,10463,877,11340,T404,41.68544,-87.61145,49.6,46.9,45.6
CSX,000156616,1/29/2016,4:08 AM,Derailment,0,BURKVILLE,AL,37,4,Dark,Clear,Siding,Freight Train,3,28087,451,28538,T110,32.32741,-86.504922,45.6,48.1,51.5
MNBR,MNB640623D,12/18/2023,4:00 PM,Derailment,0,MYRTLEWOOD,AL,49,2,Day,Clear,Main,Freight Train,10,42867,20000,62867,T101,32.260706,-87.936734,51.9,46.7,38.2
NIRC,2020071860,2/22/2020,7:03 AM,Derailment,0,CHICAGO,IL,50,1,Dawn,Clear,Main,Freight Train,0,0,10443,24056,T314,41.525043,-87.372284,25.0,38.0,43.5
UP,0716TC008,7/10/2016,6:20 PM,Derailment,0,CHAPIN,IA,85,2,Day,Clear,Industry,Freight Train,8,250,64250,64500,T110,42.840142,-93.222538,69.7,68.5,78.5
LAS,220913004,9/13/2022,9:30 PM,Derailment,0,MINDEN,LA,75,4,Dark,Clear,Yard,Yard/switching,3,18500,38796,57296,T314,32.605425,-93.291951,70.5,68.7,70.6
BNSF,PR1123105,11/12/2023,7:15 AM,Derailment,0,PINECLIFFE,CO,42,1,Dawn,Clear,Main,Freight Train,20,1395931,0,1439728,T204,39.931846,-105.428438,41.0,44.6,42.4