reportingrailroadcode,accidentnumber,date,time,accidenttype,hazmatreleasedcars,station,stateabbr,temperature,visibility_code,visibility,weathercondition,tracktype,equipmenttype,trainspeed,equipmentdamagecost,trackdamagecost,totaldamagecost,primaryaccidentcausecode,latitude,longitude,prior_temp,actual_temp,following_temp
PGBX,RAI139123,4/22/2023,10:00 AM,Derailment,0,PORT ALLEN,LA,70,2,Day,Clear,Industry,Yard/switching,5,10000,2000,12000,T314,30.43344,-91.208548,71.7,67.6,63.7
CSX,000173977,1/11/2018,3:55 AM,Derailment,0,BIRMINGHAM,AL,54,4,Dark,Clear,Yard,Single Car,5,16801,106,16907,T001,33.543607,-86.790089,59.8,64.7,44.0
BNSF,CH0916112,9/22/2016,2:45 AM,Derailment,0,CHICAGO,IL,70,4,Dark,Clear,Yard,Yard/switching,5,26078,5000,31078,T403,41.82209,-87.71474,71.4,75.1,71.8
UP,0323HL044,3/31/2023,11:30 PM,Derailment,0,KANSAS CITY,KS,55,4,Dark,Cloudy,Yard,Freight Train,1,16872,7898,24770,T205,39.098839,-94.673024,55.9,67.1,47.2
NS,140333,1/20/2021,2:45 PM,Derailment,0,RICHMOND,IN,30,2,Day,Clear,Yard,Freight Train,3,4287,15300,19587,T102,39.834854,-84.890614,32.7,31.7,38.3
UP,0723MA026,7/16/2023,7:39 PM,Derailment,0,EAST ST LOUIS,IL,79,3,Dusk,Clear,Yard,Freight Train,2,24975,0,25575,T403,38.583865,-90.13557,77.2,75.9,75.4
TASD,D20230126A,1/26/2023,1:35 AM,Derailment,0,MOBILE,AL,42,4,Dark,Clear,Yard,Freight Train,8,10130,15311,25441,T202,30.70956,-88.045794,57.8,47.5,44.0
UP,0717LV017,7/14/2017,8:30 PM,Derailment,0,WESTLAKE,LA,87,4,Dark,Cloudy,Industry,Yard/switching,7,25727,7001,32728,T110,30.238092,-93.290104,81.6,80.0,78.3
CP,1000399969,5/22/2016,3:32 PM,Derailment,0,CLINTON,IA,83,2,Day,Clear,Main,Freight Train,29,670636,301200,971836,T109,41.990879,-90.163639,63.4,67.9,71.4
SAPT,SAP678215,3/31/2015,11:15 PM,Derailment,0,GARDEN CITY,GA,60,4,Dark,Rain,Yard,Yard/switching,4,4000,9999,13999,T314,32.164512,-81.180087,54.4,65.5,65.0
TRRA,15008,3/17/2015,6:55 PM,Derailment,0,VENICE,IL,49,3,Dusk,Clear,Yard,Freight Train,0,0,11834,31834,T199,38.662547,-90.160502,63.4,52.9,41.8
UP,0616CB005,6/17/2016,5:35 AM,Derailment,0,SIOUX CITY,IA,80,1,Dawn,Clear,Yard,Yard/switching,5,9618,5446,15064,T311,42.514835,-96.384738,79.8,83.0,75.6
CSX,000216704,3/8/2024,6:57 AM,Derailment,0,VENICE,IL,60,1,Dawn,Cloudy,Yard,Freight Train,5,5700,0,69693,T199,38.642282,-90.098859,50.3,55.2,45.7
BAYL,BAY674615,3/21/2015,9:08 AM,Derailment,0,PANAMA CITY,FL,65,2,Day,Clear,Yard,Freight Train,8,60000,30000,90000,T103,30.185513,-85.645911,68.3,70.7,71.2
IC,924910,6/5/2017,6:30 AM,Derailment,1,GEISMAR,LA,75,2,Day,Cloudy,Yard,Freight Train,10,345501,85589,431090,T110,30.167011,-90.964198,78.5,75.6,74.3
NS,139128,9/11/2020,12:05 PM,Derailment,0,NEW ORLEANS,LA,90,2,Day,Clear,Yard,Freight Train,4,14040,2096,16136,T314,29.975082,-90.04485,85.0,82.4,80.9
GFRR,GFRR151058,4/17/2015,11:30 PM,Derailment,0,CAMILLA,GA,78,4,Dark,Clear,Main,Freight Train,10,400000,50000,450000,T210,31.252382,-84.199303,68.4,66.9,72.4
BNSF,SF0316119,3/25/2016,8:50 AM,Derailment,0,MONTROSE,IA,45,1,Dawn,Clear,Industry,Freight Train,7,56007,250000,306007,T101,40.487948,-91.372461,41.1,40.8,47.9
CSX,000215534,1/12/2024,11:30 AM,Derailment,0,BIRMINGHAM,AL,51,2,Day,Rain,Main,Freight Train,4,1800,1049,13449,T308,33.508499,-86.814531,52.4,53.8,36.4
BNSF,NE0715112,7/24/2015,10:34 PM,Derailment,0,CHILLICOTHE,IA,74,4,Dark,Cloudy,Industry,Freight Train,7,356820,130000,486820,T001,41.096226,-92.543873,72.8,73.6,78.2
CVR,CVR00044F,2/1/2024,5:32 AM,Derailment,0,SUBLETTE,KS,39,4,Dark,Fog,Main,Freight Train,10,50000,13350,63350,T102,37.487955,-100.82914,46.7,49.8,41.3
ATK,139186,9/11/2015,5:38 PM,Derailment,0,NEW ORLEANS,LA,90,2,Day,Clear,Yard,Light loco(s),5,12800,5000,17800,T110,29.951978,-89.998713,79.1,75.3,77.5
BNSF,KS0524107,5/25/2024,3:45 AM,Derailment,0,EMPORIA,KS,60,4,Dark,Clear,Main,Freight Train,0,0,5654,31658,T314,38.403387,-96.163019,73.2,69.5,71.2
BNSF,PR1023104,10/9/2023,4:58 PM,Derailment,0,COLORADO SPGS,CO,70,3,Dusk,Clear,Yard,Freight Train,0,0,80818,527218,T399,38.79482,-104.781154,58.2,59.2,60.6
CSX,000174591,2/7/2018,8:35 PM,Derailment,0,EVANSVILLE,IN,24,4,Dark,Clear,Yard,Freight Train,6,167725,90880,258605,T110,37.962372,-87.609363,31.0,28.3,28.1
CSX,000219091,7/5/2024,1:05 AM,Derailment,0,LINDEN,IN,65,4,Dark,Cloudy,Industry,Freight Train,7,175478,9477,184955,T202,40.192659,-86.904885,73.5,71.3,71.6
UP,1017SL006,10/8/2017,12:45 AM,Derailment,0,PONTIAC,IL,49,4,Dark,Cloudy,Industry,Freight Train,4,235035,6489,241524,T205,40.918761,-88.603684,68.7,63.5,64.6
BNSF,CH0216110,2/10/2016,10:42 AM,Derailment,0,CHICAGO,IL,19,2,Day,Clear,Yard,Freight Train,10,250,50000,50250,T111,41.84412,-87.739363,17.8,14.1,15.7
MNBR,MNB991922,7/17/2022,3:00 PM,Derailment,0,LINDEN,AL,91,2,Day,Clear,Main,Freight Train,10,3500,28190,31690,T109,32.27494,-87.71707,81.2,82.0,82.8
ATK,140984,1/18/2016,6:11 AM,Other (describe in narrative),0,"WASHINGTON, DC",DC,20,1,Dawn,Clear,Main,EMU,0,0,4500,15080,T404,38.902234,-77.004646,35.6,22.6,20.6
PAL,2019SEP1D,9/8/2019,9:50 AM,Derailment,0,PADUCAH,KY,85,2,Day,Clear,Yard,Freight Train,7,4505,44947,49452,T201,37.084481,-88.593811,71.7,70.6,76.1
UP,0316CB007,3/27/2016,3:45 PM,Derailment,0,CLINTON,IA,40,2,Day,Cloudy,Yard,Yard/switching,4,2201,268084,270285,T207,41.81155,-90.235174,43.5,42.0,45.8
CSX,000199991,9/10/2021,5:30 AM,Derailment,0,LAKELAND,FL,72,1,Dawn,Clear,Yard,Freight Train,10,20925,2388,23313,T101,28.027275,-82.011215,77.9,79.9,78.4
UP,1121MA008,11/5/2021,1:38 PM,Derailment,0,WHITE HALL,AR,54,2,Day,Clear,Industry,Yard/switching,4,21169,0,21169,T110,34.268153,-92.062037,45.3,45.2,46.5
LDRR,LDR789621,6/2/2021,10:30 PM,Derailment,0,LAFAYETTE,LA,85,4,Dark,Clear,Yard,Freight Train,10,15000,0,55762,T108,30.234937,-92.034767,78.1,79.5,76.1
UP,0620LA046,6/26/2020,5:05 PM,Derailment,0,TEMPE,AZ,109,2,Day,Clear,Main,Freight Train,24,90037,16764,106801,T110,33.433706,-111.943939,97.4,96.2,95.8
BNSF,KS0322111,3/20/2022,12:56 AM,Derailment,0,KANSAS CITY,KS,50,4,Dark,Clear,Yard,Yard/switching,3,10104,2347,12451,T102,39.084763,-94.67905,47.7,61.4,58.9
KAW,220304005,3/4/2022,3:00 PM,Derailment,0,KANSAS CITY,KS,60,2,Day,Clear,Industry,Freight Train,4,0,15000,15000,T110,39.08894,-94.65306,48.7,53.7,60.3
NS,137507,3/17/2020,2:00 AM,Derailment,0,OAKLEY,IL,45,4,Dark,Clear,Yard,Yard/switching,7,11732,2781,14513,T110,39.862598,-88.881305,39.1,43.2,45.2
BNSF,KS1114114,11/24/2014,9:30 PM,Derailment,0,LAWRENCE,KS,28,4,Dark,Clear,Industry,Freight Train,5,17972,1000,18972,T207,38.996908,-95.249932,50.5,34.3,31.2
IC,1105942,6/18/2022,1:30 AM,Derailment,0,BATON ROUGE,LA,85,4,Dark,Clear,Industry,Yard/switching,4,33100,5000,38100,T106,30.479746,-91.187553,83.4,86.6,86.9
NS,139205,9/19/2020,8:30 PM,Derailment,0,NEW ORLEANS,LA,69,4,Dark,Clear,Yard,Freight Train,5,25607,4099,29706,T314,29.989434,-90.044345,79.0,74.0,72.7
UP,1015CB006,10/9/2015,8:15 PM,Derailment,0,SIOUX CITY,IA,65,4,Dark,Clear,Yard,Freight Train,0,0,3750,10750,T314,42.492693,-96.392374,63.0,54.5,59.8
CSX,000141127,2/6/2015,6:50 PM,Derailment,0,MADISONVILLE,KY,38,3,Dusk,Clear,Yard,Freight Train,0,0,31490,84490,T207,37.332546,-87.483923,23.5,33.2,51.2
KCS,18101601,10/16/2018,2:49 PM,Derailment,0,ASHDOWN,AR,47,2,Day,Rain,Industry,Freight Train,0,0,15761,17261,T314,33.646033,-94.104312,54.6,47.9,53.4
NS,136714,1/2/2020,8:35 PM,Derailment,0,LAURA,KY,35,4,Dark,Rain,Siding,Freight Train,8,2314,21178,23492,T207,37.735893,-82.508889,41.9,45.6,53.5
TIBR,IN17112800,11/28/2017,10:00 AM,Derailment,0,LAKE CHARLES,LA,65,2,Day,Rain,Industry,Yard/switching,7,30000,0,30000,T303,30.165946,-93.181721,53.9,58.6,65.9
BNSF,KS0723102,7/9/2023,12:40 PM,Derailment,0,DODGE CITY,KS,90,2,Day,Clear,Main,Freight Train,9,46361,56576,102937,T001,37.75277,-100.027595,70.0,67.4,73.7
UP,0722MA035,7/15/2022,4:43 PM,Derailment,0,MALVERN,AR,98,2,Day,Clear,Yard,Freight Train,5,15402,35400,50802,T108,34.362384,-92.818431,84.7,84.7,86.9
UP,0519MA031,5/13/2019,8:31 PM,Derailment,0,ROE,AR,69,4,Dark,Clear,Main,Freight Train,37,7118,256220,263338,T001,34.651655,-91.367178,62.9,65.5,69.3
NS,155035,12/11/2023,8:00 PM,Derailment,0,BOONVILLE,IN,30,4,Dark,Clear,Main,Freight Train,24,514773,28166,542939,T207,37.982872,-87.3084,37.0,32.5,40.1
NS,152680,3/31/2023,1:30 AM,Derailment,0,IRONDALE,AL,55,4,Dark,Clear,Yard,Cut of cars,0,186028,0,1316505,T207,33.555373,-86.683972,59.7,68.8,71.9
IC,1098399,3/30/2022,8:30 PM,Derailment,0,GEISMAR,LA,74,4,Dark,Cloudy,Yard,Yard/switching,4,244764,48553,293317,T307,30.178212,-90.97619,72.7,73.7,62.3
CRL,CRL161576,9/14/2016,2:05 AM,Derailment,0,BLUE ISLAND,IL,68,4,Dark,Clear,Yard,Freight Train,0,0,12201,14142,T311,41.669823,-87.669913,72.9,69.7,69.7
TASD,D20141115A,11/15/2014,1:00 PM,Derailment,0,MOBILE,AL,53,2,Day,Clear,Industry,Freight Train,4,67700,2312,70012,T210,30.651513,-88.03571,40.9,43.6,60.3
NS,124512,3/29/2017,9:12 AM,Derailment,0,DECATUR,IL,50,2,Day,Cloudy,Yard,Yard/switching,6,10790,800,11590,T303,39.858401,-88.898396,50.6,49.7,55.7
BNSF,HL0220101,2/3/2020,1:54 AM,Derailment,0,CRESTON,IA,32,4,Dark,Clear,Yard,Freight Train,6,143829,5500,149329,T111,41.056456,-94.362531,40.7,32.4,23.9
CSX,000165963,1/14/2017,7:45 AM,Derailment,0,EVANSVILLE,IN,34,1,Dawn,Rain,Yard,Freight Train,6,42403,2401,44804,T207,37.962372,-87.609363,34.7,38.2,38.7
UP,0415CB001,4/7/2015,7:35 PM,Derailment,0,CLINTON,IA,48,3,Dusk,Cloudy,Yard,Yard/switching,9,11657,3479,15136,T309,41.820277,-90.212614,52.3,46.0,48.5
TASD,D20230128A,1/28/2023,9:40 AM,Derailment,0,MOBILE,AL,56,2,Day,Clear,Yard,Freight Train,0,0,27414,27414,T111,30.715752,-88.05015,44.0,49.8,59.9
NS,121983,9/8/2016,8:40 AM,Derailment,0,DOCK JUNCTION,GA,84,2,Day,Clear,Main,Light loco(s),2,14,0,40160,T311,31.184759,-81.500242,76.0,78.7,78.6
UP,0921HL021,9/26/2021,10:00 AM,Derailment,0,HERINGTON,KS,73,2,Day,Clear,Yard,Freight Train,10,315675,474383,790058,T201,38.675747,-96.949457,63.1,78.6,79.5
CW,15052015,5/5/2015,2:15 PM,Derailment,0,PUEBLO,CO,0,2,Day,Rain,Yard,Yard/switching,8,8041,10710,18751,T110,38.230118,-104.599166,59.2,52.7,55.5
NS,145623,6/20/2022,10:20 PM,Derailment,0,IRONDALE,AL,74,4,Dark,Clear,Yard,Yard/switching,7,19000,19695,38695,T101,33.548905,-86.678008,77.7,81.5,83.8
UP,0815LV001,8/4/2015,5:20 PM,Derailment,0,AVONDALE,LA,90,2,Day,Cloudy,Yard,Yard/switching,6,2100,131530,133630,T113,29.915918,-90.191534,84.5,82.9,84.2
UP,0316TC009,3/16/2016,6:10 PM,Derailment,0,ASHTON,IA,45,2,Day,Cloudy,Industry,Freight Train,2,4531,50932,55463,T207,43.276723,-95.80425,50.3,41.7,36.3
IAIS,2017019,6/1/2017,1:45 PM,Derailment,0,COUNCIL BLUFFS,IA,84,2,Day,Clear,Yard,Freight Train,4,3179,18217,21396,T314,41.232487,-95.834718,64.4,70.0,76.7
UP,0822GC024,8/27/2022,8:00 PM,Derailment,0,WESTWEGO,LA,82,4,Dark,Cloudy,Yard,Yard/switching,8,3605,9620,13225,T315,29.919019,-90.190572,79.8,81.0,83.4
UP,0615DV004,6/9/2015,1:50 PM,Derailment,0,COMMERCE CITY,CO,90,2,Day,Clear,Industry,Freight Train,10,191395,205093,396488,T110,39.86983,-105.000365,65.7,70.5,65.5
BRC,13480,11/8/2014,8:15 PM,Derailment,0,BEDFORD PARK,IL,42,4,Dark,Clear,Yard,Yard/switching,4,158478,3855,162333,T305,41.761814,-87.727263,40.8,44.5,44.5
CRL,CRL192438,4/6/2019,2:50 PM,Derailment,0,CHICAGO,IL,65,2,Day,Clear,Yard,Freight Train,6,43000,51985,94985,T106,41.723096,-87.560513,46.4,52.5,59.7
UP,0918KC001,9/1/2018,10:50 AM,Derailment,0,KANSAS CITY,KS,86,2,Day,Clear,Yard,Yard/switching,5,7590,3305,10895,T110,39.098746,-94.619059,78.3,84.6,81.8
BNSF,HL0117103,1/4/2017,8:19 AM,Derailment,0,COUNCIL BLUFFS,IA,14,1,Dawn,Cloudy,Industry,Light loco(s),5,43566,500,44066,T319,41.189498,-95.83425,18.5,8.9,7.0
BNSF,PR0117112,1/21/2017,8:15 AM,Derailment,0,STERLING,CO,38,1,Dawn,Clear,Main,Freight Train,16,38682,104578,163349,T309,40.651311,-103.184937,31.9,31.4,35.3
NS,152017,1/14/2023,2:00 AM,Derailment,0,CALERA,AL,50,4,Dark,Clear,Industry,Freight Train,5,80000,0,80000,T207,33.09564,-86.802531,40.2,38.4,40.3
WC,834431,12/4/2014,1:40 AM,Derailment,0,GARY,IN,30,4,Dark,Cloudy,Yard,Yard/switching,5,10888,0,27881,T311,41.609225,-87.338514,30.1,30.6,35.8
CPKC,23090101,9/1/2023,3:00 PM,Derailment,0,GIBSLAND,LA,100,2,Day,Clear,Main,Freight Train,47,996380,57739,1054119,T401,32.546484,-93.093523,79.5,79.3,83.4
NS,146535,9/19/2022,11:21 AM,Derailment,1,ALBERS,IL,92,2,Day,Clear,Main,Freight Train,44,1511362,831084,2342446,T001,38.531871,-89.640287,74.2,80.3,81.7
BNSF,KS0323120,3/26/2023,4:43 PM,Derailment,0,GARDEN CITY,KS,60,2,Day,Clear,Yard,Freight Train,4,11871,2500,14371,T210,37.965999,-100.883114,33.7,34.7,34.0
NICD,N1700042,12/9/2017,10:00 AM,Other impacts,0,OGDEN DUNES,IN,20,2,Day,Clear,Main,Commuter Train - Pulling,20,5191,19012,24203,T499,41.622061,-87.190605,24.7,28.4,26.8
NS,125383,6/10/2017,8:45 AM,Derailment,0,NEW ORLEANS,LA,80,2,Day,Clear,Yard,Freight Train,0,0,40000,114947,T199,29.966775,-90.047507,78.8,80.8,81.0
CSX,000176943,6/11/2018,5:45 AM,Side collision,0,BIRMINGHAM,AL,85,4,Dark,Clear,Yard,Yard/switching,0,31983,0,99910,T001,33.543607,-86.790089,76.8,74.8,75.3
UP,0315DV030,3/23/2015,12:00 AM,Derailment,0,DENVER,CO,50,4,Dark,Clear,Yard,Light loco(s),1,87680,1190,88870,T111,39.788851,-104.954164,55.1,53.1,49.5
NS,127681,12/7/2017,7:35 AM,Derailment,0,ROCKFIELD,IN,23,1,Dawn,Clear,Siding,Freight Train,24,169140,129512,298652,T207,40.641293,-86.574837,31.8,23.8,23.5
BNSF,KS0123107,1/17/2023,5:10 AM,Derailment,0,NEWTON,KS,32,1,Dawn,Clear,Yard,Light loco(s),4,2500,21132,23632,T207,38.043713,-97.350087,49.8,39.4,41.4
UP,1023PR014,10/22/2023,5:20 AM,Derailment,0,NORTHLAKE,IL,44,1,Dawn,Clear,Yard,Yard/switching,4,10138,11250,21388,T317,41.925965,-87.914154,53.7,50.2,55.4
UP,0916PR015,9/25/2016,10:15 AM,Derailment,0,WEST CHICAGO,IL,80,2,Day,Clear,Yard,Freight Train,5,3049,9720,12769,T319,41.882934,-88.244151,68.7,72.6,62.4
FEC,D138102114,10/21/2014,1:45 AM,Derailment,0,MEDLEY,FL,77,4,Dark,Clear,Industry,Yard/switching,8,10373,3841,14214,T110,25.880051,-80.366244,77.1,76.5,77.2
UP,0915TC020,9/30/2015,5:15 PM,Derailment,0,WEST DES MOINES,IA,63,2,Day,Cloudy,Yard,Yard/switching,5,5741,5628,11369,T111,41.567124,-93.690701,64.5,56.2,54.8
MBTA,YR202130,4/22/2021,8:35 PM,Derailment,0,FRAMINGHAM,MA,42,3,Dusk,Clear,Yard,Freight Train,0,0,47344,50094,T314,42.278197,-71.411043,54.8,39.4,48.4
CSX,000177670,7/17/2018,6:25 PM,Derailment,0,DECATUR,AL,88,2,Day,Clear,Yard,Freight Train,8,107168,570,107738,T206,34.58851,-86.985257,76.9,77.5,80.2
UP,1122HL017,11/17/2022,10:30 AM,Derailment,0,EMMETT,KS,35,2,Day,Cloudy,Industry,Freight Train,6,715260,33,715293,T001,39.331518,-96.128717,27.2,30.3,22.3
NIRC,9419000540,11/17/2021,7:16 AM,Other impacts,0,CHICAGO,IL,41,1,Dawn,Clear,Main,EMU,65,22452,7503,29955,T404,41.84426,-87.6134,42.1,54.2,34.7
TPW,TPW115622R,5/15/2022,11:45 AM,Derailment,0,SWAYZEE,IN,85,2,Day,Clear,Main,Freight Train,10,120000,0,177242,T109,40.516083,-85.772458,68.9,68.1,63.2
UP,0620MA005,6/1/2020,9:11 PM,Derailment,0,LITTLE ROCK,AR,73,4,Dark,Cloudy,Main,Freight Train,24,13823,196766,210589,T318,34.75092,-92.286781,71.5,72.9,74.0
UP,0722MA009,7/4/2022,4:00 AM,Other impacts,0,SHREVEPORT,LA,80,1,Dawn,Clear,Yard,Single Car,5,6313,0,19458,T103,32.435537,-93.917433,86.2,87.8,88.6
UP,0722MA009,7/4/2022,4:00 AM,Other impacts,0,SHREVEPORT,LA,80,1,Dawn,Clear,Yard,Yard/switching,7,13145,0,19458,T103,32.435537,-93.917433,86.2,87.8,88.6
EARY,EAR096423,2/1/2023,12:00 PM,Derailment,0,TALLADEGA,AL,49,2,Day,Cloudy,Main,Freight Train,7,166319,60000,226319,T201,33.274883,-86.208889,45.3,33.9,31.2
IR,202717,1/30/2020,10:00 AM,Derailment,0,OTTAWA,IL,33,2,Day,Clear,Yard,Yard/switching,4,19250,15000,34250,T101,41.360216,-88.83215,28.9,30.4,32.3
NIRC,MEJ066,6/18/2016,8:44 AM,Derailment,0,CHICAGO,IL,80,2,Day,Clear,Main,EMU,10,73000,15000,88000,T108,41.883983,-87.623227,73.1,76.1,80.6
UP,0216PC005,2/10/2016,7:30 AM,Derailment,0,AMERICAN FALLS,ID,12,2,Day,Clear,Main,Freight Train,48,1641123,214439,1855562,T299,42.774057,-112.881582,24.8,23.9,27.2
NS,152766,4/8/2023,10:15 PM,Derailment,0,JASPER,AL,50,4,Dark,Rain,Main,Freight Train,15,429521,384117,813638,T001,33.863631,-87.315751,53.7,51.9,55.8
BNSF,CH0916115,9/28/2016,5:40 AM,Derailment,0,HARVEY,IA,54,1,Dawn,Cloudy,Main,Freight Train,10,34355,250,34605,T106,41.318086,-92.934449,61.9,56.5,60.2
CFE,CFE998816R,6/15/2016,9:30 PM,Derailment,0,FORT WAYNE,IN,77,4,Dark,Fog,Main,Freight Train,0,0,11710,20551,T207,41.071439,-85.108189,69.5,73.8,70.1
NS,156184,3/27/2024,5:10 PM,Derailment,0,MASSILLON,AL,56,3,Dusk,Clear,Yard,Freight Train,10,5000,98570,103570,T110,32.435097,-87.295432,60.5,59.9,58.2
CVR,CVR00047F,3/9/2024,2:00 AM,Derailment,0,MOSCOW,KS,25,4,Dark,Clear,Main,Freight Train,10,34000,27190,61190,T210,37.336599,-101.194484,31.2,37.7,45.8
NS,156023,3/12/2024,12:15 AM,Derailment,0,GALLION,AL,50,4,Dark,Clear,Main,Freight Train,22,612712,426900,1039612,T002,32.510066,-87.762156,49.9,55.4,62.2
SKOL,210414002,4/14/2021,4:30 PM,Derailment,0,WINFIELD,KS,64,2,Day,Clear,Yard,Freight Train,3,38667,17800,56467,T314,37.2443,-97.009,51.5,53.1,50.9
NS,140150,1/3/2021,9:45 AM,Derailment,0,DAYTON,IN,34,2,Day,Cloudy,Yard,Yard/switching,4,22977,8240,31217,T207,40.374001,-86.814948,34.9,33.4,32.1
CSX,000159652,5/10/2016,12:30 AM,Derailment,0,AVON,IN,58,4,Dark,Clear,Yard,Yard/switching,8,83080,3250,86330,T311,39.759791,-86.327526,56.4,64.6,68.3
TPW,TPW330817D,6/13/2017,1:50 PM,Derailment,0,CHATSWORTH,IL,94,2,Day,Clear,Main,Freight Train,17,18872,45000,63872,T109,40.753793,-88.283486,83.4,83.9,78.9
CFE,CFE178217D,1/5/2017,7:50 PM,Derailment,0,HOAGLAND,IN,6,4,Dark,Clear,Main,Freight Train,10,306752,115000,421752,T207,40.993972,-85.017172,22.9,13.5,7.4
IAIS,2015049,4/27/2015,8:25 AM,Derailment,0,NEWTON,IA,55,2,Day,Clear,Yard,Yard/switching,10,19110,1835,20945,T309,41.727461,-93.019472,50.7,53.2,59.8
LAS,D644314,12/7/2014,11:00 AM,Derailment,0,HODGE,LA,54,2,Day,Clear,Yard,Yard/switching,5,37378,3184,40562,T102,32.16442,-92.435121,60.5,46.2,46.3
IC,836949,1/7/2015,1:40 AM,Derailment,0,CONVENT,LA,41,4,Dark,Clear,Industry,Freight Train,4,128716,5261,133977,T309,30.048791,-90.833347,47.4,46.8,31.0
UP,1021MA029,10/18/2021,1:55 PM,Derailment,0,SHREVEPORT,LA,75,2,Day,Clear,Yard,Yard/switching,6,5243,89830,95073,T314,32.429616,-93.901969,60.0,62.1,62.9
UP,0822MA004,8/3/2022,11:20 AM,Derailment,0,MONROE,LA,84,2,Day,Cloudy,Industry,Light loco(s),7,12843,2920,15763,T311,32.439265,-92.100309,81.7,80.2,81.7
BRC,13797,11/19/2016,1:16 PM,Derailment,0,BEDFORD PARK,IL,45,2,Day,Clear,Yard,Freight Train,4,23068,1115,24183,T111,41.51289,-87.44357,57.8,36.4,30.0
UP,0817SL006,8/8/2017,12:46 PM,Derailment,0,VILLA GROVE,IL,79,2,Day,Clear,Yard,Freight Train,8,5123,8052,13175,T314,39.859652,-88.162953,69.3,68.3,67.9
LAS,210604006,6/4/2021,8:00 PM,Derailment,0,MINDEN,LA,80,4,Dark,Clear,Industry,Freight Train,5,40000,8000,48000,T110,32.568521,-93.29172,72.1,70.6,71.2
BNSF,CH1018121,10/31/2018,12:00 PM,Derailment,0,CHICAGO,IL,65,2,Day,Clear,Yard,Cut of cars,4,40634,0,43894,T210,41.858284,-87.681917,54.8,52.9,49.6
BNSF,KS0723105,7/15/2023,5:57 PM,Derailment,0,PEABODY,KS,90,3,Dusk,Clear,Siding,Freight Train,9,615967,1257503,1873470,T001,38.161385,-97.111229,76.7,77.8,80.7
NS,124366,3/17/2017,12:00 PM,Derailment,0,MIDDLESBORO,KY,45,2,Day,Cloudy,Yard,Light loco(s),6,74,12014,12088,T210,36.61098,-83.711502,29.1,35.9,50.5
UP,0516TC001,5/3/2016,3:41 AM,Derailment,0,GOLDFIELD,IA,41,4,Dark,Cloudy,Main,Freight Train,22,266230,150139,416369,T207,42.729252,-93.913388,50.1,55.7,55.2
UP,0115CB009,1/16/2015,9:35 PM,Derailment,0,CLINTON,IA,32,4,Dark,Cloudy,Yard,Yard/switching,7,415,30950,31365,T199,41.812238,-90.233387,25.6,26.0,37.4
UP,0717ST019,7/19/2017,3:28 PM,Derailment,0,COOLIDGE,AZ,95,2,Day,Fog,Industry,Freight Train,2,79560,1269,80829,T206,32.92087,-111.510429,85.0,87.3,89.1
CC,871372,11/15/2015,1:12 AM,Derailment,0,SIOUX CITY,IA,46,4,Dark,Clear,Yard,Yard/switching,8,146042,10806,156848,T210,42.499548,-96.3916,45.7,52.2,52.8
BNSF,KS1023116,10/29/2023,10:30 AM,Derailment,0,HUTCHINSON,KS,32,2,Day,Cloudy,Yard,Yard/switching,5,15803,16860,32663,T303,38.047907,-97.865131,32.9,32.2,32.4
ATK,174559,4/28/2023,1:40 PM,Derailment,0,CHICAGO,IL,54,2,Day,Clear,Main,Passenger Train - Pulling,14,304661,47982,352643,T311,41.878195,-87.638443,51.5,53.6,50.2
BLOL,16,2/9/2016,11:00 AM,Derailment,0,GIBSON CITY,IL,40,2,Day,Clear,Siding,Freight Train,5,0,12000,12000,T113,40.467533,-88.37839,27.1,18.6,15.3
CSX,000177490,7/9/2018,2:26 PM,Derailment,0,MADISONVILLE,KY,86,2,Day,Clear,Main,Freight Train,15,33794,11812,45606,T108,37.270814,-87.464113,78.0,79.4,81.6
UP,1016DV013,10/23/2016,10:47 AM,Derailment,0,COLBY,KS,70,2,Day,Cloudy,Industry,Freight Train,8,52164,61290,113454,T210,39.36173,-101.009725,57.8,54.7,52.2
RRRR,01032024DR,1/3/2024,7:30 AM,Derailment,0,PENROSE,CO,20,2,Day,Clear,Main,Freight Train,33,560000,0,911840,T207,38.388721,-105.013505,34.2,31.6,29.1
INRD,644237,2/22/2018,10:44 AM,Derailment,0,TERRE HAUTE,IN,40,2,Day,Cloudy,Industry,Freight Train,3,10000,15000,25000,T202,39.442917,-87.416406,38.3,41.9,48.8
UP,0621MA021,6/16/2021,7:01 AM,Derailment,0,HOPE,AR,73,1,Dawn,Clear,Yard,Yard/switching,7,19915,68928,88843,T108,33.692772,-93.604919,83.6,84.6,83.5
TRRA,14034,11/28/2014,2:15 PM,Derailment,0,MADISON,IL,48,2,Day,Clear,Yard,Freight Train,7,149250,20000,169250,T111,38.67262,-90.163186,30.6,36.9,52.1
CSX,000158236,3/17/2016,6:10 AM,Derailment,0,EAST ST LOUIS,IL,60,1,Dawn,Clear,Yard,Freight Train,0,0,500,13387,T207,38.637647,-90.131042,57.2,54.0,44.7
NS,124933,5/4/2017,11:45 AM,Derailment,0,DEMOPOLIS,AL,72,2,Day,Clear,Industry,Freight Train,4,12250,0,12250,T210,32.449296,-87.964315,68.5,60.9,54.6