reportingrailroadcode,accidentnumber,date,time,accidenttype,hazmatreleasedcars,station,stateabbr,temperature,visibility_code,visibility,weathercondition,tracktype,equipmenttype,trainspeed,equipmentdamagecost,trackdamagecost,totaldamagecost,primaryaccidentcausecode,latitude,longitude,prior_temp,actual_temp,following_temp
CP,1000224302,6/16/2015,12:40 PM,Derailment,0,ROCKFORD,IL,75,2,Day,Cloudy,Main,Freight Train,10,228105,0,242889,T110,42.163043,-89.088701,74.2,70.8,67.1
KRR,KRR987822,7/6/2022,4:30 PM,Derailment,0,ASHDOWN,AR,101,2,Day,Clear,Main,Freight Train,10,438898,135648,574546,T109,33.683782,-94.245872,89.2,89.4,89.2
BNSF,SF0515112,5/30/2015,8:45 AM,Derailment,0,DUNFERMLINE,IL,74,1,Dawn,Rain,Yard,Freight Train,8,20155,658007,678162,T111,40.505756,-90.029843,74.2,65.3,54.0
KRR,KRR033116D,7/19/2016,2:05 PM,Derailment,0,FULTON,AR,98,2,Day,Clear,Main,Freight Train,8,20000,59600,79600,T109,33.666311,-93.729671,85.6,85.5,87.9
BNSF,HL0916112,9/25/2016,2:35 PM,Derailment,0,WEST MEMPHIS,AR,95,2,Day,Clear,Main,Freight Train,41,1521436,385000,1906436,T109,35.186051,-90.157642,80.5,80.7,70.0
BNSF,PR0320115,3/28/2020,9:15 AM,Derailment,0,DENVER,CO,42,2,Day,Clear,Yard,Yard/switching,9,32212,0,62212,T205,39.782076,-104.97395,35.5,36.7,40.1
UP,0517TC020,5/26/2017,11:10 AM,Derailment,0,WATERLOO,IA,64,2,Day,Cloudy,Yard,Freight Train,0,0,38700,282392,T111,42.501394,-92.322761,57.8,62.4,60.6
UP,0121RM033,1/28/2021,8:15 PM,Derailment,0,POCATELLO,ID,44,4,Dark,Clear,Yard,Yard/switching,10,1189,43661,44850,T202,42.861414,-112.446752,20.9,38.1,32.8
NS,114275,2/9/2015,2:30 PM,Derailment,0,NEW PARIS,IN,34,2,Day,Cloudy,Industry,Freight Train,5,7400,5000,12400,T111,39.82289,-84.821253,37.5,21.4,16.2
UP,0817LK034,8/27/2017,1:16 AM,Derailment,0,NORTH LITTLE ROCK,AR,75,4,Dark,Cloudy,Yard,Freight Train,2,9732,3386,13118,T201,34.775444,-92.216567,73.8,76.5,75.9
KRR,KRR532618D,1/4/2018,7:20 AM,Derailment,0,ASHDOWN,AR,20,1,Dawn,Clear,Yard,Freight Train,4,25000,7500,32500,T110,33.674961,-94.121391,29.0,31.3,37.6
UP,0718UT007,7/6/2018,2:25 PM,Derailment,0,POCATELLO,ID,90,2,Day,Clear,Yard,Yard/switching,7,150,11186,11336,T311,42.85285,-112.436244,74.1,77.0,76.1
UP,0620RM030,6/21/2020,6:30 AM,Derailment,0,POCATELLO,ID,62,1,Dawn,Cloudy,Yard,Yard/switching,4,38590,7690,46280,T309,42.84396,-112.427291,63.2,63.7,67.7
BNSF,SW0319104,3/5/2019,5:43 AM,Derailment,0,WINSLOW,AZ,58,1,Dawn,Clear,Yard,Freight Train,5,22444,30000,52444,T307,35.031618,-110.725292,50.1,50.4,58.9
KCS,20082802,8/28/2020,5:03 PM,Derailment,0,LAPLACE,LA,82,2,Day,Rain,Yard,Freight Train,5,57753,2551,139210,T202,30.071398,-90.593883,82.3,82.9,83.1
UP,1221RM034,12/29/2021,2:11 AM,Derailment,0,GRAND JUNCTION,CO,24,4,Dark,Snow,Yard,Freight Train,9,460690,125446,586136,T110,39.062726,-108.555189,28.6,26.0,29.0
UP,0716LK016,7/21/2016,4:55 AM,Derailment,0,LITTLE ROCK,AR,85,4,Dark,Cloudy,Industry,Yard/switching,6,6082,3210,20292,T107,34.717825,-92.2374,88.1,88.8,89.4
IHB,2687,6/25/2021,1:32 PM,Other impacts,0,RIVERDALE,IL,73,2,Day,Rain,Yard,Yard/switching,0,20438,0,20438,T103,41.63976,-87.654801,69.6,72.2,73.8
EIRR,230315004,3/15/2023,3:00 AM,Raking collision,0,HEYBURN,ID,31,4,Dark,Clear,Main,Freight Train,10,65000,301449,366449,T101,42.547977,-113.765754,46.5,38.1,31.7
KRR,KRR045116D,8/5/2016,8:50 PM,Derailment,0,FOREMAN,AR,88,4,Dark,Clear,Yard,Freight Train,4,21000,1000,22000,T108,33.725376,-94.426399,87.2,87.3,83.4
CSX,000143691,3/24/2015,11:40 AM,Derailment,0,OTTAWA,IL,35,2,Day,Cloudy,Yard,Freight Train,8,50459,64896,699862,T110,41.35436,-88.831208,31.6,31.9,39.0
CRL,CRL161393,1/21/2016,9:50 AM,Derailment,0,BLUE ISLAND,IL,28,2,Day,Clear,Yard,Freight Train,0,0,28000,166250,T314,41.672232,-87.668621,17.6,20.4,27.6
CSX,000219678,7/30/2024,1:30 PM,Derailment,0,FITZGERALD,GA,90,2,Day,Clear,Yard,Freight Train,9,25518,6592,32110,T205,31.723527,-83.271097,80.1,81.0,80.2
UP,0715PC003,7/19/2015,9:36 AM,Derailment,0,POCATELLO,ID,72,2,Day,Clear,Yard,Freight Train,6,2388,21891,24279,T319,42.865496,-112.449303,63.4,66.1,67.5
EIRR,210127001,1/27/2021,1:00 AM,Derailment,0,HAZELTON,ID,31,4,Dark,Clear,Main,Freight Train,20,225000,100000,325000,T210,42.602801,-114.014438,25.6,33.2,40.5
NJTR,202401013,12/7/2023,12:38 AM,Derailment,0,HAWTHORNE,NJ,31,4,Dark,Clear,Yard,Work train,3,68557,0,68557,T113,40.940368,-74.154743,35.9,34.3,40.6
RTDC,165238,2/3/2021,10:42 AM,Other impacts,0,DENVER,CO,60,2,Day,Clear,Main,EMU,48,0,11648,11648,T404,39.771845,-104.901809,46.1,46.2,29.5
NOGC,OP041721,4/17/2021,6:00 PM,Derailment,0,GRETNA,LA,64,2,Day,Rain,Main,Freight Train,10,92000,35899,127899,T001,29.930429,-90.054217,66.3,64.9,64.7
CSX,000188190,1/31/2020,9:56 AM,Derailment,0,WAYCROSS,GA,55,2,Day,Cloudy,Yard,Yard/switching,7,45499,26700,72199,T207,31.213524,-82.353588,52.7,49.0,46.5
MRL,2017038,3/17/2017,5:50 AM,Derailment,0,KOOTENAI,ID,30,1,Dawn,Rain,Main,Freight Train,40,147000,330000,477000,T002,48.30292,-116.531065,41.1,33.5,42.3
UP,0519PN028,5/26/2019,10:45 AM,Derailment,0,PLUMMER,ID,55,2,Day,Clear,Industry,Work train,6,37241,11045,48286,T199,47.333488,-116.881469,55.6,59.4,62.6
BRC,13567,4/25/2015,9:20 AM,Other impacts,0,BEDFORD PARK,IL,42,2,Day,Clear,Yard,Freight Train,5,51941,1155,53096,T305,41.762134,-87.744172,47.6,45.3,47.8
KRR,KRR786421,5/27/2021,11:30 PM,Derailment,0,FOREMAN,AR,75,4,Dark,Rain,Main,Freight Train,10,10732,8563,19295,T102,33.717173,-94.377385,74.8,78.3,72.6
BNSF,MT1216102,12/5/2016,10:51 PM,Derailment,0,WAGNER,MT,0,4,Dark,Clear,Main,Freight Train,8,2300,13500,15800,T207,48.364556,-108.018726,28.5,11.5,1.2
UP,0116LK015,1/18/2016,5:15 PM,Derailment,0,NORTH LITTLE ROCK,AR,40,2,Day,Clear,Yard,Light loco(s),5,18597,0,18597,T311,34.764605,-92.255971,38.5,27.3,30.9
UP,0520RM011,5/10/2020,6:17 PM,Derailment,0,POCATELLO,ID,80,3,Dusk,Clear,Yard,Yard/switching,7,47695,9746,57441,T309,42.877088,-112.464845,49.8,50.9,54.5
SLRG,SL111014D,11/10/2014,11:45 PM,Derailment,0,LA VETA,CO,33,4,Dark,Clear,Main,Freight Train,10,106879,8990,115869,T110,37.51938,-105.14757,48.0,43.9,23.6
TRRA,23003,1/20/2023,5:25 AM,Derailment,0,VENICE,IL,33,1,Dawn,Clear,Yard,Yard/switching,4,0,73009,73009,T111,38.66427,-90.15981,40.4,34.7,33.0
UP,0718UT028,7/25/2018,8:45 PM,Derailment,0,POCATELLO,ID,70,4,Dark,Clear,Yard,Yard/switching,10,4131,40094,44225,T113,42.877838,-112.463964,78.1,79.3,76.5
CSX,000173030,11/22/2017,9:00 AM,Derailment,0,BRUNSWICK,GA,70,2,Day,Clear,Yard,Yard/switching,7,15746,732,16478,T110,31.185265,-81.504701,64.8,62.3,58.1
NS,123091,12/10/2016,10:30 AM,Derailment,0,CORINTH,MS,35,2,Day,Clear,Yard,Freight Train,3,86133,12197,98330,T110,34.931006,-88.502853,28.3,30.4,44.4
BRC,13524,2/17/2015,9:10 AM,Other impacts,0,BEDFORD PARK,IL,-20,2,Day,Cloudy,Yard,Cut of cars,2,13541,0,13541,T305,41.76906,-87.44913,13.4,17.5,6.9
BRC,13575,5/24/2015,5:39 PM,Other impacts,0,BEDFORD PARK,IL,73,2,Day,Cloudy,Yard,Yard/switching,4,18679,20000,38679,T305,41.766599,-87.768784,68.0,68.4,75.2
UP,0716LK017,7/21/2016,2:58 PM,Derailment,0,FORREST CITY,AR,97,2,Day,Clear,Main,Freight Train,25,15297,135525,150822,T108,34.921557,-90.791264,83.5,84.5,87.0
LRPA,LRPA110321,11/3/2021,8:55 AM,Derailment,0,LITTLE ROCK,AR,50,2,Day,Clear,Yard,Yard/switching,3,0,12802,12802,T319,34.714312,-92.190734,47.6,43.9,44.2
GWR,GWRC161476,5/15/2016,12:00 PM,Derailment,0,TIMNATH,CO,54,2,Day,Clear,Main,Freight Train,9,475542,70151,545693,T202,40.53309,-104.961193,43.9,46.7,42.9
NS,136146,11/10/2019,3:50 PM,Derailment,0,MONTICELLO,IL,45,2,Day,Clear,Industry,Freight Train,6,29163,3784,32947,T110,40.020785,-88.577137,38.3,44.1,28.1
UP,1123GL012,11/18/2023,1:58 PM,Derailment,0,COLUMBUS,NE,64,2,Day,Clear,Yard,Light loco(s),3,250,12706,12956,T319,41.426737,-97.382072,37.6,42.4,43.3
ATK,177212,10/16/2023,1:54 PM,Other (describe in narrative),0,ELIZABETH,NJ,65,2,Day,Clear,Main,EMU,0,0,4431,16159,T404,40.681052,-74.205567,55.4,55.6,57.5
UP,0316DV004,3/16/2016,9:30 PM,Derailment,0,GRAND JUNCTION,CO,50,4,Dark,Clear,Yard,Yard/switching,6,17993,113520,131513,T319,39.067911,-108.533729,40.4,37.7,44.1
NS,136345,11/27/2019,11:35 AM,Derailment,0,GRANITE CITY,IL,45,2,Day,Clear,Main,Yard/switching,4,1200,14874,16074,T110,38.722763,-90.142584,51.5,44.4,34.9
UP,0616DV018,6/30/2016,11:20 AM,Derailment,0,GRAND JUNCTION,CO,75,2,Day,Cloudy,Yard,Yard/switching,4,139,10650,10789,T319,39.064317,-108.548822,78.7,73.3,64.8
UP,0520PR002,5/4/2020,11:10 PM,Derailment,0,CHICAGO HTS,IL,39,4,Dark,Cloudy,Yard,Freight Train,4,3129,17760,20889,T399,41.509239,-87.618428,62.6,42.9,44.1
NIRC,RII010,2/23/2015,8:38 PM,Derailment,0,BLUE ISLAND,IL,5,4,Dark,Cloudy,Yard,Yard/switching,6,1010,12551,13561,T399,41.655933,-87.675996,19.8,6.0,17.7
UP,0619GP044,6/29/2019,1:32 PM,Derailment,0,PUEBLO,CO,99,2,Day,Clear,Yard,Freight Train,5,21870,2430,24300,T110,38.271926,-104.628231,82.2,82.1,80.8
CSX,000168660,5/2/2017,11:00 PM,Other impacts,0,INDIANAPOLIS,IN,54,4,Dark,Cloudy,Yard,Cut of cars,4,111923,0,178742,T305,39.759791,-86.327526,56.6,51.6,48.4
BNSF,CH0821109,8/23/2021,8:28 PM,Derailment,0,GALESBURG,IL,88,3,Dusk,Clear,Yard,Yard/switching,3,800,17000,17800,T314,40.934686,-90.412822,66.9,70.8,76.8
BNSF,CH0215114,2/27/2015,7:57 PM,Derailment,0,CHICAGO,IL,5,3,Dusk,Cloudy,Yard,Freight Train,10,22934,250,23184,T314,41.81686,-87.716759,16.4,8.4,12.0
UP,0320PR008,3/22/2020,4:13 AM,Derailment,0,SOUTH HOLLAND,IL,27,1,Dawn,Cloudy,Yard,Freight Train,8,21309,9084,30393,T210,41.610649,-87.611852,29.0,30.0,34.4
BNSF,CH0115115,1/15/2015,7:00 PM,Derailment,0,CHICAGO,IL,20,3,Dusk,Clear,Yard,Light loco(s),4,28000,500,28500,T399,41.826664,-87.716355,13.2,26.1,29.1
IAIS,2015031,3/12/2015,2:50 AM,Derailment,0,SILVIS,IL,30,4,Dark,Clear,Yard,Yard/switching,9,1462,10272,11734,T314,41.515816,-90.424989,42.5,42.9,49.3
CSX,000164454,11/18/2016,3:20 AM,Derailment,0,EVANSVILLE,IN,58,4,Dark,Clear,Yard,Freight Train,6,60676,434,61110,T207,37.962372,-87.609363,62.0,61.4,42.1
GWR,GWRC182257,9/30/2018,7:12 PM,Derailment,0,WINDSOR,CO,60,4,Dark,Clear,Main,Freight Train,10,352000,101000,453000,T202,40.483081,-104.909105,54.8,47.9,54.3
NS,113596,12/28/2014,12:30 AM,Derailment,0,BURNHAM,IL,32,4,Dark,Clear,Yard,Freight Train,6,500,15533,16033,T110,41.681038,-87.564242,41.2,28.3,27.4
UP,0623RM012,6/13/2023,11:30 AM,Derailment,0,GRAND JUNCTION,CO,70,2,Day,Clear,Yard,Freight Train,9,110987,87206,198193,T313,39.068009,-108.532398,73.2,67.2,68.0
UP,0618DV024,6/24/2018,11:00 AM,Derailment,0,GRAND JUNCTION,CO,83,2,Day,Clear,Yard,Yard/switching,4,250,17360,17610,T110,39.060325,-108.564567,79.1,75.9,77.1
BNSF,KS0919108,9/18/2019,8:10 AM,Derailment,0,LA JUNTA,CO,62,1,Dawn,Clear,Yard,Freight Train,7,16000,4000,20000,T202,37.988888,-103.538211,80.4,72.8,73.4
UP,1214PR013,12/11/2014,9:23 PM,Derailment,0,NORTHLAKE,IL,35,4,Dark,Cloudy,Yard,Yard/switching,4,29729,4326,34055,T113,41.909293,-87.91538,31.0,27.4,30.7
CSS,CSS000015,10/15/2021,2:58 AM,Derailment,0,CHICAGO,IL,61,4,Dark,Clear,Yard,Freight Train,8,37200,25000,62200,T110,41.669691,-87.596135,66.4,57.6,52.6
WC,1055859,12/2/2020,1:20 PM,Derailment,0,WEST CHICAGO,IL,45,2,Day,Clear,Yard,Yard/switching,8,7000,0,23120,T210,41.908926,-88.229767,26.4,31.4,32.4
CRSH,146792,9/16/2023,10:08 AM,Derailment,0,NEWARK,NJ,76,2,Day,Clear,Main,Freight Train,0,0,343482,505666,T319,40.70678,-74.149666,64.8,68.4,68.3
BNSF,CH0115114,1/12/2015,5:00 PM,Derailment,0,CHICAGO,IL,32,3,Dusk,Clear,Yard,Light loco(s),4,61684,0,61684,T201,41.823,-87.714,28.5,22.4,17.5
GRW,06,3/9/2022,2:00 AM,Derailment,0,GARY,IN,30,4,Dark,Cloudy,Industry,Yard/switching,4,582,11959,12541,T110,41.624825,-87.330158,31.6,34.7,27.0
BNSF,PR1021118,10/26/2021,8:21 PM,Derailment,0,DENVER,CO,45,3,Dusk,Clear,Yard,Yard/switching,4,66184,790,66974,T206,39.768829,-104.99143,58.1,57.0,43.6
UP,0415DV007,4/12/2015,11:15 PM,Derailment,0,COLORADO SPGS,CO,35,4,Dark,Clear,Main,Freight Train,0,0,548332,731224,T299,38.821478,-104.830133,51.2,55.9,46.8
UP,1114DV014,11/13/2014,5:25 AM,Derailment,0,ELBERT,CO,-10,4,Dark,Cloudy,Main,Freight Train,10,47136,108763,155899,T202,39.334752,-103.841167,-2.9,0.6,30.3
BNSF,PR1216115,12/24/2016,2:50 AM,Derailment,0,DENVER,CO,38,4,Dark,Clear,Yard,Yard/switching,5,13412,5500,18912,T110,39.76851,-104.99047,38.1,42.9,36.1
BNSF,PR1219106,12/12/2019,7:30 PM,Derailment,0,DENVER,CO,24,3,Dusk,Cloudy,Yard,Yard/switching,4,4509,9300,13809,T319,39.783373,-104.997718,37.5,40.3,37.1
CW,14072020,7/16/2020,7:30 PM,Derailment,0,PUEBLO,CO,95,3,Dusk,Clear,Yard,Yard/switching,4,11093,7185,18278,T110,38.221388,-104.607222,71.8,73.4,80.0
UP,0916DV015,9/28/2016,11:45 PM,Derailment,0,SOMERSET,CO,45,4,Dark,Clear,Industry,Freight Train,1,52637,1500,54137,T099,38.929469,-107.44877,58.2,61.8,60.4
CSS,CSS000014,9/17/2021,2:18 AM,Derailment,0,CHICAGO,IL,66,4,Dark,Clear,Yard,Freight Train,8,2430,17369,19799,T311,41.672532,-87.598768,70.8,75.7,71.8
BNSF,CH0115122,1/23/2015,10:30 AM,Derailment,0,EOLA,IL,25,2,Day,Cloudy,Yard,Freight Train,8,23277,29000,52277,T110,41.770904,-88.270609,30.4,30.0,32.4
UP,0721PR014,7/28/2021,3:31 PM,Derailment,0,BERKELEY,IL,91,2,Day,Clear,Yard,Work train,10,5282,38265,43547,T314,41.896558,-87.913214,79.9,81.7,79.4
BNSF,CH0220105,2/8/2020,8:09 AM,Derailment,0,SESSER,IL,32,2,Day,Cloudy,Main,Freight Train,43,947729,806279,1754008,T001,38.051994,-89.043622,32.9,32.0,43.1
BNSF,PR0720106,7/16/2020,12:30 PM,Derailment,0,GOLDEN,CO,84,2,Day,Cloudy,Yard,Freight Train,9,4000,10476,14476,T108,39.766154,-105.207709,68.0,75.1,79.0
CSX,000195583,2/8/2021,4:59 AM,Derailment,0,WALBRIDGE,OH,16,1,Dawn,Cloudy,Yard,Cut of cars,0,2612,0,21922,T208,41.558353,-83.489007,12.3,13.1,16.6
NS,122670,11/5/2016,8:55 AM,Derailment,0,DAYTON,IN,43,2,Day,Clear,Yard,Yard/switching,10,5567,5289,10856,T207,40.373862,-86.809256,49.4,47.2,50.0
RTDC,090619,9/6/2019,12:52 PM,Other impacts,0,THORNTON,CO,78,2,Day,Cloudy,Main,EMU,16,26829,3414,30243,T404,39.92658,-104.96487,79.7,70.3,73.1
NS,137015,2/1/2020,12:40 PM,Other (describe in narrative),0,DECATUR,IL,35,2,Day,Clear,Yard,Yard/switching,10,26095,3592,29687,T399,39.859336,-88.894984,34.7,35.8,45.4
DSNG,1717,6/17/2017,5:12 PM,Side collision,0,DURANGO,CO,94,2,Day,Clear,Main,Passenger Train - Pulling,12,27000,1000,28000,T111,37.275,-107.8794,68.6,72.1,75.4
NICD,N1500008,2/6/2015,7:30 PM,Other (describe in narrative),0,CHICAGO,IL,24,4,Dark,Clear,Main,Commuter Train - Pulling,45,15192,0,23035,T404,41.77211,-87.592459,9.7,22.9,35.1
SLRG,SL171212A,12/12/2017,1:10 AM,Derailment,0,LA VETA,CO,30,4,Dark,Clear,Main,Freight Train,10,22169,39213,61382,T110,37.521816,-105.081813,32.6,34.3,33.4
UP,1023GP010,10/9/2023,4:58 PM,Derailment,0,COLORADO SPRINGS,CO,70,2,Day,Clear,Yard,Freight Train,6,298661,147739,527218,T399,38.794897,-104.78121,58.2,59.2,60.6
SLRG,SL180404A,4/4/2018,11:21 PM,Derailment,0,FORT GARLAND,CO,41,4,Dark,Clear,Main,Freight Train,20,286543,25000,311543,T299,37.472443,-105.339856,44.9,42.5,44.7
NJTR,202401040,12/26/2023,3:45 AM,Derailment,0,KEARNY,NJ,38,4,Dark,Clear,Yard,Light loco(s),3,45712,0,45712,T113,40.74405,-74.101966,46.5,46.4,46.9
RTDC,56194,10/28/2017,4:46 AM,Other impacts,0,AURORA,CO,37,4,Dark,Clear,Siding,EMU,5,15017,983,16000,T403,39.761064,-104.81553,30.4,44.0,51.7
BNSF,SW1119110,11/30/2019,8:59 AM,Derailment,0,GALLUP,NM,14,1,Dawn,Clear,Yard,Freight Train,4,112000,14000,126000,T202,35.525747,-108.752594,34.8,22.5,20.7
KJRY,KJRY200405,4/5/2020,11:58 AM,Derailment,0,BARTONVILLE,IL,56,2,Day,Clear,Main,Freight Train,0,0,10847,10847,T101,40.594855,-89.671922,40.5,47.8,54.3
NJTR,201811525,11/12/2018,4:36 AM,Other (describe in narrative),0,FAR HILLS,NJ,33,4,Dark,Clear,Main,EMU,50,14832,0,14832,T404,40.688467,-74.642756,34.0,35.9,44.3
NIRC,MEI013,2/6/2015,7:30 PM,Other (describe in narrative),0,CHICAGO,IL,24,4,Dark,Clear,Main,EMU,0,0,7843,23035,T404,41.77211,-87.592459,9.7,22.9,35.1
UP,1220ME019,12/29/2020,8:21 AM,Derailment,0,DENVER,CO,24,2,Day,Cloudy,Yard,Light loco(s),5,14343,3292,17635,T314,39.785117,-104.998809,27.7,26.0,26.6
BNSF,KS1219114,12/23/2019,3:50 PM,Derailment,0,TRINCHERA,CO,58,2,Day,Clear,Main,Freight Train,34,57600,0,57600,T102,37.013552,-103.917734,36.0,38.6,41.4
UP,0119GP035,1/17/2019,1:10 PM,Derailment,0,GRAND ISLAND,NE,36,2,Day,Cloudy,Yard,Freight Train,6,40639,79390,120029,T403,40.933341,-98.322844,26.8,31.1,24.8
UP,0121MA037,1/30/2021,3:30 AM,Derailment,0,DUPO,IL,34,4,Dark,Cloudy,Yard,Freight Train,10,231327,11400,242727,T309,38.504156,-90.218331,28.2,38.2,37.1
BNSF,PR0620106,6/13/2020,11:30 PM,Derailment,0,DENVER,CO,60,4,Dark,Clear,Yard,Freight Train,1,34179,30000,64179,T111,39.766456,-104.992441,73.2,72.2,77.0
UP,0619RM030,6/24/2019,6:31 AM,Derailment,0,CRAIG,CO,46,1,Dawn,Cloudy,Industry,Freight Train,13,398394,21936,420330,T207,40.497439,-107.569634,50.5,59.8,63.3
UP,0721PR003,7/8/2021,11:59 AM,Derailment,0,DOLTON,IL,66,2,Day,Cloudy,Yard,Freight Train,2,34401,22880,57281,T205,41.630513,-87.612239,77.4,65.9,66.5
NJTR,201808407,8/13/2018,8:51 PM,Derailment,0,BOUND BROOK,NJ,74,4,Dark,Cloudy,Yard,Light loco(s),3,19607,4199,23806,T110,0.0,0.0,76.0,73.6,71.8
NS,137505,3/16/2020,11:25 PM,Derailment,0,NEW HAVEN,IN,39,4,Dark,Cloudy,Yard,Freight Train,8,16649,12678,29327,T110,41.074437,-85.057632,36.1,34.7,40.0
BNSF,PR0222114,2/18/2022,4:35 AM,Derailment,0,DENVER,CO,15,1,Dawn,Snow,Yard,Yard/switching,3,21002,9200,30202,T113,39.774799,-104.982132,20.2,32.9,40.9
UP,0520PR020,5/29/2020,12:30 PM,Derailment,0,NORTHLAKE,IL,73,2,Day,Clear,Industry,Yard/switching,4,11885,2513,14398,T110,41.909367,-87.914699,73.1,66.0,62.4
ATK,169362,12/17/2021,4:00 PM,Derailment,0,NEW YORK,NY,58,3,Dusk,Clear,Yard,Freight Train,0,0,76000,89881,T110,40.745696,-73.939412,58.0,56.8,43.7
SLRG,SL200502A,5/2/2020,2:40 AM,Derailment,0,LA VETA,CO,53,4,Dark,Clear,Main,Freight Train,8,6268,24957,31225,T110,37.521621,-105.081328,56.8,54.0,53.2
BNSF,PR0816112,8/18/2016,5:50 PM,Derailment,0,DENVER,CO,76,3,Dusk,Clear,Yard,Light loco(s),8,15000,650,15650,T399,39.779304,-104.976061,73.4,69.9,60.6
BNSF,PR1114110,11/11/2014,5:00 PM,Derailment,0,DENVER,CO,10,3,Dusk,Snow,Yard,Yard/switching,10,8733,6000,14733,T316,39.766012,-104.992275,34.2,11.3,0.4
CSX,000213507,9/16/2023,10:08 AM,Derailment,0,NEWARK,NJ,66,2,Day,Clear,Main,Freight Train,8,162184,0,505666,T319,40.70678,-74.149666,64.8,68.4,68.3
BNSF,CH0115124,1/27/2015,3:10 AM,Derailment,0,GALESBURG,IL,33,4,Dark,Cloudy,Yard,Yard/switching,10,75620,4250,79870,T314,40.944823,-90.363184,26.0,29.9,32.9
NS,136032,11/1/2019,2:08 AM,Derailment,0,DECATUR,IL,28,4,Dark,Clear,Yard,Yard/switching,7,12071,28220,40291,T110,39.852179,-88.918354,31.6,36.3,40.2
BNSF,CH0720115,7/27/2020,1:26 AM,Derailment,0,CHICAGO,IL,80,4,Dark,Clear,Yard,Light loco(s),5,75506,33800,109306,T207,41.822057,-87.715137,85.0,78.8,79.0
SLRG,SL210330B,3/30/2021,8:43 AM,Derailment,0,LA VETA,CO,30,2,Day,Clear,Main,Freight Train,20,27277,1616,28893,T207,37.518563,-105.067569,42.2,21.4,27.5
NS,113054,11/17/2014,10:05 AM,Derailment,0,LITCHFIELD,IL,20,2,Day,Snow,Siding,Freight Train,21,36500,187102,223602,T110,39.14564,-89.667606,28.5,18.4,15.9
ALS,20150129,1/29/2015,6:00 AM,Derailment,0,CENTREVILLE,IL,44,4,Dark,Cloudy,Yard,Yard/switching,4,7500,133113,140613,T199,38.58795,-90.135809,37.7,43.8,33.2
INRD,644232,9/18/2017,11:48 PM,Derailment,0,PIMENTO,IN,82,4,Dark,Clear,Industry,Freight Train,9,80000,55000,135000,T101,39.294569,-87.343222,74.3,74.2,72.8
UP,0720GP033,7/9/2020,9:30 AM,Derailment,1,COMMERCE CITY,CO,74,2,Day,Clear,Yard,Yard/switching,5,655955,0,690955,T202,39.77304,-104.987819,79.1,77.5,80.2
ATK,136155,2/2/2015,3:15 AM,Derailment,0,CHICAGO,IL,16,4,Dark,Snow,Yard,Light loco(s),2,25000,0,25000,T399,41.893477,-87.645364,27.9,14.0,19.3
CSX,000168660,5/2/2017,11:00 PM,Other impacts,0,INDIANAPOLIS,IN,54,4,Dark,Cloudy,Yard,Yard/switching,4,52775,14044,178742,T305,39.759791,-86.327526,56.6,51.6,48.4
BNSF,PR0819111,8/27/2019,7:00 AM,Derailment,0,DENVER,CO,65,1,Dawn,Clear,Yard,Yard/switching,7,5619,35000,40619,T101,39.769082,-104.989572,70.1,65.7,72.6
GWR,GWRC182348,12/22/2018,11:20 PM,Derailment,0,WINDSOR,CO,18,4,Dark,Clear,Main,Freight Train,10,526000,53000,579000,T202,40.498847,-104.934617,37.4,31.7,26.5
UP,0719PR027,7/20/2019,5:52 PM,Derailment,0,BEDFORD PARK,IL,94,2,Day,Clear,Yard,Freight Train,8,12004,0,17600,T202,41.75807,-87.69233,87.0,84.3,74.5
NS,116855,8/7/2015,7:50 PM,Derailment,0,URBANA,IL,72,3,Dusk,Clear,Main,Freight Train,2,15,12831,12846,T110,40.114374,-88.193964,72.0,70.2,74.4
BRC,13499,12/9/2014,3:05 AM,Other impacts,0,BEDFORD PARK,IL,35,4,Dark,Clear,Yard,Yard/switching,4,52010,680,52690,T305,41.762596,-87.727459,36.2,36.3,33.5
NS,114509,2/24/2015,8:15 PM,Derailment,0,WINSTON-SALEM,NC,25,4,Dark,Cloudy,Yard,Freight Train,6,4200,20862,25062,T110,36.128758,-80.233452,40.6,26.0,34.0
UP,0719GP028,7/23/2019,6:45 PM,Derailment,0,NORTH PLATTE,NE,79,3,Dusk,Clear,Yard,Yard/switching,10,58199,47210,105409,T001,41.14986,-100.809822,68.5,68.1,73.2
RTDC,46006,5/11/2017,8:20 AM,Other impacts,0,AURORA,CO,49,2,Day,Cloudy,Main,EMU,74,13719,1719,15438,T404,39.760152,-104.812054,49.6,51.0,60.7
IHB,2588,2/26/2020,6:19 PM,Derailment,0,EAST CHICAGO,IN,29,3,Dusk,Snow,Main,Freight Train,0,0,3000,2962453,T201,41.630078,-87.431968,34.6,29.6,26.2
BNSF,PR0720102,7/9/2020,9:30 AM,Derailment,0,DENVER,CO,74,2,Day,Clear,Yard,Freight Train,0,0,35000,690955,T202,39.77304,-104.987819,79.2,77.5,80.5
ATK,151460,1/11/2018,1:50 AM,Derailment,0,LONG ISLAND CITY,NY,35,4,Dark,Clear,Yard,Freight Train,0,0,75,24741,T319,40.750508,-73.928366,35.3,43.9,53.5
NS,122828,11/20/2016,9:20 PM,Derailment,0,NEW HAVEN,IN,33,4,Dark,Clear,Yard,Freight Train,8,51162,10865,62027,T315,41.074437,-85.057632,36.7,33.4,34.1