reportingrailroadcode,accidentnumber,date,time,accidenttype,hazmatreleasedcars,station,stateabbr,temperature,visibility_code,visibility,weathercondition,tracktype,equipmenttype,trainspeed,equipmentdamagecost,trackdamagecost,totaldamagecost,primaryaccidentcausecode,latitude,longitude,prior_temp,actual_temp,following_temp
UP,0315PR021,3/18/2015,1:15 PM,Derailment,0,NORTHLAKE,IL,45,2,Day,Cloudy,Yard,Freight Train,5,175084,262200,437284,T101,41.893709,-87.887155,39.1,38.5,41.8
UP,0216DV004,2/3/2016,6:55 PM,Derailment,0,GRAND JUNCTION,CO,17,4,Dark,Cloudy,Yard,Yard/switching,7,1085,186866,187951,T111,39.067699,-108.534619,20.7,10.8,12.3
BNSF,PR0715100,7/1/2015,11:15 AM,Derailment,0,PUEBLO,CO,82,2,Day,Clear,Yard,Freight Train,5,5600,54771,60371,T316,38.290208,-104.639927,80.5,79.6,72.4
NS,113271,12/3/2014,9:50 PM,Derailment,0,DECATUR,IL,40,4,Dark,Clear,Industry,Yard/switching,6,13000,0,13000,T210,39.86345,-88.89855,29.1,33.2,31.7
SW,SWW071316D,7/13/2016,5:30 PM,Derailment,0,HATCH,NM,95,3,Dusk,Clear,Yard,Freight Train,3,3221,10931,14152,T110,32.6654,-107.1531,87.6,88.8,91.2
BNSF,SW0316103,3/13/2016,8:50 AM,Derailment,0,VAUGHN,NM,32,1,Dawn,Clear,Main,Freight Train,9,153642,29000,182642,T207,34.511343,-105.080674,42.7,44.4,48.6
IC,1060438,2/2/2021,10:30 PM,Derailment,0,MOUNDS,IL,28,4,Dark,Clear,Industry,Freight Train,6,64457,4000,68457,T110,37.11228,-89.202289,34.7,34.0,32.4
UP,0218DV006,2/14/2018,12:41 AM,Derailment,0,OAK CREEK,CO,18,4,Dark,Cloudy,Industry,Freight Train,1,155458,2577,158035,T111,40.350745,-107.066295,32.9,36.2,27.6
NS,125384,6/10/2017,6:12 AM,Derailment,0,CITY SPRINGS,NY,66,1,Dawn,Clear,Main,Freight Train,1,3440,0,60551,T318,42.842336,-78.177561,63.6,67.5,70.9
KCS,20051301,5/13/2020,11:30 AM,Derailment,0,SPRINGFIELD,IL,55,2,Day,Cloudy,Yard,Light loco(s),7,23683,0,24364,T319,39.814998,-89.633707,49.7,51.2,66.4
BRC,13545,3/21/2015,5:00 AM,Derailment,0,CHICAGO,IL,39,4,Dark,Clear,Yard,Freight Train,0,0,11780,36780,T202,41.754297,-87.700098,43.8,41.1,33.2
NS,137105,2/9/2020,5:15 AM,Derailment,0,GRANITE CITY,IL,34,1,Dawn,Rain,Yard,Yard/switching,7,20100,10900,31000,T110,38.722763,-90.142584,31.4,42.6,34.6
BNSF,PR1017107,10/10/2017,10:50 AM,Derailment,0,COMMERCE CITY,CO,50,2,Day,Clear,Yard,Yard/switching,6,27253,46000,73253,T110,39.801539,-104.937838,32.2,40.3,52.2
CSX,000165530,12/29/2016,4:30 AM,Derailment,0,CINCINNATI,OH,31,1,Dawn,Cloudy,Yard,Freight Train,7,12623,1008,13631,T207,39.104289,-84.538797,36.5,40.2,33.4
RTDC,131053,2/22/2020,10:41 AM,Raking collision,0,DENVER,CO,43,2,Day,Clear,Main,EMU,14,15000,200,15200,T403,39.767531,-104.787623,34.0,42.3,35.6
CSX,000175003,3/1/2018,12:01 AM,Derailment,0,WAYCROSS,GA,55,4,Dark,Clear,Yard,Yard/switching,10,17236,21417,38653,T102,31.213524,-82.353588,65.0,71.3,62.3
ATK,161307,9/25/2019,7:12 PM,Other (describe in narrative),0,STAMFORD,CT,58,2,Day,Clear,Main,Passenger Train - Pulling,44,37668,0,41369,T210,41.052778,-73.538889,68.0,63.1,63.9
FEC,D31042321,4/23/2021,6:45 AM,Derailment,0,RIVIERA BEACH,FL,75,1,Dawn,Clear,Yard,Yard/switching,6,4147,33698,37845,T111,26.772451,-80.078042,76.4,76.8,79.8
CSX,000160428,6/8/2016,2:57 AM,Derailment,0,ORLANDO,FL,80,4,Dark,Cloudy,Siding,Freight Train,6,24041,2609,31333,T110,28.509857,-81.37977,80.5,80.0,76.5
CSX,000179886,11/16/2018,9:40 AM,Derailment,0,JACKSONVILLE,FL,40,2,Day,Clear,Yard,Freight Train,4,13473,696,14169,T201,30.359362,-81.716896,57.5,48.4,56.3
CSX,000176625,5/27/2018,8:52 AM,Derailment,0,TAMPA,FL,73,2,Day,Cloudy,Yard,Freight Train,10,213952,23636,237588,T207,27.955841,-82.389523,74.5,77.2,80.4
BNSF,HL0121115,1/26/2021,4:55 PM,Derailment,0,NORTH KANSAS CITY,MO,34,2,Day,Clear,Yard,Freight Train,8,20248,11000,31248,T307,39.125051,-94.586009,34.1,26.6,25.4
SFRV,112220211,11/22/2021,3:30 PM,Derailment,0,MIAMI-DADE,FL,78,2,Day,Clear,Yard,Freight Train,0,0,75000,79545,T311,25.860075,-80.260001,77.5,75.1,67.2
CDOT,154059,6/28/2018,3:12 PM,Derailment,0,NEW HAVEN,CT,80,2,Day,Cloudy,Yard,Yard/switching,0,23746,0,47492,T499,41.310726,-72.929916,69.0,72.2,76.6
CSX,000189393,3/30/2020,5:50 AM,Derailment,0,MULBERRY,FL,80,1,Dawn,Clear,Yard,Freight Train,8,25463,2013,27476,T210,27.898949,-81.976599,77.6,77.4,77.4
CSX,000191411,7/17/2020,1:45 AM,Derailment,0,MULBERRY,FL,90,4,Dark,Clear,Industry,Freight Train,8,52743,321,53064,T207,27.841819,-82.041426,81.5,82.5,80.8
FEC,D57091923,9/19/2023,5:00 PM,Derailment,0,MIAMI SPRINGS,FL,88,2,Day,Clear,Yard,Yard/switching,5,3296,14135,17431,T110,25.83407,-80.30691,83.3,82.3,82.1
ALS,20151101,11/1/2015,3:00 PM,Derailment,0,EAST ST LOUIS,IL,70,2,Day,Clear,Yard,Yard/switching,4,22425,66485,88910,T299,38.59659,-90.14821,56.0,56.2,53.4
CSX,000185053,8/31/2019,10:45 AM,Derailment,0,MULBERRY,FL,88,2,Day,Clear,Industry,Freight Train,9,22601,161,22762,T210,27.841819,-82.041426,81.7,82.4,81.1
CSX,000161116,7/4/2016,12:09 AM,Derailment,0,NEW ORLEANS,LA,84,4,Dark,Clear,Main,Freight Train,0,0,850,36650,T001,30.004227,-90.027526,88.2,89.3,88.5
NS,122385,10/11/2016,6:45 PM,Derailment,0,CALIFORNIA,PA,65,3,Dusk,Clear,Yard,Freight Train,5,11890,1589,13479,T314,40.048557,-79.893377,48.3,50.8,57.7
HRRC,0317,3/27/2017,9:10 PM,Derailment,0,NEW MILFORD,CT,43,4,Dark,Cloudy,Main,Freight Train,25,2000,15000,17000,T101,41.583691,-73.405971,36.4,39.1,41.8
NS,120916,6/17/2016,9:50 AM,Derailment,0,LEMOYNE,PA,72,2,Day,Clear,Main,Yard/switching,7,11721,410,12131,T314,40.242177,-76.900254,68.2,74.5,74.0
TRRA,20029OR,10/19/2020,11:20 AM,Derailment,0,EAST ST LOUIS,IL,45,2,Day,Clear,Main,Freight Train,0,0,29161,34604,T110,38.630235,-90.161688,55.6,45.7,51.3
ATK,154881,8/16/2018,10:40 PM,Other (describe in narrative),0,WILMINGTON,DE,85,4,Dark,Clear,Main,Work train,79,11798,9235,21033,T404,39.748006,-75.521845,78.9,80.3,82.8
CSX,000212167,7/7/2023,6:29 AM,Derailment,0,WILMINGTON,DE,80,1,Dawn,Cloudy,Yard,Freight Train,4,19305,1096,20401,T403,39.759473,-75.560403,81.8,81.2,81.3
MNCW,2019092511,9/25/2019,7:12 PM,Other (describe in narrative),0,STAMFORD,CT,58,2,Day,Clear,Main,EMU,0,0,3701,41369,T210,41.052778,-73.538889,68.0,63.1,63.9
FEC,D26040621,4/6/2021,12:10 AM,Derailment,0,FT PIERCE,FL,64,4,Dark,Clear,Yard,Freight Train,8,9325,84639,93964,T111,27.421958,-80.316209,66.7,68.6,70.6
MNCW,83044,7/18/2024,6:50 PM,Other (describe in narrative),0,FAIRFIELD,CT,83,3,Dusk,Clear,Main,EMU,60,94223,300400,394623,T404,41.142444,-73.259369,79.6,78.6,74.2
CSX,000201469,11/22/2021,3:30 PM,Derailment,0,MIAMI-DADE,FL,78,2,Day,Clear,Yard,Freight Train,6,4545,0,79545,T311,25.860075,-80.260001,77.5,75.1,67.2
ALS,20190429,4/29/2019,7:30 PM,Derailment,0,EAST ST LOUIS,IL,71,3,Dusk,Clear,Yard,Freight Train,0,0,18749,75463,T001,38.58695,-90.130128,48.6,62.2,64.3
ATK,154729,8/9/2018,7:30 PM,Other (describe in narrative),0,WILMINGTON,DE,80,3,Dusk,Clear,Yard,Light loco(s),5,9790,1584,11374,T404,39.739072,-75.539788,81.6,79.7,80.6
CSX,000154656,11/23/2015,4:15 PM,Derailment,0,KITZMILLER,MD,40,2,Day,Cloudy,Main,Freight Train,14,27406,68274,95680,T205,39.356444,-79.255135,32.2,27.5,35.7
BNSF,CH1119101,11/2/2019,2:23 AM,Derailment,0,EOLA,IL,26,4,Dark,Cloudy,Yard,Freight Train,6,242152,135000,377152,T210,41.774706,-88.248323,31.9,38.0,40.5
NS,139331,7/25/2020,1:40 AM,Derailment,0,GRANITE CITY,IL,80,4,Dark,Clear,Yard,Freight Train,5,3000,10000,41500,T314,38.690946,-90.139668,81.1,82.8,84.4
CSO,CSO031719R,4/26/2019,3:45 AM,Derailment,0,NEW HAVEN,CT,54,4,Dark,Clear,Main,Freight Train,8,0,0,49216,T110,41.30825,-72.924156,53.3,54.2,52.1
NS,123547,1/13/2017,12:23 PM,Derailment,0,CONWAY,PA,33,2,Day,Clear,Yard,Yard/switching,5,38601,17190,55791,T110,40.672356,-80.251823,56.4,31.8,31.0
NS,136029,10/31/2019,11:00 PM,Derailment,0,DECATUR,IL,26,4,Dark,Clear,Yard,Yard/switching,9,3087,23907,26994,T110,39.858401,-88.898396,39.9,31.6,36.3
BNSF,CH0518107,5/24/2018,2:10 PM,Derailment,0,AURORA,IL,87,2,Day,Clear,Main,Freight Train,18,500000,550000,1050000,T109,41.749473,-88.326149,66.1,72.5,74.8
UP,1015PR025,10/29/2015,1:15 PM,Derailment,0,NORTHLAKE,IL,37,2,Day,Cloudy,Yard,Freight Train,8,15761,12021,27782,T210,41.909337,-87.915129,50.7,41.7,46.3
BNSF,CH0721110,7/15/2021,12:00 PM,Derailment,0,CICERO,IL,75,2,Day,Cloudy,Yard,Light loco(s),4,17000,500,17500,T110,41.837925,-87.765395,77.6,74.9,70.0
ATK,163653,3/26/2020,4:00 PM,Derailment,0,DELAND,FL,82,2,Day,Clear,Main,Passenger Train - Pulling,48,1287340,0,1547440,T109,29.002603,-81.347165,75.1,74.8,77.7
UP,0915PR015,9/16/2015,1:45 PM,Derailment,0,FULTON,IL,76,2,Day,Cloudy,Yard,Work train,7,4461,78808,83269,T314,41.836364,-90.17243,71.3,72.5,71.7
FEC,D60092323,9/23/2023,2:23 AM,Derailment,0,HIALEAH,FL,76,4,Dark,Clear,Yard,Yard/switching,5,11150,10315,21465,T110,25.83418,-80.30694,81.9,80.8,82.9
HESR,HES875716D,1/15/2016,11:40 AM,Derailment,0,BAD AXE,MI,42,2,Day,Cloudy,Main,Freight Train,9,30000,47000,77000,T312,43.805703,-82.992317,22.1,35.9,28.4
SFRV,121420201,12/14/2020,7:17 PM,Derailment,0,HIALEAH,FL,88,4,Dark,Cloudy,Yard,Freight Train,0,0,20311,20698,T101,25.860075,-80.260001,73.7,75.0,75.2
FEC,D36051922,5/19/2022,4:45 PM,Derailment,0,JENSEN BEACH,FL,73,2,Day,Clear,Main,Freight Train,33,300000,110875,410875,T109,27.233687,-80.223933,80.9,81.8,77.5
UP,0720MA021,7/14/2020,8:35 PM,Derailment,0,SPRINGFIELD,IL,80,3,Dusk,Clear,Yard,Light loco(s),5,18620,0,19700,T314,39.815549,-89.634333,74.0,76.9,75.8
CSX,000141973,2/23/2015,10:53 PM,Derailment,0,AVON,IN,0,4,Dark,Clear,Yard,Cut of cars,1,19625,1000,20625,T111,39.759222,-86.353899,23.1,10.2,11.3
KCS,15042201,4/22/2015,3:55 AM,Derailment,0,WEST MONROE,LA,57,4,Dark,Clear,Industry,Freight Train,4,100000,6574,106574,T102,32.483931,-92.144219,60.8,65.7,63.3
IHB,2814,3/3/2023,5:55 PM,Side collision,0,EAST CHICAGO,IN,34,2,Day,Sleet,Yard,Cut of cars,0,38654,869,45925,T315,41.645134,-87.429494,35.2,34.8,36.3
BNSF,KS1221117,12/24/2021,7:10 AM,Derailment,0,DODGE CITY,KS,58,1,Dawn,Clear,Yard,Freight Train,5,23705,163000,186705,T314,37.750883,-99.993024,45.8,60.1,42.4
KJRY,KJRY210604,6/4/2021,2:00 PM,Derailment,0,LA HARPE,IL,87,2,Day,Clear,Main,Freight Train,10,0,51844,51844,T109,40.598818,-91.002224,71.6,74.6,77.8
UP,1220PR002,12/2/2020,1:20 PM,Derailment,0,WEST CHICAGO,IL,44,2,Day,Clear,Yard,Freight Train,0,0,16120,23120,T210,41.883458,-88.222821,26.4,31.4,32.4
ATK,155828,10/12/2018,8:40 AM,Derailment,0,NEW HAVEN,CT,61,2,Day,Clear,Yard,Light loco(s),0,15505,0,15505,T319,41.38868,-72.86089,72.9,60.8,51.0
CSX,000156336,1/24/2016,5:36 AM,Derailment,0,WOODLAND,GA,23,1,Dawn,Clear,Main,Freight Train,23,268636,50069,318705,T207,32.811216,-84.552571,32.6,34.7,42.4
IC,1054285,11/15/2020,2:14 AM,Derailment,0,CHICAGO,IL,50,4,Dark,Rain,Yard,Freight Train,9,34864,3626,38490,T202,41.800673,-87.793123,38.6,44.0,39.4
NIRC,9419000241,5/20/2021,8:53 PM,Fire/violent rupture,0,CHICAGO,IL,78,4,Dark,Clear,Main,EMU,15,18718,2149,20867,T404,41.86845,-87.621535,69.6,76.2,76.5
NS,142247,7/18/2021,4:05 PM,Derailment,0,DECATUR,IL,82,3,Dusk,Clear,Yard,Yard/switching,7,61514,6942,68456,T110,39.858406,-88.898384,71.7,72.2,73.1
BNSF,CH1120115,11/30/2020,11:05 AM,Derailment,0,WOODLAWN,IL,30,2,Day,Cloudy,Main,Freight Train,37,47012,10000,57012,T204,38.294855,-89.035199,40.2,33.3,29.1
CSX,000194473,12/14/2020,7:17 PM,Derailment,0,HIALEAH,FL,88,4,Dark,Cloudy,Yard,Freight Train,3,290,97,20698,T101,25.860075,-80.260001,73.7,75.0,75.2
LIRC,1101201901,11/1/2019,1:19 AM,Derailment,0,LOUISVILLE,KY,36,4,Dark,Clear,Yard,Freight Train,9,9850,0,11382,T110,38.263535,-85.801414,46.8,38.8,42.0
ATK,135966,1/16/2015,9:12 AM,Derailment,0,"WASHINGTON, DC",DC,43,2,Day,Clear,Yard,Light loco(s),3,32646,2016,34662,T311,38.914611,-76.991158,34.7,37.4,33.5
TRRA,19028,11/11/2019,3:30 PM,Derailment,0,EAST ST LOUIS,IL,51,2,Day,Clear,Main,Freight Train,0,0,17141,54977,T314,38.600105,-90.152614,50.9,32.1,15.6
PAL,2019NOV1D,11/8/2019,3:05 AM,Derailment,0,LOUISVILLE,KY,28,4,Dark,Clear,Main,Freight Train,5,7978,9500,17478,T110,38.2203,-85.7828,44.6,31.6,38.6
UP,1015PR008,10/11/2015,4:20 AM,Derailment,0,NORTHLAKE,IL,47,4,Dark,Clear,Yard,Yard/switching,10,39251,2312,41563,T207,41.909326,-87.915428,54.3,64.5,65.7
CSX,000169640,6/16/2017,1:40 AM,Derailment,0,ORLANDO,FL,80,4,Dark,Clear,Yard,Freight Train,8,46987,2065,49052,T110,28.432076,-81.369546,75.6,75.4,79.8
CSX,000195261,1/25/2021,4:22 AM,Derailment,0,NORTH HAVEN,CT,17,4,Dark,Clear,Yard,Freight Train,0,0,1013,17121,T207,41.365712,-72.871158,23.8,27.8,29.6
NS,131264,10/9/2018,8:55 PM,Derailment,0,CHICAGO,IL,72,4,Dark,Clear,Yard,Yard/switching,7,20692,3093,23785,T207,41.710706,-87.594247,73.7,77.1,70.0
NS,127997,1/5/2018,2:12 AM,Derailment,0,NEW HAVEN,IN,72,4,Dark,Cloudy,Main,Freight Train,22,115389,238346,353735,T110,41.072406,-85.027451,13.6,8.0,5.8
MNR,163332,7/7/2019,2:40 PM,Derailment,0,FORT KENT,ME,0,2,Day,Clear,Main,Freight Train,5,50450,10600,61050,T001,47.263577,-68.59313,71.9,62.7,64.5
CDOT,166069,12/20/2020,7:00 PM,Derailment,0,NEW HAVEN,CT,34,4,Dark,Clear,Yard,Yard/switching,4,18520,720,19240,T399,41.29712,-72.92598,22.9,30.4,35.1
CSX,000198059,6/7/2021,5:15 AM,Derailment,0,LOUISVILLE,KY,72,1,Dawn,Clear,Yard,Yard/switching,7,115500,4846,120346,T207,38.160709,-85.749174,74.6,77.1,76.1
UP,1118LV017,11/11/2018,12:20 AM,Derailment,0,LOTTIE,LA,42,4,Dark,Cloudy,Yard,Freight Train,10,17873,7854,25727,T310,30.524592,-91.557219,47.1,51.4,54.3
UP,0719PR028,7/22/2019,7:55 AM,Derailment,0,SOUTH HOLLAND,IL,67,2,Day,Cloudy,Yard,Freight Train,3,18749,47934,66683,T202,41.615186,-87.611115,73.2,69.2,68.4
FEC,D31041722,4/17/2022,1:03 AM,Derailment,0,FT PIERCE,FL,68,4,Dark,Cloudy,Main,Freight Train,2,5654,406831,412485,T106,27.45454,-80.326656,78.7,79.6,77.9
ORSR,001,11/29/2021,8:45 AM,Derailment,0,SANTA CLAUS,IN,34,2,Day,Clear,Main,Passenger Train - Pulling,7,69000,0,78759,T110,38.107134,-86.975507,39.3,35.9,43.0
BNSF,CH0218111,2/16/2018,8:24 PM,Derailment,0,HODGKINS,IL,15,3,Dusk,Cloudy,Yard,Yard/switching,5,1750,75000,76750,T111,41.757992,-87.86724,41.8,32.0,26.4
CSX,000208507,11/25/2022,2:29 AM,Derailment,0,PENSACOLA,FL,62,4,Dark,Rain,Yard,Yard/switching,4,11665,692,12357,T202,30.437013,-87.219916,63.3,69.6,65.9
CSX,000212763,8/6/2023,4:02 PM,Derailment,0,JACKSONVILLE,FL,98,3,Dusk,Clear,Yard,Freight Train,2,26000,6537,32537,T102,30.355703,-81.768638,83.4,85.5,88.2
NOGC,OP12122018,12/12/2018,9:20 AM,Derailment,0,GRETNA,LA,62,2,Day,Cloudy,Yard,Freight Train,5,30000,12000,42000,T001,29.935356,-90.052688,46.8,52.4,62.0
UP,0918PR004,9/3/2018,3:01 AM,Derailment,0,NORTHLAKE,IL,72,4,Dark,Cloudy,Yard,Yard/switching,3,7900,10700,18600,T314,41.909328,-87.91514,80.6,75.2,81.7
MNCW,82945,6/11/2024,7:10 PM,Other (describe in narrative),0,NORWALK,CT,72,3,Dusk,Cloudy,Main,EMU,0,0,27890,54976,T404,41.119256,-73.36926,65.4,64.1,66.2
NS,152636,3/25/2023,5:59 AM,Derailment,0,BALTIMORE,MD,45,1,Dawn,Clear,Yard,Freight Train,6,9100,17202,26302,T110,39.287421,-76.559359,52.6,47.4,56.1
IR,IR202858,12/3/2020,10:40 AM,Derailment,0,OTTAWA,IL,45,2,Day,Clear,Yard,Yard/switching,5,25259,4200,29459,T210,41.345833,-88.875,30.1,33.2,35.0
TRRA,18008,5/11/2018,2:50 PM,Derailment,0,VENICE,IL,85,2,Day,Clear,Yard,Yard/switching,7,13252,22463,35715,T399,38.663636,-90.160408,75.2,76.4,78.2
CSX,000196272,3/13/2021,3:15 AM,Derailment,0,JACKSONVILLE,FL,53,4,Dark,Clear,Yard,Freight Train,2,206563,3492,210055,T207,30.29385,-81.977431,65.3,67.6,70.4
PW,PWR098822R,5/26/2022,5:24 AM,Derailment,0,HAMDEN,CT,51,1,Dawn,Clear,Yard,Freight Train,13,25220,0,27000,T101,41.371692,-72.849933,58.6,59.9,66.9
FEC,D14021816,2/18/2016,7:05 PM,Derailment,0,MIAMI-DADE,FL,70,4,Dark,Clear,Yard,Yard/switching,6,2361,10589,12950,T314,25.817016,-80.308837,67.5,65.9,68.3
NS,142296,7/22/2021,1:26 AM,Derailment,0,CHICAGO,IL,72,4,Dark,Clear,Yard,Yard/switching,5,16942,5222,22164,T207,41.694381,-87.564354,70.0,75.4,81.9
TRRA,18009,5/19/2018,2:30 PM,Derailment,0,VENICE,IL,71,2,Day,Clear,Siding,Yard/switching,10,7135,12000,19135,T199,38.66169,-90.159762,68.1,70.7,71.7
ATK,159946,7/8/2019,12:45 PM,Derailment,0,BEAR,DE,80,2,Day,Clear,Yard,Light loco(s),0,17924,22000,39924,T113,39.62928,-75.65826,78.7,74.1,76.5
UP,0619PR022,6/24/2019,3:00 PM,Derailment,0,MELROSE PARK,IL,76,2,Day,Cloudy,Yard,Yard/switching,8,23940,175858,199798,T110,41.894883,-87.889016,73.0,71.6,74.5
KCS,17060105,6/1/2017,7:00 PM,Derailment,0,BATON ROUGE,LA,72,3,Dusk,Cloudy,Industry,Yard/switching,5,9000,2000,11000,T402,30.510687,-91.188324,74.7,74.4,76.9
BPRR,BPR671518D,5/23/2018,6:45 AM,Derailment,0,NORTHPOINT,PA,62,1,Dawn,Fog,Main,Freight Train,30,554891,250000,804891,T111,40.90209,-79.139049,65.8,63.9,66.2
ESPN,ESPN1701,6/20/2017,1:30 PM,Derailment,0,SELLERSVILLE,PA,84,2,Day,Clear,Main,Freight Train,10,250000,80000,330000,T110,40.365795,-75.309428,76.9,74.8,71.7
UP,0719MA007,7/6/2019,9:15 PM,Derailment,0,EAST ST LOUIS,IL,84,4,Dark,Clear,Yard,Freight Train,5,12986,7988,76427,T310,38.582468,-90.136583,79.2,81.8,81.4
PW,PWR100822D,5/31/2022,2:15 PM,Derailment,0,JEWETT CITY,CT,90,2,Day,Clear,Main,Freight Train,39,35000,5527,40527,T109,41.604139,-71.985097,68.5,73.2,59.5
NS,114836,3/14/2015,11:15 PM,Derailment,0,BOURBONNAIS,IL,45,4,Dark,Clear,Yard,Freight Train,2,8100,3249,11349,T210,41.122308,-87.900618,44.9,47.3,46.5
NOPB,D20200306E,3/6/2020,3:30 AM,Derailment,0,NEW ORLEANS,LA,65,4,Dark,Clear,Yard,Freight Train,2,61000,14487,75487,T199,29.987744,-90.026636,61.0,61.4,56.2
BAYL,BAY726121,2/1/2021,5:30 AM,Derailment,0,PANAMA CITY,FL,45,1,Dawn,Cloudy,Industry,Yard/switching,2,15000,100000,115000,T403,30.182821,-85.728057,65.1,46.7,44.3
BNSF,CH1119106,11/12/2019,5:39 PM,Derailment,0,HERRIN,IL,10,3,Dusk,Clear,Industry,Light loco(s),3,25000,0,25000,T202,37.802619,-89.001348,35.4,15.9,23.8
CMQX,07202018,7/20/2018,2:00 PM,Derailment,0,JACKMAN,ME,85,2,Day,Clear,Main,Freight Train,25,95000,52000,147000,T109,45.536608,-70.681071,62.1,68.9,69.1
BNSF,CH0218107,2/13/2018,12:44 AM,Derailment,0,EOLA,IL,70,4,Dark,Clear,Yard,Freight Train,6,151400,115000,266400,T207,41.772326,-88.262502,9.1,18.9,29.6
UP,1119MA009,11/4/2019,3:45 AM,Derailment,0,EAST ST LOUIS,IL,48,4,Dark,Clear,Yard,Freight Train,2,1059,0,27267,T108,38.600105,-90.152614,42.8,48.8,45.4
NS,134737,7/16/2019,8:25 PM,Derailment,0,BOURBONNAIS,IL,90,4,Dark,Clear,Yard,Freight Train,5,22,10852,10874,T110,41.122276,-87.904597,79.0,75.0,80.1
BHS,BHS0523,3/2/2023,10:15 AM,Derailment,0,PORTAGE,IN,38,2,Day,Cloudy,Yard,Freight Train,0,0,1800,1800,T112,41.6223,-87.150405,44.1,35.3,34.1
CSX,000197214,4/25/2021,1:10 AM,Derailment,0,DANVILLE,IL,47,4,Dark,Clear,Yard,Freight Train,8,66081,19658,85739,T207,40.136299,-87.607441,51.5,48.6,60.4
BAYL,BAY045722,10/20/2022,5:15 AM,Derailment,0,PANAMA CITY,FL,45,1,Dawn,Clear,Industry,Yard/switching,8,54800,43000,97800,T311,30.182821,-85.728057,52.0,53.9,58.1
UP,1015PR010,10/17/2015,12:40 PM,Derailment,0,NORTHLAKE,IL,55,2,Day,Clear,Yard,Yard/switching,2,16032,4570,20602,T316,41.909337,-87.915129,47.5,42.1,45.6
BNSF,CH0819104,8/5/2019,11:50 AM,Derailment,0,MALDEN,IL,80,2,Day,Clear,Yard,Freight Train,5,233,368400,368633,T111,41.442495,-89.320405,75.1,77.0,73.5
KYLE,KYL009319D,4/2/2019,10:05 PM,Derailment,0,MINNEAPOLIS,KS,61,4,Dark,Cloudy,Main,Freight Train,9,60000,45000,105000,T102,39.143307,-97.723343,45.6,47.0,55.9
NS,124746,4/18/2017,4:50 AM,Derailment,0,DECATUR,IL,58,1,Dawn,Clear,Industry,Yard/switching,4,13585,0,13585,T110,39.858895,-88.896691,59.4,61.6,71.0
CSX,000184637,8/8/2019,3:02 PM,Derailment,0,ROSEDALE,IN,87,2,Day,Clear,Main,Freight Train,44,672954,97381,770335,T109,39.647301,-87.375665,75.4,76.0,75.6
FEC,D53090315,9/3/2015,8:40 AM,Derailment,0,MIAMI SPRINGS,FL,87,2,Day,Clear,Yard,Freight Train,6,11041,11416,22457,T205,25.815649,-80.308801,85.3,84.2,82.6
UP,0121MA007,1/11/2021,3:00 PM,Derailment,0,EAST ST LOUIS,IL,35,2,Day,Clear,Yard,Freight Train,3,6592,0,40497,T403,38.582962,-90.135788,28.7,28.9,36.0
ATK,166268,12/24/2020,9:45 AM,Derailment,0,NEW HAVEN,CT,45,2,Day,Clear,Yard,Light loco(s),5,12620,1720,14340,T111,41.292639,-72.928692,37.4,48.9,51.8
NS,129361,5/4/2018,12:40 PM,Derailment,0,ELLIOTT,IL,72,2,Day,Clear,Main,Work train,8,225000,32248,257248,T313,40.46429,-88.389447,69.9,67.9,67.9
UP,0219GL001,2/1/2019,12:01 PM,Derailment,0,SOUTH HOLLAND,IL,16,2,Day,Clear,Yard,Freight Train,2,1846,18490,20336,T101,41.622762,-87.612079,-9.5,10.4,30.0
LIRC,030120151,3/1/2015,11:10 PM,Derailment,0,SCOTTSBURG,IN,2,4,Dark,Clear,Siding,Freight Train,9,40000,100000,140000,T111,38.665874,-85.771281,26.4,34.9,33.1
ATK,164568,6/8/2020,6:50 PM,Derailment,0,WASHINGTON,DC,75,3,Dusk,Clear,Yard,Light loco(s),5,22000,3688,25688,T206,38.898654,-77.006668,75.7,73.3,77.8
UP,0518PR003,5/6/2018,3:16 AM,Derailment,0,CHICAGO,IL,52,4,Dark,Clear,Yard,Freight Train,6,12304,9930,22234,T202,41.886864,-87.692092,70.1,60.4,61.9
KCS,16061901,6/19/2016,1:45 AM,Derailment,0,BOSSIER CITY,LA,80,4,Dark,Clear,Yard,Freight Train,7,126780,29106,1485678,T111,32.512519,-93.74244,81.3,81.7,80.4
IC,959062,5/12/2018,7:45 PM,Derailment,0,CICERO,IL,51,3,Dusk,Clear,Yard,Freight Train,10,135937,16601,152538,T308,41.832625,-87.753493,51.4,48.5,55.0
ALS,20170711,7/11/2017,12:48 PM,Derailment,0,EAST ST LOUIS,IL,93,2,Day,Clear,Yard,Yard/switching,3,29035,12621,41656,T199,38.590374,-90.138593,86.1,87.9,87.0
LIRC,LIRC00025F,4/11/2022,4:41 PM,Derailment,0,JEFFERSONVILLE,IN,60,2,Day,Rain,Yard,Yard/switching,8,10000,3493,13493,T210,38.299104,-85.752536,50.4,61.2,62.6
CSX,000207503,9/25/2022,10:50 PM,Derailment,0,WILMINGTON,DE,58,4,Dark,Rain,Yard,Freight Train,7,331747,84384,416131,T207,39.759473,-75.560403,57.5,64.4,67.4