reportingrailroadcode,accidentnumber,date,time,accidenttype,hazmatreleasedcars,station,stateabbr,temperature,visibility_code,visibility,weathercondition,tracktype,equipmenttype,trainspeed,equipmentdamagecost,trackdamagecost,totaldamagecost,primaryaccidentcausecode,latitude,longitude,prior_temp,actual_temp,following_temp
NS,122407,10/13/2016,12:20 PM,Derailment,0,HARRISBURG,PA,72,2,Day,Cloudy,Yard,Freight Train,9,150336,26201,186548,T110,40.267804,-76.879735,55.4,56.5,51.5
BEAR,BER771124D,3/20/2024,4:40 PM,Derailment,0,BRISTOL,CT,41,2,Day,Cloudy,Main,Freight Train,5,0,83285,83285,T110,41.676047,-72.945778,38.5,40.9,32.5
TRRA,19027,11/12/2019,7:58 AM,Derailment,0,VENICE,IL,17,1,Dawn,Clear,Yard,Yard/switching,8,30000,17864,47864,T311,38.661335,-90.159645,31.9,15.6,24.2
SKOL,211012,10/12/2021,12:15 AM,Derailment,0,INDEPENDENCE,KS,56,4,Dark,Clear,Main,Freight Train,8,311311,20000,331311,T207,37.231466,-95.723092,63.1,65.2,70.6
BNSF,CH0323108,3/12/2023,5:30 PM,Derailment,0,EOLA,IL,37,3,Dusk,Cloudy,Yard,Freight Train,10,91702,207252,298954,T206,41.774738,-88.247619,35.2,33.3,29.4
ALS,20190715,7/15/2019,8:00 PM,Derailment,0,EAST ST LOUIS,IL,80,4,Dark,Cloudy,Yard,Yard/switching,4,8250,7785,16035,T199,38.593481,-90.147497,80.7,73.1,77.8
NICD,N2200001,1/3/2022,6:27 AM,Other (describe in narrative),0,EAST CHICAGO,IN,20,4,Dark,Snow,Main,Commuter Train - Pulling,50,12363,5640,18003,T404,41.610858,-87.477112,24.8,14.7,27.7
NS,130200,7/14/2018,3:40 PM,Derailment,0,DECATUR,IL,75,2,Day,Cloudy,Yard,Yard/switching,8,217165,19657,236822,T110,39.858401,-88.898396,76.6,73.8,77.2
ATK,135902,1/13/2015,8:30 AM,Derailment,0,"WASHINGTON, DC",DC,35,2,Day,Clear,Yard,Light loco(s),5,15980,2574,18554,T110,38.916732,-76.98472,38.0,34.8,30.1
ATK,180655,6/11/2024,6:55 PM,Other (describe in narrative),0,NORWALK,CT,0,2,Day,Clear,Main,Passenger Train - Pulling,70,27086,0,54976,T404,41.118359,-73.374195,65.4,64.1,66.2
FEC,D50100419,10/4/2019,12:55 AM,Derailment,0,WEST PALM BEACH,FL,80,4,Dark,Clear,Yard,Freight Train,7,2296,25923,28219,T314,26.733686,-80.058005,82.1,81.8,83.0
ATK,173419,1/16/2023,11:30 AM,Derailment,0,WASHINGTON,DC,49,2,Day,Clear,Yard,Yard/switching,6,19400,3650,23050,T112,38.916269,-76.984514,36.3,41.8,41.3
CSX,000155639,12/31/2015,3:55 PM,Derailment,0,NEW HAVEN,CT,48,2,Day,Clear,Yard,Freight Train,7,20654,2000,22654,T111,41.365713,-72.871158,35.6,41.6,39.3
MNCW,2017111614,11/16/2017,8:22 AM,Other (describe in narrative),0,NORWALK,CT,48,2,Day,Rain,Main,EMU,70,15000,500,15500,T404,41.10512,-73.401295,40.3,49.7,41.8
IHB,2814,3/3/2023,5:55 PM,Side collision,0,EAST CHICAGO,IN,34,2,Day,Sleet,Yard,Freight Train,7,5533,869,45925,T315,41.645134,-87.429494,35.2,34.8,36.3
FNOR,FN1721,8/14/2021,9:20 AM,Derailment,0,OCALA,FL,88,2,Day,Cloudy,Yard,Freight Train,0,8168,17329,25497,T109,29.081533,-82.04424,79.7,77.2,79.8
UP,0421MA009,4/6/2021,12:39 PM,Derailment,0,EAST ST LOUIS,IL,77,2,Day,Clear,Main,Freight Train,10,72891,0,98876,T308,38.372377,-90.10615,65.6,69.5,67.8
BNSF,KS0623101,6/1/2023,7:00 AM,Derailment,0,KANSAS CITY,KS,72,1,Dawn,Clear,Yard,Yard/switching,3,14135,5000,19135,T315,39.080928,-94.672877,70.5,77.8,78.4
ATK,154931,8/22/2018,1:00 PM,Derailment,0,BEAR,DE,85,2,Day,Clear,Yard,Light loco(s),6,40479,10000,50479,T113,39.62438,-75.66034,74.1,76.2,71.1
FEC,D54A090915,9/9/2015,7:10 PM,Derailment,0,JACKSONVILLE,FL,82,3,Dusk,Clear,Yard,Yard/switching,5,4582,10845,15427,T111,30.240092,-81.602471,79.9,83.4,82.9
NS,115862,5/30/2015,11:50 AM,Derailment,0,JACKSONVILLE,FL,83,2,Day,Cloudy,Yard,Freight Train,10,4500,11131,15631,T207,30.360836,-81.723364,78.6,78.5,80.3
SGLR,SG202316,2/28/2023,10:48 AM,Derailment,0,SARASOTA,FL,78,2,Day,Clear,Yard,Freight Train,5,0,57550,57550,T109,27.41171,-82.54257,69.3,74.7,73.3
NS,121889,8/30/2016,1:05 PM,Derailment,0,NEW ORLEANS,LA,90,2,Day,Clear,Yard,Yard/switching,2,206,12162,12368,T314,29.967949,-90.047147,83.8,85.4,86.2
NS,119247,2/4/2016,11:00 PM,Derailment,0,MECHANICSVILLE,GA,35,4,Dark,Cloudy,Industry,Freight Train,8,5696,8500,14196,T110,33.927358,-84.24427,60.6,45.9,39.1
DCR,190507DCR,5/7/2019,11:10 AM,Derailment,0,SEAFORD,DE,75,2,Day,Clear,Yard,Yard/switching,6,28000,26000,54000,T205,38.636662,-75.616681,58.8,64.0,63.8
UP,0219HL020,2/17/2019,4:12 PM,Derailment,0,KANSAS CITY,KS,28,2,Day,Cloudy,Yard,Yard/switching,10,5532,10900,16432,T303,39.093781,-94.649858,21.7,26.1,21.5
CSX,000155031,12/7/2015,5:15 AM,Derailment,0,TAMPA,FL,59,4,Dark,Clear,Yard,Freight Train,5,11956,1500,13456,T311,27.955864,-82.395816,71.8,66.0,64.6
SH,031704,3/27/2017,11:30 AM,Derailment,0,STEELTON,PA,50,2,Day,Cloudy,Yard,Yard/switching,2,3290,50582,53872,T110,40.230485,-76.832449,46.6,48.4,54.4
EMRY,144574,2/15/2019,6:35 AM,Derailment,0,SEBOEIS,ME,5,1,Dawn,Cloudy,Main,Freight Train,10,862813,187829,1050642,T202,45.330017,-68.816278,18.1,19.0,29.2
ATK,135866,1/8/2015,3:20 AM,Derailment,0,BEECH GROVE,IN,-8,4,Dark,Clear,Yard,Yard/switching,5,13361,0,13361,T311,39.724699,-86.081936,4.8,4.0,10.9
NIRC,9419000240,5/20/2021,6:05 PM,Fire/violent rupture,0,CHICAGO,IL,82,2,Day,Clear,Main,EMU,15,56150,2149,58299,T404,41.88297,-87.62301,69.6,76.2,76.5
NS,136031,11/1/2019,1:19 AM,Derailment,0,LOUISVILLE,KY,36,4,Dark,Clear,Yard,Freight Train,0,0,1532,11382,T110,38.263535,-85.801414,46.8,38.8,42.0
NS,122407,10/13/2016,12:20 PM,Derailment,0,HARRISBURG,PA,72,2,Day,Cloudy,Yard,Light loco(s),0,10011,0,186548,T110,40.267804,-76.879735,55.4,56.5,51.5
ATK,154172,7/6/2018,11:25 PM,Derailment,0,HIALEAH,FL,80,4,Dark,Cloudy,Yard,Yard/switching,5,13952,3298,17250,T314,25.857596,-80.278106,82.4,82.9,83.1
TRRA,21020,4/6/2021,12:39 PM,Derailment,0,EAST ST LOUIS,IL,66,2,Day,Clear,Main,Freight Train,0,0,25985,98876,T399,38.372377,-90.10615,65.6,69.5,67.8
MNCW,80330,7/29/2023,1:25 PM,Derailment,0,NEW HAVEN,CT,83,2,Day,Clear,Yard,Freight Train,0,0,64821,97888,T311,41.30221,-72.92439,81.9,81.4,71.9
BRC,14141,2/12/2016,10:40 AM,Derailment,0,CICERO,IL,20,2,Day,Clear,Main,Freight Train,0,0,88936,92136,T001,41.77057,-87.789096,16.1,19.5,11.3
ATK,157754,2/22/2019,1:45 PM,Derailment,0,BEAR,DE,40,2,Day,Clear,Yard,Yard/switching,5,40985,0,40985,T199,39.629153,-75.658208,41.5,43.1,37.5
GRW,05,2/16/2022,2:50 AM,Derailment,0,GARY,IN,40,4,Dark,Clear,Yard,Yard/switching,8,69700,11390,81090,T201,41.623884,-87.352077,28.7,47.1,30.2
FEC,D25040222,4/2/2022,10:25 PM,Derailment,0,MIAMI-DADE,FL,83,4,Dark,Cloudy,Yard,Yard/switching,10,5903,22061,27964,T319,25.831618,-80.309443,81.2,80.2,75.6
FEC,D14041119,4/11/2019,5:00 PM,Derailment,0,JACKSONVILLE,FL,85,2,Day,Clear,Yard,Freight Train,9,103660,14564,118224,T314,30.234943,-81.598622,70.3,74.0,76.8
FEC,D147111214,11/12/2014,3:00 AM,Derailment,0,JACKSONVILLE,FL,60,4,Dark,Clear,Yard,Yard/switching,7,7598,26012,33610,T309,30.237479,-81.600827,67.0,64.7,66.9
FEC,D51082123,8/21/2023,11:45 AM,Derailment,0,MIAMI-DADE,FL,90,2,Day,Clear,Yard,Freight Train,8,6349,20239,26588,T110,25.837486,-80.308069,80.3,84.8,85.4
FEC,D58092123,9/21/2023,2:30 AM,Derailment,0,MEDLEY,FL,76,4,Dark,Clear,Industry,Yard/switching,5,5075,57935,63010,T110,25.87353,-80.36196,81.7,80.9,81.6
CRSH,122614,10/31/2016,4:00 PM,Derailment,0,MORRISVILLE,PA,55,3,Dusk,Clear,Industry,Freight Train,5,17090,1600,18690,T113,40.166201,-74.763792,65.5,49.5,47.9
BLF,201702001,2/11/2017,5:05 PM,Derailment,0,WEST PALM BEACH,FL,77,3,Dusk,Clear,Yard,Work train,4,408000,206,408206,T108,26.727765,-80.057261,69.4,70.7,69.7
ATK,169659,2/2/2022,7:00 PM,Derailment,0,WASHINGTON,DC,45,4,Dark,Clear,Yard,Yard/switching,0,114518,1854,116372,T319,38.913492,-76.993173,32.8,37.5,46.8
KCS,18010401,1/4/2018,7:20 AM,Derailment,0,NEW ROADS,LA,31,2,Day,Clear,Main,Freight Train,38,1569515,329187,1898702,T307,30.71423,-91.54404,31.5,33.5,36.7
CSX,000179570,10/28/2018,7:50 PM,Derailment,0,NEW ORLEANS,LA,68,3,Dusk,Clear,Main,Freight Train,0,0,21397,69897,T111,30.004227,-90.027526,66.4,72.0,74.7
CSX,000183915,6/29/2019,11:10 AM,Derailment,0,HIALEAH,FL,87,2,Day,Clear,Yard,Freight Train,8,5618,0,19361,T202,25.860075,-80.260001,83.3,81.3,82.6
CSO,CSO673321R,1/25/2021,4:22 AM,Derailment,0,NORTH HAVEN,CT,17,4,Dark,Clear,Yard,Freight Train,10,16108,0,17121,T207,41.365712,-72.871158,23.8,27.8,29.6
FEC,D12040319,4/3/2019,5:30 PM,Derailment,0,JACKSONVILLE,FL,65,2,Day,Clear,Yard,Yard/switching,5,20947,12860,33807,T111,30.22647,-81.592533,58.8,59.3,66.0
ESPN,ESPN10221,10/13/2022,3:00 PM,Derailment,0,WILMINGTON,DE,70,2,Day,Cloudy,Main,Freight Train,10,78000,15000,93000,T110,39.789722,-75.588055,58.0,64.3,59.6
CSX,000209397,1/21/2023,1:15 PM,Derailment,0,LAFAYETTE,IN,37,2,Day,Cloudy,Yard,Freight Train,2,146993,8837,155830,T108,40.445107,-86.878543,32.8,31.0,31.7
ATK,168098,8/19/2021,10:23 AM,Derailment,0,WASHINGTON,DC,90,2,Day,Clear,Yard,Yard/switching,10,44944,1500,46444,T319,38.913596,-76.995587,82.4,82.8,77.3
NS,144856,4/1/2022,6:37 AM,Derailment,0,OSCEOLA,IN,32,1,Dawn,Snow,Yard,Yard/switching,15,333209,129817,463026,T207,41.664668,-86.052581,41.8,33.8,35.6
ATK,146444,2/21/2017,6:14 PM,Derailment,0,BOSTON,MA,38,3,Dusk,Clear,Yard,Yard/switching,5,42648,5000,47648,T113,42.331991,-71.059712,41.3,35.5,43.2
BRC,14198,11/10/2018,1:20 AM,Derailment,0,BEDFORD PARK,IL,19,4,Dark,Clear,Industry,Freight Train,4,47739,0,47739,T110,41.775628,-87.818914,31.5,26.5,34.3
KCS,19121801,12/18/2019,8:15 AM,Derailment,0,EAST ST LOUIS,IL,20,2,Day,Cloudy,Industry,Yard/switching,5,12249,24490,36739,T207,38.61954,-90.171285,26.7,23.6,30.0
NS,134511,6/28/2019,2:05 AM,Derailment,0,GRANITE CITY,IL,74,4,Dark,Clear,Yard,Light loco(s),4,24460,400,24860,T311,38.722763,-90.142584,77.4,78.2,81.1
BNSF,CH0918107,9/7/2018,7:50 PM,Derailment,0,AURORA,IL,70,3,Dusk,Clear,Yard,Freight Train,6,19500,3000,22500,T403,41.771126,-88.270731,65.9,65.0,65.3
CFRC,16270,9/26/2016,5:10 AM,Derailment,0,ORLANDO,FL,86,4,Dark,Cloudy,Industry,Freight Train,0,0,2964,102470,T110,28.450074,-81.366967,81.5,77.2,78.6
FEC,D35083020,8/30/2020,12:10 AM,Derailment,0,JACKSONVILLE,FL,75,4,Dark,Cloudy,Yard,Yard/switching,9,4830,11749,16579,T314,30.226325,-81.592446,81.7,79.4,79.2
NS,132386,1/11/2019,3:22 PM,Derailment,0,CHICAGO,IL,32,2,Day,Clear,Main,Yard/switching,4,25958,11334,37292,T207,41.814016,-87.635881,20.1,27.3,30.5
URR,7401,1/7/2017,8:10 PM,Derailment,0,CLAIRTON,PA,10,4,Dark,Cloudy,Industry,Yard/switching,7,8800,10399,19199,T319,40.3023,-79.876659,12.6,11.5,10.6
NS,117468,9/21/2015,10:00 PM,Derailment,0,FORT WAYNE,IN,54,4,Dark,Clear,Main,Freight Train,0,0,21000,29900,T319,41.071365,-85.129443,58.9,59.7,60.7
DCR,210713DCRM,7/13/2021,10:20 PM,Derailment,0,MILFORD,DE,75,4,Dark,Clear,Industry,Freight Train,6,63000,10000,73000,T110,38.916895,-75.44782,83.5,84.9,83.9
UP,0615PC010,6/29/2015,11:50 PM,Derailment,0,POCATELLO,ID,75,4,Dark,Rain,Yard,Yard/switching,4,60554,22729,83283,T111,42.860831,-112.445076,79.0,81.2,78.7
ATK,151642,1/23/2018,4:15 PM,Derailment,0,BEAR,DE,45,2,Day,Clear,Yard,Light loco(s),5,32600,16999,49599,T110,39.606622,-75.698859,47.1,49.7,40.4
NS,143820,12/21/2021,10:26 PM,Derailment,0,HUNTINGBURG,IN,34,4,Dark,Clear,Yard,Freight Train,8,9000,2866,11866,T311,38.29749,-86.938472,30.6,34.2,32.7
TRRA,19010,5/9/2019,8:25 PM,Derailment,0,EAST ST LOUIS,IL,60,4,Dark,Clear,Yard,Freight Train,4,19887,6512,26399,T199,38.597044,-90.155714,71.2,62.0,52.4
SFRV,06292019,6/29/2019,11:10 AM,Derailment,0,MIAMI-DADE,FL,87,2,Day,Clear,Yard,Freight Train,8,5618,8125,19361,T202,25.860075,-80.260001,82.7,81.5,80.9
ATK,137901,6/21/2015,6:31 PM,Other (describe in narrative),0,MYSTIC GROTON,CT,70,3,Dusk,Clear,Main,Passenger Train - Pulling,60,44000,15000,59000,T401,41.346724,-71.975126,65.1,71.1,75.3
FEC,D68101122,10/11/2022,3:05 AM,Derailment,0,JACKSONVILLE,FL,75,4,Dark,Clear,Yard,Yard/switching,4,1679,11460,13139,T199,30.242374,-81.603197,73.0,76.5,77.5
FVRR,RRC201901,10/11/2019,6:16 PM,Derailment,0,PRINCETON,KY,54,3,Dusk,Cloudy,Yard,Freight Train,5,0,0,38923,T319,37.1076,-87.903,70.6,63.5,46.9
FEC,D55091015,9/10/2015,5:40 AM,Derailment,0,JACKSONVILLE,FL,74,4,Dark,Clear,Yard,Freight Train,10,58394,18300,76694,T207,30.229148,-81.594734,83.4,82.9,84.9
NS,120675,5/28/2016,7:00 AM,Derailment,0,EVERGREEN PARK,IL,73,1,Dawn,Clear,Yard,Freight Train,5,4000,8062,12062,T110,41.7526,-87.588965,74.5,75.8,74.0
MNCW,2017012913,1/29/2017,7:43 AM,Other (describe in narrative),0,STRATFORD,CT,39,4,Dark,Cloudy,Main,EMU,45,24442,1500,25942,T404,41.193205,-73.132882,37.8,39.2,32.4
MNCW,2015122104,12/21/2014,1:05 AM,Other (describe in narrative),0,MILFORD,CT,27,4,Dark,Clear,Main,Passenger Train - Pulling,40,20000,1500,21500,T404,41.205095,-73.110625,32.0,35.0,40.4
NS,135911,10/22/2019,12:25 PM,Derailment,0,DECATUR,IL,50,2,Day,Cloudy,Industry,Yard/switching,2,33,0,33,T110,39.863387,-88.908502,60.2,51.4,53.9
NS,121817,8/25/2016,11:50 AM,Derailment,0,DECATUR,IL,85,2,Day,Clear,Yard,Yard/switching,4,20963,2922,23885,T102,39.851597,-88.92466,79.4,78.6,75.9
UP,0419MA080,4/29/2019,7:30 PM,Derailment,0,EAST ST LOUIS,IL,71,3,Dusk,Clear,Yard,Freight Train,5,56714,0,75463,T001,38.58695,-90.130128,48.6,62.2,64.3
NS,153841,8/7/2023,4:50 AM,Derailment,0,JACKSONVILLE,FL,79,1,Dawn,Clear,Yard,Freight Train,9,282221,0,282221,T110,30.368374,-81.730822,85.5,88.2,89.9
MACZ,173972,3/3/2023,6:10 PM,Derailment,0,MIDDLE RIVER,MD,39,4,Dark,Rain,Yard,Commuter Train - Pushing,5,6665,12000,18665,T399,39.337629,-76.417579,49.4,43.1,46.8
UP,0616LK012,6/19/2016,1:45 AM,Derailment,0,SHREVEPORT,LA,85,4,Dark,Cloudy,Yard,Freight Train,0,0,1329792,1485678,T111,32.512519,-93.74244,81.4,81.7,80.5
CSX,000189466,4/2/2020,3:49 AM,Derailment,0,HIALEAH,FL,85,4,Dark,Clear,Yard,Freight Train,2,30733,0,47879,T303,25.860075,-80.260001,78.3,74.0,76.0
MNCW,2017080105,8/1/2017,1:14 AM,Derailment,0,BRIDGEPORT,CT,60,4,Dark,Clear,Yard,EMU,2,25000,5000,30000,T311,41.18516,-73.164545,73.6,77.7,75.4
CSX,000150141,8/2/2015,6:10 PM,Derailment,0,BALTIMORE,MD,89,3,Dusk,Clear,Yard,Yard/switching,7,11246,377,11623,T108,39.268407,-76.587167,78.7,77.6,80.0
NS,117955,10/28/2015,2:03 AM,Derailment,0,ALTOONA,PA,72,4,Dark,Rain,Yard,Freight Train,9,166000,9900,175900,T207,40.524932,-78.389589,44.1,56.8,54.8
BNSF,CH1017106,10/16/2017,7:30 PM,Derailment,0,GALESBURG,IL,65,3,Dusk,Clear,Yard,Yard/switching,7,22200,35000,57200,T205,40.935715,-90.388037,52.2,48.7,55.0
NS,129365,5/4/2018,4:00 PM,Derailment,0,FORT MILL,SC,72,3,Dusk,Cloudy,Main,Freight Train,24,885001,255079,1140080,T102,35.026492,-80.928363,68.7,69.9,69.5
NS,113488,12/16/2014,5:15 PM,Derailment,0,STOBO,PA,34,3,Dusk,Clear,Yard,Yard/switching,6,42925,82099,125024,T110,40.672361,-80.251826,43.2,43.8,34.8
NS,146144,8/11/2022,8:00 AM,Derailment,0,GREENVILLE,SC,86,2,Day,Clear,Yard,Freight Train,5,261273,2500,263773,T207,34.858969,-82.413873,79.8,78.7,79.8
NS,129775,6/10/2018,1:13 PM,Derailment,0,CHICAGO,IL,64,2,Day,Rain,Yard,Yard/switching,5,22111,21837,43948,T110,41.756587,-87.686069,66.0,64.7,64.6
WC,1096486,3/6/2022,4:30 AM,Other impacts,0,GARY,IN,45,4,Dark,Cloudy,Yard,Yard/switching,3,31204,0,64215,T306,41.629587,-87.406394,54.5,43.0,33.3
CSX,000188501,2/18/2020,10:06 AM,Derailment,0,AUGUSTA-RICHMOND COU,GA,56,2,Day,Rain,Yard,Freight Train,4,13271,472,13743,T101,33.456036,-81.954321,53.5,57.6,58.0
UP,0421RM034,4/30/2021,9:26 PM,Derailment,0,POCATELLO,ID,78,4,Dark,Cloudy,Yard,Yard/switching,9,5556,67865,73421,T206,42.862888,-112.447056,55.5,64.8,58.1
NS,113709,1/7/2015,5:00 PM,Derailment,0,CONWAY,PA,10,3,Dusk,Cloudy,Yard,Light loco(s),8,12515,2933,15448,T316,40.672361,-80.251826,15.5,9.6,5.6
NS,128911,3/20/2018,9:15 PM,Derailment,0,DORAVILLE,GA,47,4,Dark,Clear,Industry,Light loco(s),5,14834,200,15034,T110,33.919751,-84.257165,58.0,57.5,41.7
GC,GCR216218,5/25/2018,10:00 AM,Derailment,0,VIDALIA,GA,77,2,Day,Clear,Siding,Freight Train,3,1500,47000,48500,T199,32.229392,-82.416687,73.7,77.1,77.8
SKOL,IN190508,5/8/2019,10:00 AM,Other (describe in narrative),0,WINFIELD,KS,70,2,Day,Rain,Yard,Cut of cars,0,250000,2500000,5250000,T002,37.24491,-97.010243,66.6,61.4,47.9
NS,118506,12/4/2015,2:30 AM,Derailment,0,KALAMAZOO,MI,39,4,Dark,Cloudy,Main,Freight Train,4,24000,0,65500,T110,42.294296,-85.564625,37.2,38.4,32.8
NS,128440,2/7/2018,5:15 PM,Derailment,0,FOREST PARK,GA,72,3,Dusk,Cloudy,Industry,Yard/switching,9,6500,50171,56671,T314,33.626357,-84.384212,52.8,56.8,44.5
ALS,20170715,7/15/2017,2:18 AM,Derailment,0,EAST ST LOUIS,IL,85,4,Dark,Clear,Yard,Yard/switching,3,39830,68476,108306,T199,38.326721,-90.132214,80.6,78.0,79.3
NS,115910,6/3/2015,1:13 AM,Derailment,0,DAUPHIN,PA,59,4,Dark,Clear,Yard,Yard/switching,8,15600,1460,17060,T311,40.357369,-76.939441,57.4,61.0,61.4
DL,141102,11/28/2014,11:00 AM,Derailment,0,SCRANTON,PA,30,2,Day,Clear,Siding,Freight Train,5,25000,62777,87777,T110,41.41539,-75.66366,29.6,24.5,23.3
NS,143121,10/11/2021,10:40 PM,Derailment,0,NORTH CHARLESTON,SC,66,4,Dark,Cloudy,Industry,Freight Train,8,1541,62110,63651,T111,32.867705,-79.999531,71.6,70.6,69.0
CSX,000154916,12/4/2015,1:20 PM,Derailment,0,AVON,IN,35,2,Day,Cloudy,Yard,Light loco(s),6,18040,450,18490,T311,39.759792,-86.327527,30.9,31.9,31.6
NIRC,2017070452,11/28/2017,10:45 PM,Derailment,0,CHICAGO,IL,37,4,Dark,Cloudy,Main,Commuter Train - Pushing,10,95924,0,336481,T399,41.8786,-87.6394,47.3,54.9,42.2
NIRC,2018071138,12/8/2018,10:47 PM,Other (describe in narrative),0,OLYMPIA FIELDS,IL,30,4,Dark,Clear,Main,EMU,50,33939,3442,37381,T404,41.523032,-87.689277,20.6,23.0,22.7
PW,PWR780924R,4/25/2024,12:30 AM,Derailment,0,NORTH KINGSTOWN,RI,39,4,Dark,Cloudy,Yard,Freight Train,8,18000,18178,36178,T399,41.604217,-71.448219,50.6,41.4,43.2
NS,134779,7/19/2019,4:00 AM,Derailment,0,RIDGEVILLE,SC,79,1,Dawn,Cloudy,Main,Freight Train,48,1418987,1187257,2606244,T208,33.075926,-80.278514,81.5,79.4,79.7
UP,0618PR024,6/22/2018,9:10 AM,Derailment,0,MELROSE PARK,IL,72,2,Day,Rain,Yard,Freight Train,5,19993,1660,21653,T210,41.895586,-87.888936,65.6,61.8,70.3
UP,0615PC003,6/12/2015,10:45 AM,Derailment,0,IDAHO FALLS,ID,71,2,Day,Clear,Yard,Freight Train,0,0,32689,79128,T314,43.509744,-112.027033,67.1,70.3,65.7
NS,113466,12/16/2014,5:00 PM,Derailment,0,SHELOCTA,PA,43,3,Dusk,Rain,Industry,Freight Train,0,18500,0,77000,T309,40.657475,-79.303408,41.3,42.1,33.7
CSX,000197555,5/11/2021,9:57 PM,Derailment,0,AUGUSTA,GA,62,4,Dark,Clear,Industry,Freight Train,6,45435,423,45858,T210,33.4735,-82.0105,74.8,74.5,61.5
KCS,17070901,7/9/2017,1:05 AM,Derailment,0,SHREVEPORT,LA,75,4,Dark,Clear,Yard,Yard/switching,8,4877,6419,11296,T101,32.526987,-93.82652,82.8,80.1,80.7
UP,0715KC005,7/9/2015,12:45 AM,Derailment,0,KANSAS CITY,MO,68,4,Dark,Clear,Yard,Yard/switching,4,8267,2630,10897,T001,39.101778,-94.603069,65.3,70.4,71.9
DL,170201,2/16/2017,10:20 PM,Derailment,0,SCRANTON,PA,38,4,Dark,Clear,Siding,Yard/switching,5,3537,21556,25093,T110,41.40527,-75.662969,36.1,27.2,28.9
NIRC,9419001715,8/28/2023,8:29 AM,Derailment,0,CHICAGO,IL,59,2,Day,Clear,Main,Commuter Train - Pushing,20,409737,257020,666757,T314,41.86112,-87.63067,69.3,70.6,72.3
SCRF,SCR256618,8/16/2018,1:00 AM,Derailment,0,FLORENCE,SC,63,4,Dark,Cloudy,Yard,Freight Train,7,14116,0,14216,T210,34.198275,-79.762502,81.1,82.5,83.5
SLRG,SL210501A,5/1/2021,2:25 AM,Derailment,0,LA VETA,CO,52,4,Dark,Clear,Main,Freight Train,4,19136,16366,35502,T101,37.525145,-105.101268,50.9,54.0,50.0
CSX,000173108,11/28/2017,8:50 AM,Derailment,0,WAYCROSS,GA,58,2,Day,Clear,Yard,Freight Train,7,134177,29568,163745,T207,31.213195,-82.353954,52.5,62.6,64.1
NS,124189,3/4/2017,2:40 AM,Derailment,0,ANDERSONVILLE,GA,35,4,Dark,Clear,Industry,Freight Train,8,586,24297,24883,T110,32.184361,-84.140729,51.9,47.4,53.2
CSX,000183410,6/6/2019,10:00 AM,Derailment,0,WAYCROSS,GA,85,2,Day,Clear,Yard,Freight Train,9,85876,13054,98930,T207,31.213524,-82.353588,82.5,80.7,80.2
CSX,000183279,5/30/2019,8:50 PM,Derailment,0,ABBEVILLE,SC,74,4,Dark,Clear,Main,Freight Train,19,733124,77285,810409,T105,34.153089,-82.439475,81.4,80.8,80.3
RTDC,161792,12/10/2020,3:35 AM,Other impacts,0,DENVER,CO,37,4,Dark,Cloudy,Main,EMU,10,37709,7459,45168,T404,39.752651,-105.001686,44.9,33.8,23.1
WC,1096486,3/6/2022,4:30 AM,Other impacts,0,GARY,IN,45,4,Dark,Cloudy,Yard,Cut of cars,0,32397,614,64215,T306,41.629587,-87.406394,54.5,43.0,33.3
UP,0724GL033,7/29/2024,4:50 PM,Derailment,0,GLIDDEN,IA,89,2,Day,Cloudy,Main,Freight Train,59,1369243,387619,1756862,T001,42.055079,-94.723061,76.9,78.8,75.0
CSX,000182034,3/28/2019,9:20 AM,Derailment,0,HOLLY HILL,SC,55,2,Day,Clear,Industry,Freight Train,8,150330,3581,153911,T207,33.280763,-80.43195,48.7,53.6,57.0
CSX,000186650,11/18/2019,2:05 AM,Derailment,0,CAYCE,SC,45,4,Dark,Rain,Yard,Light loco(s),6,10532,514,11046,T207,33.975739,-81.047443,50.6,48.0,47.7
ALS,20210122,1/11/2021,2:45 AM,Derailment,0,EAST ST LOUIS,IL,32,4,Dark,Clear,Yard,Freight Train,0,0,33905,40497,T403,38.582962,-90.135788,28.7,28.9,36.0
UP,0819MA018,8/8/2019,1:25 PM,Derailment,0,EAST ST LOUIS,IL,85,2,Day,Cloudy,Yard,Freight Train,3,22205,0,39441,T199,38.591849,-90.139229,77.3,77.4,79.9
UP,0323MA019,3/15/2023,5:02 AM,Derailment,0,NORTH LITTLE ROCK,AR,35,1,Dawn,Clear,Yard,Yard/switching,8,50577,0,102264,T210,34.774465,-92.225579,41.9,46.0,56.8
CRL,CRL212916,3/17/2021,3:15 PM,Derailment,0,CHICAGO,IL,36,2,Day,Cloudy,Yard,Freight Train,3,65000,3000,68000,T110,41.679318,-87.558527,35.4,36.6,39.0
UP,0818SL012,8/18/2018,4:20 PM,Derailment,0,BENTON,IL,85,2,Day,Cloudy,Main,Freight Train,30,36971,4370,41341,T202,37.992827,-88.914753,78.3,75.6,75.8
EIRR,D508015,6/12/2015,10:45 AM,Derailment,0,IDAHO FALLS,ID,70,2,Day,Clear,Yard,Freight Train,7,13750,32689,79128,T314,43.509744,-112.027033,67.1,70.3,65.7