reportingrailroadcode,accidentnumber,date,time,accidenttype,hazmatreleasedcars,station,stateabbr,temperature,visibility_code,visibility,weathercondition,tracktype,equipmenttype,trainspeed,equipmentdamagecost,trackdamagecost,totaldamagecost,primaryaccidentcausecode,latitude,longitude,prior_temp,actual_temp,following_temp
NIRC,2018071177,12/10/2018,4:55 PM,Other (describe in narrative),0,CHICAGO,IL,34,4,Dark,Clear,Main,EMU,10,18799,1612,20411,T404,41.88427,-87.633011,24.8,25.1,31.3
BNSF,TC1121112,11/29/2021,1:25 AM,Derailment,0,WILLMAR,MN,36,4,Dark,Clear,Yard,Freight Train,7,18075,38000,56075,T001,45.123507,-95.048781,29.0,39.5,36.3
CSX,000147353,6/6/2015,8:05 PM,Derailment,0,MCKEESPORT,PA,58,4,Dark,Clear,Yard,Freight Train,3,10457,550,11007,T311,40.367061,-79.834687,67.6,66.8,70.3
CSX,000182298,4/10/2019,4:30 PM,Derailment,0,JUNCTION CITY,GA,82,2,Day,Clear,Industry,Freight Train,7,149318,725,150043,T205,32.624247,-84.473986,68.0,69.9,71.1
NS,130705,8/24/2018,4:15 AM,Derailment,0,ALBANY,GA,74,1,Dawn,Clear,Yard,Freight Train,0,0,18859,18859,T110,31.584475,-84.149669,79.6,81.3,81.4
NS,118326,11/23/2015,2:20 AM,Derailment,0,FOUNTAIN HILL,PA,33,4,Dark,Clear,Yard,Yard/switching,10,50500,500,51000,T207,40.611937,-75.426702,44.0,33.2,35.8
WNYP,201445,12/3/2014,5:55 PM,Derailment,0,FRANKLIN,PA,20,4,Dark,Clear,Siding,Freight Train,3,0,15644,15644,T110,41.40257,-79.8289,27.1,34.2,28.5
NS,123806,2/2/2017,1:15 PM,Derailment,0,PORTLAND,PA,29,2,Day,Clear,Main,Freight Train,2,44700,70324,115024,T207,40.91668,-75.095606,32.7,29.1,22.1
FEC,D31050123,5/1/2023,10:15 AM,Derailment,0,COCOA,FL,80,2,Day,Clear,Industry,Yard/switching,9,5242,14951,20193,T205,28.275689,-80.694389,77.0,74.1,76.8
NIRC,201707188,6/6/2017,2:14 PM,Derailment,0,CHICAGO,IL,65,2,Day,Clear,Yard,Freight Train,0,0,33386,132013,T314,41.884035,-87.623003,67.3,65.0,67.0
UP,0719HL006,7/14/2019,4:50 PM,Derailment,0,HAYS,KS,91,2,Day,Clear,Main,Freight Train,8,183335,89011,272346,T311,38.868557,-99.324335,78.1,79.1,81.3
CSX,000176386,5/13/2018,4:44 PM,Derailment,0,CLINTON,SC,94,2,Day,Clear,Main,Freight Train,30,132368,97342,229710,T109,34.472962,-81.77248,75.7,77.0,77.2
NS,134305,6/12/2019,8:55 AM,Derailment,0,GARDEN CITY,GA,80,2,Day,Cloudy,Yard,Yard/switching,5,250840,78234,329074,T207,32.089125,-81.151795,76.6,74.6,77.1
HAL,HAL260318,8/24/2018,2:45 AM,Derailment,0,ALBANY,GA,74,4,Dark,Clear,Yard,Yard/switching,5,0,0,18859,T110,31.584475,-84.149669,79.6,81.3,81.4
CSX,000213115,8/25/2023,2:06 PM,Derailment,0,GEORGETOWN,SC,89,2,Day,Clear,Industry,Freight Train,10,119537,542,120079,T101,33.378004,-79.302462,76.6,77.5,79.1
FEC,D42070623,7/6/2023,12:30 AM,Derailment,0,MIAMI-DADE,FL,82,4,Dark,Clear,Industry,Yard/switching,4,11020,46454,57474,T314,25.856944,-80.334444,85.5,84.4,85.8
DL,160602,6/28/2016,4:15 PM,Derailment,0,DELAWARE WATER GAP,PA,71,2,Day,Clear,Yard,Freight Train,5,10000,27545,37545,T312,40.951166,-75.117098,69.0,70.4,67.1
UP,0816KC024,8/30/2016,2:00 AM,Derailment,0,KANSAS CITY,MO,75,4,Dark,Rain,Yard,Yard/switching,1,2842,9050,11892,T299,39.100346,-94.607214,80.3,79.1,75.8
NS,135847,10/15/2019,8:45 PM,Other (describe in narrative),0,PORT WENTWORTH,GA,70,4,Dark,Rain,Main,Freight Train,13,9813,171530,181343,T207,32.13946,-81.190035,76.0,70.8,74.2
TRRA,16020,12/15/2016,12:33 PM,Derailment,0,VENICE,IL,22,2,Day,Clear,Yard,Yard/switching,10,4410,13130,17540,T399,38.663925,-90.159716,23.9,18.8,26.0
NS,129241,4/24/2018,4:30 AM,Derailment,0,AUGUSTA,GA,72,1,Dawn,Clear,Yard,Yard/switching,10,2322,86999,89321,T207,33.44395,-81.984046,64.1,68.0,67.6
ATK,158162,3/21/2019,1:38 PM,Derailment,0,BEECH GROVE,IN,39,2,Day,Cloudy,Yard,Light loco(s),5,15038,2500,17538,T110,39.719722,-86.077778,40.8,41.8,41.2
NS,116061,6/13/2015,4:45 AM,Derailment,0,MOUNT HOLLY SPRINGS,PA,71,1,Dawn,Clear,Industry,Freight Train,4,13082,350,13432,T314,40.124468,-77.175897,78.5,76.4,77.1
NS,123271,12/22/2016,1:00 PM,Derailment,0,AMERICUS,GA,65,2,Day,Cloudy,Yard,Freight Train,6,75,16874,16949,T110,32.082519,-84.230086,46.9,55.6,52.5
SWP,01222015,1/22/2015,7:30 AM,Derailment,0,UNIONTOWN,PA,43,1,Dawn,Clear,Main,Freight Train,10,75000,125000,200000,T110,39.902427,-79.722001,34.2,32.5,31.9
IC,1060722,1/27/2021,2:08 AM,Derailment,0,EAST ST LOUIS,IL,30,4,Dark,Cloudy,Main,Freight Train,10,15000,0,77516,T111,38.558008,-90.110739,35.5,28.9,22.0
NS,139509,10/22/2020,10:55 PM,Derailment,0,MIDVILLE,GA,72,4,Dark,Clear,Main,Freight Train,46,898383,1115629,2014012,T207,32.816025,-82.195699,73.0,73.0,73.7
BNSO,CH0216102,2/8/2016,5:10 AM,Derailment,0,NAPERVILLE,IL,23,1,Dawn,Clear,Main,Commuter Train - Pushing,69,13000,0,72000,T399,41.780002,-88.137897,37.2,27.5,16.7
CSX,000179905,11/17/2018,7:05 AM,Derailment,0,BYROMVILLE,GA,40,1,Dawn,Clear,Main,Freight Train,40,1593152,135899,1729051,T202,32.201896,-83.905494,44.4,50.3,51.5
NS,126623,9/14/2017,2:50 PM,Derailment,0,EAST POINT,GA,78,2,Day,Clear,Industry,Freight Train,3,900,54063,54963,T110,33.682218,-84.440133,66.7,71.4,74.1
CSX,000178222,8/16/2018,1:00 AM,Derailment,0,FLORENCE,SC,83,4,Dark,Clear,Yard,Freight Train,0,0,100,14216,T210,34.198275,-79.762502,81.1,82.5,83.5
NS,132320,1/6/2019,8:13 PM,Derailment,4,BARTOW,GA,50,4,Dark,Clear,Main,Freight Train,47,2279395,1466591,3745986,T204,32.900986,-82.493887,52.8,51.7,53.8
CSX,000196017,3/1/2021,7:31 AM,Derailment,0,AUGUSTA,GA,65,2,Day,Clear,Yard,Freight Train,10,99948,1636,101584,T101,33.455461,-81.952488,71.6,69.0,50.7
NS,124183,3/3/2017,1:20 PM,Derailment,0,ALBANY,GA,69,2,Day,Clear,Industry,Freight Train,8,800,19619,20419,T206,31.574554,-84.193357,60.6,54.1,52.4
UP,1220MA033,12/31/2020,4:36 AM,Derailment,0,EAST ST LOUIS,IL,26,1,Dawn,Fog,Yard,Freight Train,1,22864,0,23164,T403,38.583109,-90.135623,39.2,29.4,33.0
BNSF,KS0120111,1/30/2020,12:50 AM,Derailment,0,LAMAR,CO,27,4,Dark,Clear,Main,Freight Train,18,24922,370959,395881,T202,38.086431,-102.689242,33.1,35.3,35.9
FCR,FCR129450,4/15/2019,11:12 AM,Derailment,0,ATLANTA,GA,67,2,Day,Clear,Main,Freight Train,8,7117,0,14614,T102,33.725617,-84.514331,70.3,55.0,59.8
NS,131801,11/26/2018,12:01 AM,Derailment,0,GRACEWOOD,GA,72,4,Dark,Clear,Yard,Work train,3,165943,39831,205774,T210,33.337867,-81.956086,51.2,54.3,41.8
ATK,136178,2/2/2015,7:45 PM,Other (describe in narrative),0,PHILADELPHIA,PA,24,4,Dark,Clear,Main,Spec. MoW Equip.,0,0,36569,36569,T499,39.900486,-75.236993,31.8,33.4,23.9
GSWR,GSW327918,12/21/2018,10:20 PM,Derailment,0,COLUMBUS,GA,44,4,Dark,Clear,Yard,Light loco(s),8,0,25467,25467,T110,32.461933,-84.977425,53.8,48.4,45.3
BNSF,CH0817110,8/12/2017,10:36 PM,Derailment,0,EOLA,IL,68,4,Dark,Clear,Yard,Freight Train,8,230379,65000,295379,T201,41.771933,-88.271788,68.3,65.1,65.9
NS,155172,12/28/2023,9:21 AM,Derailment,0,COLUMBIA,SC,50,2,Day,Clear,Yard,Freight Train,7,35000,36083,71083,T207,33.985296,-81.039107,59.3,50.3,42.3
CRSH,122355,10/7/2016,5:20 PM,Derailment,0,CLAYMONT,DE,77,3,Dusk,Clear,Industry,Yard/switching,5,17336,1800,19136,T314,39.806412,-75.428708,63.7,63.6,63.8
MNNR,0316003,3/17/2016,9:20 AM,Derailment,0,MINNEAPOLIS,MN,38,2,Day,Cloudy,Industry,Yard/switching,2,0,12298,12298,T110,44.950182,-93.238844,43.8,38.0,33.6
CSX,000203620,3/11/2022,11:30 PM,Derailment,0,TAYLORS,SC,52,4,Dark,Fog,Industry,Freight Train,7,37436,472,37908,T111,34.923173,-82.297928,48.7,52.0,41.2
NIRC,2018070726,4/30/2018,8:24 AM,Derailment,0,CHICAGO,IL,0,2,Day,Clear,Yard,EMU,9,32854,5457,38311,T319,41.858024,-87.618063,45.3,61.5,73.1
BNSF,CH1017102,10/2/2017,3:40 AM,Derailment,0,ELWOOD,IL,53,4,Dark,Clear,Yard,Freight Train,14,137055,428958,566013,T307,41.407981,-88.166657,59.8,70.7,71.1
MNNR,0316005,3/21/2016,10:45 PM,Derailment,0,ST PAUL,MN,45,4,Dark,Cloudy,Industry,Yard/switching,3,8840,15000,23840,T110,44.985021,-93.206919,34.8,39.2,44.1
NS,124250,3/9/2017,11:45 AM,Derailment,0,EAST POINT,GA,72,2,Day,Clear,Yard,Light loco(s),5,120,10925,11045,T110,33.677828,-84.43927,59.4,60.3,60.5
BNSF,CH1115111,11/25/2015,1:28 PM,Derailment,0,PEORIA,IL,52,2,Day,Cloudy,Siding,Freight Train,4,104549,8000,112549,T111,40.659622,-89.636076,40.7,49.3,58.4
CSX,000154782,11/30/2015,1:32 PM,Derailment,0,RIVERDALE,IL,43,2,Day,Cloudy,Yard,Freight Train,3,27306,700,28006,T207,41.650193,-87.65613,36.2,40.9,40.9
NS,123350,12/29/2016,8:50 AM,Derailment,1,ROXANA,IL,40,2,Day,Clear,Yard,Yard/switching,10,426570,2500,429070,T210,38.841166,-90.070816,38.6,39.4,38.7
NS,130426,8/1/2018,7:20 AM,Derailment,0,CATAWBA,SC,75,1,Dawn,Clear,Main,Freight Train,8,45363,11916,57279,T207,34.854773,-80.915209,77.0,75.9,76.4
GRS,20230320B1,3/20/2023,2:05 PM,Derailment,0,WALES,ME,40,2,Day,Clear,Siding,Freight Train,4,141665,18000,159665,T314,44.20603,-70.079785,29.7,31.7,38.4
NS,139175,9/17/2020,2:37 AM,Derailment,0,ANDERSONVILLE,GA,72,4,Dark,Rain,Main,Freight Train,37,947882,194842,1142724,T002,32.221586,-84.107092,71.1,75.8,75.8
BNSF,CH1018121,10/31/2018,12:00 PM,Derailment,0,CHICAGO,IL,65,2,Day,Clear,Yard,Yard/switching,0,1260,2000,43894,T210,41.858284,-87.681917,54.8,52.9,49.6
BNSF,GC0616101,6/5/2016,11:30 AM,Derailment,0,NEW ORLEANS,LA,84,2,Day,Clear,Yard,Freight Train,7,32000,0,38000,T110,29.966544,-90.047579,79.8,79.4,82.7
NICD,N1700013,6/6/2017,2:14 PM,Derailment,0,CHICAGO,IL,65,2,Day,Clear,Yard,Commuter Train - Pulling,10,98627,0,132013,T314,41.884035,-87.623003,67.3,65.0,67.0
NS,124309,3/14/2017,11:35 AM,Derailment,0,ALBANY,GA,50,2,Day,Cloudy,Industry,Freight Train,7,522,16380,16902,T110,31.574554,-84.193357,44.6,48.3,42.3
NIRC,2018071136,12/3/2018,4:58 PM,Other (describe in narrative),0,CHICAGO,IL,1,4,Dark,Clear,Main,EMU,25,43390,10885,54275,T404,41.685699,-87.611879,41.4,33.4,30.5
BNSF,CH0823106,8/15/2023,2:20 PM,Derailment,0,CHICAGO,IL,78,2,Day,Clear,Industry,Light loco(s),3,17000,1500,18500,T311,41.842938,-87.678303,70.6,68.7,71.4
CSX,000179887,11/16/2018,5:45 AM,Derailment,0,FITZGERALD,GA,32,1,Dawn,Clear,Yard,Freight Train,9,21252,760,22012,T210,31.72352,-83.27109,47.4,44.3,51.2
NS,113185,11/25/2014,7:00 PM,Derailment,0,WESLEYVILLE,PA,34,3,Dusk,Clear,Industry,Freight Train,6,12000,13025,25025,T206,42.143395,-80.017806,55.6,38.1,34.6
BNSF,PR0120115,1/24/2020,6:00 PM,Derailment,0,COMMERCE CITY,CO,30,3,Dusk,Clear,Yard,Yard/switching,4,31069,10000,41069,T111,39.805631,-104.93772,32.3,38.0,39.7
NS,120486,5/13/2016,3:30 PM,Derailment,0,HAYLOW,GA,90,2,Day,Clear,Siding,Freight Train,10,17266,21920,39186,T110,30.825446,-82.927506,78.5,78.1,74.0
NS,153700,7/23/2023,11:55 AM,Derailment,0,DECATUR,IL,81,2,Day,Clear,Yard,Yard/switching,8,200470,53177,253647,T101,39.858407,-88.898385,72.8,75.3,76.7
NS,113466,12/16/2014,5:00 PM,Derailment,0,SHELOCTA,PA,43,3,Dusk,Rain,Industry,Freight Train,6,58500,0,77000,T309,40.657475,-79.303408,41.3,42.1,33.7
UP,0622MA016,6/11/2022,3:45 PM,Derailment,0,TEXARKANA,AR,89,2,Day,Clear,Yard,Freight Train,3,6463,9380,15843,T110,33.428733,-94.029554,76.7,79.8,86.8
NS,143251,10/24/2021,2:20 PM,Derailment,0,DAYTON,IN,50,2,Day,Rain,Yard,Yard/switching,2,12900,200,13100,T207,40.374001,-86.814936,49.8,51.5,51.2
CFE,CFE807915D,9/21/2015,10:00 PM,Derailment,0,FORT WAYNE,IN,60,4,Dark,Clear,Main,Freight Train,9,8900,0,29900,T319,41.071365,-85.129443,58.9,59.7,60.7
ATK,167898,7/29/2021,1:00 AM,Raking collision,0,RICHMOND,RI,70,4,Dark,Cloudy,Main,Spec. MoW Equip.,4,46133,0,46133,T099,41.455988,-71.606774,68.5,66.2,72.5
NS,123090,12/10/2016,12:14 PM,Derailment,0,ALBANY,GA,67,2,Day,Clear,Yard,Freight Train,3,1200,18292,19492,T110,31.584475,-84.149669,42.6,40.4,51.5
GFRR,GFRR161624,12/19/2016,9:30 AM,Derailment,0,ALBANY,GA,45,2,Day,Cloudy,Main,Freight Train,9,246000,50000,296000,T202,31.571208,-84.121744,68.1,48.4,46.8
BNSF,HL0517117,5/17/2017,9:15 PM,Derailment,0,ST JOSEPH,MO,72,4,Dark,Clear,Yard,Freight Train,0,0,203640,251176,T101,39.732523,-94.856523,79.0,74.0,65.4
NS,123026,12/6/2016,2:10 AM,Derailment,0,BOURBONNAIS,IL,20,4,Dark,Clear,Yard,Work train,5,42877,7095,49972,T311,41.122308,-87.900664,32.0,31.6,28.2
CSX,000180087,11/27/2018,3:29 AM,Derailment,0,OGLETHORPE,GA,29,4,Dark,Clear,Main,Freight Train,23,385538,97823,483361,T102,32.31016,-84.065382,53.0,40.4,38.4
KRR,KRR087323,1/15/2023,10:30 PM,Derailment,0,ASHDOWN,AR,60,4,Dark,Cloudy,Main,Freight Train,10,290000,235000,525000,T101,33.645483,-93.942362,41.2,53.6,65.8
NS,128967,3/25/2018,2:50 PM,Derailment,0,GRIFFIN,GA,55,2,Day,Clear,Yard,Freight Train,4,3240,68835,72075,T110,33.250324,-84.257051,62.8,50.8,47.5
CSX,000179292,10/13/2018,6:55 AM,Derailment,0,AUGUSTA,GA,58,1,Dawn,Clear,Yard,Freight Train,6,14993,632,15625,T207,33.455461,-81.952488,67.3,67.7,71.0
UP,0520GC023,5/27/2020,2:30 PM,Derailment,0,MONROE,LA,84,2,Day,Cloudy,Industry,Freight Train,6,17410,1259,18669,T110,32.441079,-92.104271,74.0,74.1,71.7
UP,0419HL036,4/26/2019,1:45 PM,Derailment,0,KANSAS CITY,KS,65,2,Day,Clear,Siding,Freight Train,24,10857,48186,59043,T319,39.093932,-94.653394,60.1,60.5,61.5
BNSF,CH1115113,11/30/2015,1:25 AM,Derailment,0,GALESBURG,IL,35,4,Dark,Rain,Yard,Yard/switching,7,113250,4000,117250,T202,40.911323,-90.380463,33.9,37.6,37.2
UP,0119GL014,1/12/2019,12:32 PM,Derailment,0,MELROSE PARK,IL,32,2,Day,Snow,Yard,Freight Train,5,26083,7460,33543,T202,41.896709,-87.907199,26.2,30.4,29.0
NS,131231,10/7/2018,9:45 PM,Derailment,0,GRANITE CITY,IL,70,4,Dark,Cloudy,Siding,Freight Train,6,11732,650,12382,T110,38.690888,-90.147383,75.9,73.9,76.1
WE,190020,2/14/2019,5:30 PM,Derailment,0,PITTSBURGH,PA,40,2,Day,Clear,Main,Freight Train,10,140,14811,14951,T001,40.295698,-79.97075,28.9,35.5,43.9
NS,130474,8/6/2018,9:45 AM,Derailment,0,FORT WAYNE,IN,82,2,Day,Clear,Yard,Freight Train,7,96088,257,96345,T314,41.071439,-85.108193,78.5,78.3,74.2
NS,139183,9/17/2020,11:30 AM,Derailment,0,DAVISBORO,GA,72,2,Day,Rain,Main,Freight Train,40,864203,726707,1590910,T002,32.971537,-82.662391,71.4,75.9,73.4
CSX,000193009,10/2/2020,4:10 AM,Derailment,0,MANCHESTER,GA,58,4,Dark,Clear,Main,Freight Train,5,23044,413,23457,T303,32.861217,-84.630992,65.9,61.0,59.1
UP,0216PR008,2/18/2016,5:00 AM,Derailment,0,NORTHLAKE,IL,26,1,Dawn,Cloudy,Yard,Yard/switching,4,37788,36856,74644,T207,41.894722,-87.896426,27.7,33.3,50.2
IAIS,2019019,4/15/2019,5:25 AM,Derailment,0,CREVE COEUR,IL,42,1,Dawn,Clear,Yard,Freight Train,8,65000,0,105710,T111,40.661102,-89.595535,36.2,42.6,61.6
NS,120453,5/11/2016,1:45 AM,Derailment,0,ROCK HILL,SC,67,4,Dark,Clear,Yard,Freight Train,9,2759,9355,12114,T207,34.920654,-81.037293,72.5,71.4,73.7
UP,0323MA019,3/15/2023,5:02 AM,Derailment,0,NORTH LITTLE ROCK,AR,35,1,Dawn,Clear,Yard,Cut of cars,6,49102,2585,102264,T210,34.774465,-92.225579,41.9,46.0,56.8
FCR,FCR212900,2/24/2021,2:10 AM,Derailment,0,ATLANTA,GA,45,4,Dark,Cloudy,Siding,Freight Train,9,20880,770,21650,T110,33.723478,-84.600219,52.3,55.4,59.6
SLRG,SL200422A,4/22/2020,4:10 PM,Derailment,0,FORT GARLAND,CO,61,2,Day,Cloudy,Main,Freight Train,15,30636,27037,57673,T210,37.478736,-105.336343,40.2,41.5,40.9
AGR,AGR117123,3/9/2023,9:50 AM,Derailment,0,CANTONMENT,FL,75,2,Day,Rain,Yard,Freight Train,8,7441,6889,14330,T311,30.59862,-87.31923,71.3,70.3,71.6
NS,131895,12/2/2018,6:15 PM,Derailment,0,BRUNSWICK,GA,70,3,Dusk,Rain,Yard,Freight Train,9,76624,10965,87589,T210,31.192759,-81.503162,63.5,67.6,65.9
KCS,18051701,5/17/2018,3:01 PM,Derailment,0,WICKES,AR,85,2,Day,Clear,Main,Freight Train,26,394930,961758,1356688,T108,34.299045,-94.339096,72.0,72.7,76.9
CSX,000175846,4/16/2018,8:05 PM,Derailment,0,INDIANAPOLIS,IN,35,3,Dusk,Snow,Yard,Freight Train,9,27926,65467,93393,T110,39.759791,-86.327526,48.6,33.4,37.4
FCR,FCR192381,1/28/2019,12:20 AM,Derailment,0,ATLANTA,GA,34,4,Dark,Cloudy,Yard,Freight Train,7,700000,350000,1050000,T102,33.75269,-84.562866,39.8,44.1,40.7
ATK,139647,10/16/2015,8:40 PM,Other (describe in narrative),0,PHILADELPHIA,PA,65,4,Dark,Clear,Main,Passenger Train - Pulling,65,12270,1889,14159,T404,39.962782,-75.184263,57.8,57.4,50.0
UP,0822GL001,8/1/2022,1:20 AM,Derailment,0,ST PAUL,MN,75,4,Dark,Cloudy,Yard,Freight Train,6,18349,123323,141672,T111,44.913384,-93.052668,76.3,76.5,80.3
NS,130429,8/2/2018,4:50 AM,Derailment,0,ATLANTA,GA,70,1,Dawn,Rain,Yard,Freight Train,7,13761,1750,15511,T311,33.787202,-84.433345,72.4,72.5,77.1
DL,161101,11/25/2016,11:40 AM,Derailment,0,SCRANTON,PA,40,2,Day,Cloudy,Main,Freight Train,9,12000,38600,50600,T110,41.431292,-75.654242,38.3,41.3,39.2
NS,129932,6/23/2018,6:50 AM,Derailment,0,COLUMBIA,SC,85,1,Dawn,Clear,Yard,Freight Train,7,62,10858,10920,T311,33.985333,-81.039083,85.7,81.9,85.0
NS,122768,11/15/2016,11:15 PM,Derailment,0,ALBANY,GA,53,4,Dark,Clear,Yard,Freight Train,5,596,36221,36817,T210,31.584475,-84.149669,57.2,58.5,59.0
CERA,CER087522D,5/15/2022,11:45 AM,Derailment,0,SWAYZEE,IN,85,2,Day,Clear,Main,Freight Train,0,0,57242,177242,T109,40.516083,-85.772458,68.9,68.1,63.2
NS,126073,8/3/2017,12:50 PM,Derailment,0,DECATUR,IL,82,2,Day,Cloudy,Industry,Yard/switching,3,13282,500,13782,T110,39.858401,-88.898396,73.0,75.3,64.9
UP,0723MA018,7/8/2023,9:10 PM,Derailment,0,JACKSONVILLE,AR,81,4,Dark,Clear,Industry,Freight Train,1,26651,0,26651,T111,34.856875,-92.118086,80.2,81.2,73.7
NS,130122,7/7/2018,3:37 AM,Derailment,0,COLUMBIA,SC,72,4,Dark,Clear,Yard,Freight Train,5,9258,52600,61858,T207,33.985333,-81.039083,82.9,78.5,80.1
NS,120743,6/5/2016,11:30 AM,Derailment,0,NEW ORLEANS,LA,84,2,Day,Clear,Yard,Freight Train,0,0,6000,38000,T110,29.966544,-90.047579,79.8,79.4,82.7
SCIH,2,7/19/2015,12:30 PM,Derailment,0,CHICAGO,IL,85,2,Day,Clear,Main,Freight Train,0,0,49000,66682,T202,41.723163,-87.584884,80.4,80.7,76.9
CVR,CVR514172D,5/14/2017,3:35 PM,Derailment,0,SATANTA,KS,95,2,Day,Clear,Main,Freight Train,10,207903,8644,216547,T111,37.404838,-101.026711,64.5,72.5,76.3
CPDR,CPD104417,9/14/2017,11:44 PM,Derailment,0,LAURENS,SC,70,4,Dark,Clear,Yard,Freight Train,0,0,39628,120847,T210,34.498177,-82.010535,67.0,69.7,70.3
CSX,000213008,8/18/2023,8:15 AM,Derailment,0,INDIANAPOLIS,IN,75,2,Day,Clear,Yard,Yard/switching,2,49196,7117,56313,T207,39.759798,-86.327516,68.7,67.1,69.3
KRR,KRR475623D,7/18/2023,3:50 PM,Derailment,0,MCNAB,AR,98,2,Day,Clear,Main,Freight Train,4,1000,34965,35965,T109,33.66639,-93.72927,83.2,88.7,89.0
BNSF,PR0715115,7/29/2015,5:57 PM,Derailment,0,DEWEY,SD,73,3,Dusk,Clear,Main,Freight Train,18,594630,298949,893579,T109,43.518915,-104.035073,70.3,71.9,72.6
KRR,KRR745824O,3/25/2024,3:45 AM,Derailment,0,HOPE,AR,60,4,Dark,Clear,Yard,Freight Train,0,0,67340,95767,T111,33.668801,-93.5936,55.3,60.1,51.1
UP,0423GL019,4/11/2023,3:24 PM,Derailment,0,SIOUX CITY,IA,85,2,Day,Clear,Industry,Freight Train,9,3090,12146,15236,T311,42.418181,-96.374138,62.2,65.6,75.3
UP,0423GL035,4/21/2023,10:03 PM,Derailment,0,CLINTON,IA,42,4,Dark,Cloudy,Yard,Cut of cars,0,105405,0,370935,T202,41.815368,-90.224405,55.4,45.4,36.9
NS,120833,6/11/2016,12:05 PM,Derailment,0,OAKDALE,GA,90,2,Day,Clear,Yard,Yard/switching,8,15,11703,11718,T207,33.793908,-84.445462,81.3,81.1,85.0
BNSF,MT0517105,5/28/2017,7:36 AM,Derailment,0,BELT,MT,60,2,Day,Clear,Main,Freight Train,9,10317,1640493,1650810,T001,47.476908,-111.094638,57.9,59.6,58.5
CSX,000140889,2/2/2015,8:40 AM,Derailment,0,BOSTIC,NC,39,2,Day,Cloudy,Yard,Freight Train,6,16462,500,16962,T207,35.372715,-81.856187,44.3,43.4,32.7
NJTR,201808408,8/15/2018,6:35 AM,Derailment,0,RARITAN,NJ,74,1,Dawn,Cloudy,Yard,Yard/switching,5,7000,13423,20423,T110,40.570109,-74.647133,71.6,76.8,78.0
CSX,000170882,8/11/2017,11:01 AM,Derailment,0,ATLANTA,GA,89,2,Day,Clear,Yard,Yard/switching,5,104683,62834,167517,T207,33.790407,-84.432943,76.2,78.0,79.9
NS,116243,6/25/2015,3:30 AM,Derailment,0,OAKDALE,GA,88,4,Dark,Clear,Yard,Yard/switching,6,28,10966,10994,T110,33.806706,-84.462846,84.0,79.7,81.9
MNNR,0423002,4/10/2023,2:25 AM,Derailment,0,MINNEAPOLIS,MN,50,4,Dark,Cloudy,Industry,Yard/switching,5,0,22559,22559,T110,44.934647,-93.228065,57.7,57.6,66.7
SAPT,SAP932816,9/4/2016,3:33 PM,Derailment,0,GARDEN CITY,GA,87,2,Day,Clear,Industry,Yard/switching,6,37457,2835,40292,T205,32.115277,-81.137777,75.9,78.0,76.5
ATK,137065,4/14/2015,2:36 PM,Derailment,0,PORTLAND,ME,58,2,Day,Clear,Main,Passenger Train - Pushing,30,72634,0,110634,T111,43.640924,-70.289674,51.0,57.5,52.2
CSX,000213004,8/18/2023,3:10 PM,Derailment,0,WHITING,IN,82,2,Day,Clear,Main,Freight Train,0,0,27352,27360,T202,41.670137,-87.467663,70.0,66.7,69.8
MSE,2001DERAIL,9/28/2020,11:40 AM,Derailment,0,MOSS POINT,MS,89,2,Day,Clear,Industry,Freight Train,8,0,9101,9101,T319,30.518194,-88.516056,77.3,77.0,67.4
UP,0916KC016,9/23/2016,11:20 PM,Derailment,0,KANSAS CITY,MO,80,4,Dark,Clear,Yard,Yard/switching,7,11197,5844,17041,T314,39.10893,-94.590938,80.7,80.0,80.9
NS,114963,3/24/2015,2:30 AM,Derailment,0,JESUP,GA,59,4,Dark,Clear,Industry,Freight Train,5,112090,5000,117090,T210,31.617457,-81.889794,61.5,63.4,68.8
ATK,135995,1/20/2015,5:17 AM,Other (describe in narrative),0,WILMINGTON,DE,32,4,Dark,Clear,Main,Passenger Train - Pulling,110,9630,3798,13428,T404,39.740178,-75.536048,37.9,36.5,30.1
UP,0423GL035,4/21/2023,10:03 PM,Derailment,0,CLINTON,IA,42,4,Dark,Cloudy,Yard,Freight Train,7,258430,7100,370935,T202,41.815368,-90.224405,55.4,45.4,36.9
UP,1016KC016,10/27/2016,1:05 AM,Derailment,0,KANSAS CITY,MO,50,4,Dark,Clear,Yard,Freight Train,6,41594,42362,83956,T210,39.123392,-94.535053,66.7,59.0,70.1
BNSF,PR0819106,8/14/2019,10:06 AM,Derailment,0,COLORADO SPGS,CO,80,2,Day,Clear,Main,Freight Train,22,9296,2036000,2045296,T102,38.951901,-104.831909,71.5,64.8,73.8
CSX,000167068,2/24/2017,5:46 AM,Derailment,0,CARTERSVILLE,GA,50,4,Dark,Clear,Main,Freight Train,0,100000,53400,330854,T106,34.114776,-84.733441,61.1,63.3,58.0
UP,0421GP021,4/10/2021,4:03 PM,Derailment,0,PUEBLO,CO,69,2,Day,Clear,Yard,Light loco(s),3,250,28050,28300,T314,38.259788,-104.614107,49.8,46.9,52.0