reportingrailroadcode,accidentnumber,date,time,accidenttype,hazmatreleasedcars,station,stateabbr,temperature,visibility_code,visibility,weathercondition,tracktype,equipmenttype,trainspeed,equipmentdamagecost,trackdamagecost,totaldamagecost,primaryaccidentcausecode,latitude,longitude,prior_temp,actual_temp,following_temp
RCPE,RCP358323D,3/18/2023,6:00 PM,Derailment,0,WOLSEY,SD,15,2,Day,Clear,Main,Freight Train,40,182000,151012,333012,T204,44.432203,-98.581234,12.8,9.9,23.5
SEPA,SEPA101922,10/19/2022,6:40 PM,Obstruction,0,PAOLI,PA,53,3,Dusk,Cloudy,Main,EMU,50,15299,0,30599,T404,40.04319,-75.486932,46.3,43.8,46.3
UP,0820SX009,8/13/2020,3:04 PM,Derailment,0,NEW BRAUNFELS,TX,101,2,Day,Clear,Main,Freight Train,27,1347755,459176,1806931,T308,29.672972,-98.167564,89.8,89.6,90.9
NS,133935,5/14/2019,3:15 AM,Derailment,0,READING,PA,47,4,Dark,Cloudy,Yard,Freight Train,6,1203,85042,86245,T110,40.34578,-75.923081,46.5,50.2,57.7
UP,0420TO022,4/16/2020,1:10 PM,Derailment,0,BIG SPRING,TX,74,2,Day,Clear,Yard,Yard/switching,5,202869,89666,292535,T101,32.257627,-101.471503,52.9,63.8,52.2
NS,137247,2/20/2020,10:15 PM,Derailment,0,SAXON,SC,37,4,Dark,Cloudy,Yard,Freight Train,5,15000,1956,16956,T399,34.961175,-81.957445,51.1,38.9,35.5
RCPE,RCP523220D,8/19/2020,6:15 PM,Derailment,0,ONIDA,SD,98,2,Day,Clear,Main,Freight Train,7,214472,60000,274472,T103,44.716911,-100.072661,78.9,82.1,81.2
WTJR,OP60619,6/6/2019,9:30 AM,Derailment,0,WICHITA FALLS,TX,80,2,Day,Clear,Industry,Yard/switching,5,0,50000,50000,T099,34.008055,-98.555,76.7,72.9,76.8
RBMN,R04102201,4/10/2022,9:10 AM,Derailment,0,READING,PA,43,2,Day,Cloudy,Yard,Freight Train,4,7985,65171,73156,T101,40.40026,-75.941051,47.6,44.7,48.8
CORP,COR113016D,10/18/2016,7:05 AM,Derailment,0,DILLARD,OR,58,1,Dawn,Cloudy,Yard,Freight Train,9,8249,40676,48925,T110,43.094722,-123.425277,53.1,53.1,53.6
UP,0521MA033,5/20/2021,4:02 PM,Derailment,0,MEMPHIS,TN,85,2,Day,Clear,Yard,Light loco(s),10,500,13777,14277,T199,35.119165,-90.015664,74.6,77.5,76.5
BNSF,NW0215100,2/3/2015,6:00 PM,Derailment,0,KLAMATH FALLS,OR,40,3,Dusk,Cloudy,Industry,Yard/switching,5,14210,2000,16210,T110,42.166844,-121.728804,43.6,45.4,45.0
DL,180501,5/25/2018,3:50 PM,Derailment,0,CARBONDALE,PA,89,2,Day,Clear,Siding,Freight Train,5,3000,21540,24540,T109,41.55079,-75.524148,65.7,69.8,75.4
NS,129609,5/25/2018,4:00 PM,Derailment,0,HAZLETON,PA,80,3,Dusk,Clear,Main,Freight Train,2,12303,506,12809,T314,0.0,0.0,67.9,69.8,75.6
ATK,142185,4/30/2016,10:08 PM,Derailment,0,PHILADELPHIA,PA,54,4,Dark,Clear,Yard,Passenger Train - Pushing,3,49200,11500,60700,T311,39.997357,-75.154698,48.5,53.4,49.9
UP,0718FW039,7/23/2018,4:59 PM,Derailment,0,RIESEL,TX,108,2,Day,Clear,Main,Freight Train,12,469027,136204,605231,T105,31.508002,-96.949569,92.9,94.3,90.2
NS,125552,6/23/2017,11:30 AM,Derailment,0,COATESVILLE,PA,84,2,Day,Clear,Industry,Freight Train,4,11387,2703,14090,T314,39.987802,-75.812706,75.4,77.0,75.6
UP,0719HO007,7/9/2019,5:00 AM,Derailment,0,CHANNELVIEW,TX,79,1,Dawn,Clear,Industry,Yard/switching,5,7936,2850,10786,T103,29.814053,-95.115886,86.5,87.1,87.3
ATK,142778,6/8/2016,11:56 AM,Other (describe in narrative),0,PHILADELPHIA,PA,68,2,Day,Rain,Main,Passenger Train - Pulling,60,22631,4482,27113,T404,40.001663,-75.143079,75.0,63.2,65.0
XTGS,F012020,1/12/2020,10:20 AM,Derailment,0,ANAHUAC,TX,48,2,Day,Cloudy,Industry,Freight Train,2,0,20722,20722,T001,29.699088,-94.897499,57.5,49.8,60.5
UP,0521TO025,5/26/2021,9:38 AM,Derailment,0,BIG SPRING,TX,75,2,Day,Cloudy,Yard,Yard/switching,6,83183,2332,85515,T111,32.251569,-101.48667,76.7,79.1,78.3
UP,1220TO001,12/1/2020,11:30 AM,Derailment,0,ENNIS,TX,51,2,Day,Clear,Yard,Yard/switching,6,10892,4758,15650,T103,32.347228,-96.640071,40.0,41.8,47.9
RBMN,L08162201,8/16/2022,1:10 AM,Derailment,0,PITTSTON,PA,65,4,Dark,Clear,Yard,Freight Train,7,16351,8977,25328,T110,41.362436,-75.803485,71.5,72.8,69.0
CSX,000177066,6/16/2018,7:41 AM,Derailment,0,NORTH CHARLESTON,SC,85,1,Dawn,Clear,Yard,Freight Train,7,113071,9023,122094,T207,32.85697,-80.022954,80.6,80.6,82.4
SEPA,SEPA071622,7/16/2022,1:40 PM,Other (describe in narrative),0,PHILADELPHIA,PA,85,2,Day,Cloudy,Main,EMU,0,23192,0,23192,T404,40.005127,-75.133672,79.3,78.6,79.1
UP,0419TO037,4/24/2019,2:00 AM,Derailment,0,ODESSA,TX,54,4,Dark,Rain,Industry,Yard/switching,5,132125,31200,163325,T201,31.874753,-102.296746,64.2,57.3,66.9
RBMN,R08172301,8/17/2023,9:15 PM,Derailment,0,TAMAQUA,PA,65,4,Dark,Clear,Yard,Freight Train,3,1684,15174,16858,T110,40.781043,-75.961357,71.0,72.5,68.9
NS,124440,3/23/2017,8:25 AM,Derailment,0,MARYSVILLE,PA,26,2,Day,Clear,Yard,Freight Train,7,17794,134411,152205,T110,40.323741,-76.893298,39.9,34.1,44.5
KCS,20032602,3/26/2020,10:30 PM,Derailment,0,KENDLETON,TX,80,4,Dark,Clear,Main,Freight Train,8,3776,10429,14205,T001,29.447041,-96.001529,74.7,75.1,77.8
UP,0920SX001,9/1/2020,3:41 PM,Derailment,0,LAREDO,TX,99,2,Day,Clear,Main,Freight Train,19,141559,267734,409293,T108,27.669632,-99.469061,91.0,91.5,87.6
UP,0319SX002,3/6/2019,6:05 AM,Derailment,0,SAN ANTONIO,TX,36,1,Dawn,Cloudy,Yard,Freight Train,9,12175,764,12939,T207,29.370881,-98.562108,39.2,46.4,59.3
CSX,000212930,7/17/2023,4:50 AM,Derailment,0,LAFAYETTE HILL,PA,74,1,Dawn,Fog,Main,Freight Train,27,840337,0,1023138,T002,40.108406,-75.252343,76.4,79.0,77.8
NS,152141,1/30/2023,11:00 PM,Derailment,0,NORTHUMBERLAND,PA,34,4,Dark,Rain,Yard,Yard/switching,6,88500,3294,91794,T207,40.899891,-76.821003,37.2,43.2,33.6
SEPA,SEPA022723,2/27/2023,9:47 PM,Other (describe in narrative),0,CHALFONT,PA,35,4,Dark,Rain,Main,EMU,0,0,16564,16564,T404,40.287803,-75.207959,38.1,37.9,35.0
CPDR,CPF937022,3/28/2022,1:20 PM,Derailment,0,SIMPSONVILLE,SC,65,2,Day,Clear,Industry,Freight Train,5,7000,11000,18000,T110,34.713808,-82.236926,51.9,51.1,53.1
SEPA,SEPA101823,10/18/2023,6:29 PM,Other (describe in narrative),0,PHILADELPHIA,PA,60,4,Dark,Clear,Main,EMU,0,0,18123,18123,T404,40.043296,-75.248595,57.1,57.4,57.3
BNSF,KS0419101,4/6/2019,1:30 AM,Derailment,0,AMARILLO,TX,48,4,Dark,Clear,Yard,Freight Train,5,29290,25000,54290,T315,35.200916,-101.828598,60.8,60.4,60.5
UP,0617FW009,6/8/2017,12:40 AM,Derailment,0,PECOS,TX,74,4,Dark,Clear,Industry,Freight Train,5,83510,1292,159802,T113,31.425017,-103.504198,79.5,79.4,86.0
CSX,000171662,9/14/2017,11:44 PM,Derailment,0,LAURENS,SC,70,4,Dark,Clear,Yard,Freight Train,6,81219,0,120847,T210,34.498177,-82.010535,67.0,69.7,70.3
LVRX,180901,9/6/2018,10:30 AM,Derailment,0,BETHLEHEM,PA,85,2,Day,Clear,Yard,Yard/switching,8,15000,25000,40000,T110,40.619222,-75.3465,81.5,81.3,73.9
WE,160089,11/19/2016,12:05 AM,Derailment,0,MONESSEN,PA,48,4,Dark,Clear,Industry,Freight Train,5,280,14099,14379,T110,40.135285,-79.866352,54.5,44.6,30.5
RBMN,L01172402,1/17/2024,6:10 PM,Derailment,0,PITTSTON,PA,11,3,Dusk,Clear,Main,Freight Train,10,18990,27562,46552,T314,41.344905,-75.787896,21.1,14.1,21.1
DGNO,DGN883718,12/12/2018,11:15 PM,Derailment,0,DALLAS,TX,60,4,Dark,Cloudy,Yard,Freight Train,3,2500,429392,431892,T110,32.760555,-96.786948,48.9,55.9,57.9
UP,0418HO034,4/26/2018,1:36 AM,Derailment,0,WOODSBORO,TX,65,4,Dark,Cloudy,Siding,Freight Train,0,0,244373,334875,T207,28.241736,-97.329762,72.7,65.5,68.9
PTRA,2018000006,1/29/2018,2:08 PM,Derailment,0,CHANNELVIEW,TX,65,2,Day,Clear,Industry,Freight Train,5,100000,0,145000,T110,29.747175,-95.117207,61.7,55.0,49.5
TN,02,2/8/2018,2:58 PM,Derailment,0,LONE STAR,TX,50,2,Day,Cloudy,Industry,Yard/switching,6,3000,14494,17494,T111,32.928297,-94.706961,35.8,40.7,50.6
SEPA,SEPA111620,11/16/2020,12:10 PM,Other (describe in narrative),0,PHILADELPHIA,PA,54,2,Day,Clear,Main,EMU,30,5430,24299,29729,T404,39.927452,-75.223471,51.6,50.2,42.9
DL,171001,10/27/2017,3:57 PM,Derailment,0,DICKSON CITY,PA,65,2,Day,Clear,Main,Freight Train,10,273256,169685,442941,T110,41.446597,-75.642556,45.9,47.9,57.4
UP,0520HO003,5/6/2020,2:57 AM,Derailment,0,HOUSTON,TX,72,4,Dark,Cloudy,Yard,Freight Train,10,800,0,74420,T202,29.771491,-95.290385,80.5,75.7,74.7
UP,0724PN031,7/23/2024,9:38 PM,Derailment,0,STANFIELD,OR,90,4,Dark,Clear,Yard,Yard/switching,4,1000,0,77141,T315,45.787865,-119.233714,79.8,73.6,77.4
UP,0221HO021,2/12/2021,5:00 AM,Derailment,0,SPRING,TX,31,1,Dawn,Rain,Yard,Cut of cars,0,7644,0,243330,T207,30.060321,-95.411896,40.0,35.4,36.1
RBMN,L09202301,9/20/2023,3:25 PM,Derailment,0,DURYEA,PA,71,2,Day,Clear,Yard,Freight Train,7,4913,20598,25511,T311,41.362605,-75.80347,59.4,58.8,57.5
KRR,KRR620820,6/23/2020,11:16 PM,Derailment,0,ARTHUR CITY,TX,72,4,Dark,Clear,Main,Freight Train,9,160000,13905,173905,T110,33.861215,-95.509206,77.6,76.4,78.5
UP,0217SA007,2/3/2017,8:55 PM,Derailment,0,HEARNE,TX,51,4,Dark,Clear,Main,Freight Train,19,667252,172036,1004206,T205,30.869683,-96.585433,53.7,47.5,49.5
NS,155120,12/20/2023,3:10 AM,Derailment,0,ALTOONA,PA,20,4,Dark,Clear,Yard,Freight Train,6,350318,38656,388974,T207,40.542032,-78.375783,28.5,29.3,32.4
RCPE,RCP393723D,4/23/2023,10:00 AM,Derailment,0,CAPA,SD,36,2,Day,Cloudy,Main,Freight Train,8,60000,51378,111378,T207,44.111357,-100.960202,36.6,39.9,43.3
UP,0119TO001,1/3/2019,12:15 PM,Derailment,0,HEWITT,TX,35,2,Day,Cloudy,Industry,Yard/switching,10,21200,4410,25610,T106,31.502122,-97.197998,34.6,36.8,45.3
RBMN,L06191601,6/19/2016,1:32 PM,Derailment,0,MOUNTAIN TOP,PA,87,2,Day,Clear,Main,Freight Train,0,0,0,56153,T109,41.170585,-75.872959,70.0,72.7,74.4
WE,180043,4/10/2018,8:35 AM,Derailment,0,CLAIRTON,PA,40,2,Day,Clear,Yard,Freight Train,6,1766,86566,88332,T110,40.297483,-79.897253,30.8,34.8,43.5
IC,1044543,8/11/2020,11:40 PM,Derailment,0,MEMPHIS,TN,73,4,Dark,Clear,Industry,Yard/switching,9,35328,10000,45328,T309,35.269214,-89.968451,86.5,82.7,80.6
UP,0917HO008,9/14/2017,8:15 AM,Derailment,0,HOUSTON,TX,76,2,Day,Clear,Yard,Freight Train,2,18870,745,19615,T303,29.810644,-95.29036,78.7,80.5,81.0
UP,0217SA007,2/3/2017,8:55 PM,Derailment,0,HEARNE,TX,51,4,Dark,Clear,Main,Freight Train,1,164918,0,1004206,T205,30.869683,-96.585433,53.7,47.5,49.5
DL,210701,7/7/2021,4:40 PM,Derailment,0,SCRANTON,PA,89,2,Day,Cloudy,Yard,Freight Train,7,50500,29198,79698,T314,41.410087,-75.672221,76.8,78.6,72.8
DMVW,DE42920,4/29/2020,8:30 AM,Derailment,0,AMHERST,SD,60,2,Day,Clear,Main,Freight Train,10,228706,22987,251693,T001,45.720631,-97.942696,52.7,53.6,54.4
WE,200077,10/3/2020,1:30 AM,Derailment,0,CLAIRTON,PA,45,4,Dark,Clear,Yard,Yard/switching,10,600,11698,12298,T110,40.292292,-79.881715,49.3,48.5,52.9
BNSF,RD1019118,10/26/2019,8:53 AM,Derailment,0,BEAUMONT,TX,60,1,Dawn,Cloudy,Industry,Freight Train,10,80176,0,449058,T108,30.076884,-94.11177,61.5,56.7,63.1
UP,1214PD008,12/9/2014,9:14 AM,Derailment,0,PORTLAND,OR,50,2,Day,Rain,Yard,Freight Train,9,163830,77835,241665,T204,45.615137,-122.763318,46.5,47.7,51.4
UP,0418HO008,4/10/2018,10:45 AM,Derailment,0,HOUSTON,TX,65,2,Day,Clear,Yard,Yard/switching,4,33743,45984,79727,T319,29.812071,-95.288546,58.7,66.7,67.8
NS,137381,3/4/2020,6:20 AM,Derailment,0,CONWAY,PA,46,1,Dawn,Cloudy,Yard,Freight Train,5,350,13660,14010,T110,40.672356,-80.251823,47.9,41.2,37.7
CSX,000199128,7/27/2021,11:30 AM,Derailment,0,MEMPHIS,TN,91,2,Day,Clear,Yard,Freight Train,8,128079,0,276579,T205,35.1269,-89.9253,83.4,85.0,86.1
RBMN,L08222304,8/22/2023,7:50 PM,Derailment,0,PLAINS,PA,78,3,Dusk,Clear,Main,Freight Train,30,24745,48818,73563,T101,41.262047,-75.787679,72.9,68.1,65.4
SEPA,SEPA060924,6/9/2024,10:20 AM,Other (describe in narrative),0,ELWYN,PA,80,2,Day,Clear,Main,EMU,0,0,81675,81675,T404,39.89381,-75.44529,72.8,73.1,70.5
RBMN,R07202202,7/20/2022,1:15 PM,Derailment,0,WEST HAZLETON,PA,90,2,Day,Clear,Siding,Freight Train,6,46516,68598,115114,T110,40.917434,-76.087776,75.0,77.4,78.9
UP,0916SA016,9/25/2016,5:20 PM,Derailment,0,CLINE,TX,75,3,Dusk,Clear,Industry,Freight Train,4,71765,766,72531,T402,29.17622,-100.032392,81.7,73.8,70.9
EBRR,110414,11/4/2014,3:30 PM,Derailment,0,BAYTOWN,TX,82,2,Day,Cloudy,Yard,Yard/switching,4,0,10663,10663,T113,29.7184,-94.923978,69.5,73.1,70.6
UP,0722HO002,7/2/2022,5:00 AM,Derailment,0,BAYTOWN,TX,77,1,Dawn,Cloudy,Industry,Freight Train,9,93303,11935,105238,T202,29.796281,-94.903048,80.6,84.5,86.0
BNSF,GC1115101,11/3/2015,8:30 AM,Derailment,0,BROWNWOOD,TX,75,2,Day,Clear,Yard,Freight Train,0,0,30400,30400,T111,31.713845,-98.967473,63.0,65.8,66.1
UP,0323HO026,3/28/2023,5:00 PM,Derailment,0,HOUSTON,TX,76,2,Day,Clear,Industry,Freight Train,6,2311,13860,16171,T110,29.857662,-95.112079,70.3,70.0,62.7
UP,1014SA016,10/26/2014,6:33 AM,Derailment,0,LEMING,TX,55,1,Dawn,Cloudy,Main,Freight Train,39,1904391,92657,1997048,T207,29.119644,-98.492851,72.8,71.4,74.2
UP,0115UT001,1/2/2015,5:29 PM,Derailment,0,OGDEN,UT,26,2,Day,Clear,Yard,Freight Train,8,278,115641,115919,T207,41.199844,-111.986327,14.8,16.5,23.1
UP,1220RM024,12/27/2020,6:32 AM,Derailment,0,SALT LAKE CITY,UT,31,1,Dawn,Clear,Yard,Yard/switching,10,20732,28856,49588,T202,40.718103,-111.910487,28.1,30.7,27.0
UP,0315HO039,3/14/2015,2:20 PM,Derailment,0,GALENA PARK,TX,70,2,Day,Clear,Industry,Freight Train,5,1800,10680,12480,T205,29.730195,-95.240444,60.1,65.9,63.9
KCS,21091701,9/17/2021,7:15 PM,Derailment,0,ROBSTOWN,TX,90,3,Dusk,Clear,Siding,Freight Train,8,69775,15259,103500,T303,27.787144,-97.662584,82.4,85.2,85.9
TXPF,08092017,8/9/2017,10:59 PM,Derailment,0,MILES,TX,78,4,Dark,Clear,Main,Freight Train,24,312485,120000,432485,T207,31.608507,-100.149657,78.0,79.6,83.9
DGNO,TNE980616D,5/24/2016,12:05 PM,Derailment,0,HOOKS,TX,87,2,Day,Cloudy,Yard,Freight Train,7,18000,62800,80800,T103,33.463195,-94.239251,71.5,76.3,80.6
UP,0118UT045,1/29/2018,12:10 AM,Derailment,0,SALT LAKE CITY,UT,28,4,Dark,Clear,Industry,Yard/switching,4,39363,0,54363,T314,40.751504,-111.908947,43.8,42.5,46.7
UP,0124HO015,1/14/2024,8:15 AM,Derailment,0,BAYTOWN,TX,45,2,Day,Clear,Yard,Freight Train,7,27527,16050,43577,T112,29.776366,-94.89894,51.0,45.8,29.0
UP,0220RM022,2/17/2020,8:00 AM,Derailment,0,OGDEN,UT,30,2,Day,Cloudy,Yard,Freight Train,3,41862,57823,99685,T205,41.203017,-111.985113,37.1,33.3,27.1
PTRA,2017000019,6/7/2017,12:30 PM,Derailment,0,DEER PARK,TX,85,2,Day,Clear,Industry,Freight Train,8,32000,9000,41000,T111,29.737256,-95.092396,79.1,82.6,80.3
UP,0520HO024,5/27/2020,7:43 PM,Derailment,0,HOUSTON,TX,69,3,Dusk,Cloudy,Industry,Yard/switching,7,15915,414,16329,T205,29.762402,-95.302447,78.0,75.3,75.9
UP,0717SA019,7/23/2017,5:00 PM,Derailment,0,SAN ANTONIO,TX,97,2,Day,Clear,Main,Freight Train,21,1013031,77852,1090883,T102,29.345105,-98.457982,87.9,86.7,88.2
GVSR,GVS079222,12/30/2022,10:30 AM,Derailment,0,GALVESTON,TX,68,2,Day,Clear,Industry,Freight Train,3,34542,94991,129533,T210,29.304401,-94.811089,67.3,64.8,59.2
UP,1215FW017,12/27/2015,6:30 AM,Derailment,0,MONAHANS,TX,25,4,Dark,Snow,Yard,Freight Train,5,18850,1655,20505,T310,31.592468,-102.902556,49.7,28.3,33.1
KCS,18090404,9/4/2018,3:54 PM,Derailment,0,GARLAND,TX,88,2,Day,Clear,Industry,Yard/switching,5,17968,2300,20268,T199,32.878377,-96.686103,77.5,79.5,80.9
UP,0115FW014,1/11/2015,6:25 PM,Derailment,0,MESQUITE,TX,35,4,Dark,Rain,Industry,Yard/switching,3,4060,10990,15050,T199,32.776206,-96.698754,33.3,36.9,40.0
TCT,580315,9/14/2023,11:45 AM,Derailment,0,TEXAS CITY,TX,80,2,Day,Cloudy,Yard,Freight Train,0,0,100000,261060,T314,29.351994,-94.939183,84.6,81.2,81.3
TXPF,12192016,12/19/2016,6:05 PM,Derailment,0,FORT STOCKTON,TX,37,3,Dusk,Clear,Yard,Freight Train,5,138938,8929,147867,T110,30.902822,-102.869027,23.3,29.3,44.2
BNSF,RD0916108,9/22/2016,4:22 AM,Derailment,0,HOUSTON,TX,81,1,Dawn,Clear,Yard,Yard/switching,8,37675,38000,75675,T311,29.709192,-95.331069,84.1,83.7,82.3
UP,0515HO004,5/3/2015,12:30 AM,Derailment,0,DAYTON,TX,80,4,Dark,Clear,Yard,Freight Train,4,22790,0,22790,T102,30.004833,-94.903778,69.3,69.7,71.6
DGNO,DGN023722,9/12/2022,8:50 AM,Derailment,0,DALLAS,TX,72,2,Day,Clear,Industry,Yard/switching,4,27500,30000,57500,T110,32.863191,-96.876989,75.6,75.5,77.8
BNSF,KS1215107,12/17/2015,7:45 AM,Derailment,0,AMARILLO,TX,20,1,Dawn,Clear,Yard,Yard/switching,10,20709,1500,22209,T113,35.194025,-101.828599,31.4,27.3,34.3
UP,0723SX006,7/8/2023,3:00 PM,Derailment,0,MULDOON,TX,97,2,Day,Cloudy,Main,Freight Train,28,107761,764522,872283,T109,29.846076,-97.046613,81.7,85.8,87.9
UP,0419RM030,4/20/2019,6:59 PM,Derailment,0,HELPER,UT,55,3,Dusk,Cloudy,Industry,Freight Train,10,286840,35450,322290,T202,39.697279,-111.156139,56.7,56.8,51.5
UP,0324HO018,3/17/2024,10:30 AM,Derailment,0,EAGLE LAKE,TX,68,2,Day,Cloudy,Yard,Freight Train,10,20944,38441,59385,T111,29.609013,-96.354378,68.7,66.7,59.8
BNSF,RD0120116,1/24/2020,11:29 AM,Derailment,0,SAGINAW,TX,50,2,Day,Clear,Industry,Freight Train,4,31069,0,31069,T111,32.835528,-97.359657,48.6,48.3,52.7
UP,1122RM003,11/4/2022,1:50 AM,Derailment,0,RIVERDALE,UT,30,4,Dark,Cloudy,Yard,Yard/switching,6,15170,55974,71144,T207,41.167556,-111.994656,36.7,35.6,42.2
UP,1019RM003,10/3/2019,11:15 AM,Derailment,0,HARRISVILLE,UT,48,2,Day,Clear,Industry,Light loco(s),8,18991,7740,26731,T110,41.29945,-112.005586,45.7,49.3,48.8
BNSF,TX1114106,11/18/2014,3:45 PM,Derailment,0,SAGINAW,TX,48,2,Day,Clear,Industry,Yard/switching,4,2776,8500,11276,T110,32.848788,-97.352907,33.8,41.7,50.1
UP,0523TO012,5/9/2023,12:30 PM,Derailment,0,EL PASO,TX,84,2,Day,Clear,Industry,Yard/switching,3,19214,268993,288207,T206,31.770328,-106.38655,76.7,78.8,78.4
UP,0515SA008,5/15/2015,2:18 AM,Derailment,0,PLEASANTON,TX,65,4,Dark,Cloudy,Main,Freight Train,37,1437445,38460,1475905,T102,28.999669,-98.478719,74.2,71.8,76.8
BNSF,RD0124104,1/6/2024,7:45 AM,Derailment,0,SEALY,TX,51,1,Dawn,Clear,Main,Freight Train,0,0,294087,537280,T110,29.782817,-96.159378,53.8,50.5,51.2
UP,1214HO047,12/21/2014,9:30 AM,Derailment,0,GREGORY,TX,55,2,Day,Cloudy,Industry,Freight Train,4,32961,21999,54960,T110,27.92076,-97.287804,54.6,57.1,62.2
UP,0618HO007,6/4/2018,11:38 PM,Derailment,0,LA PORTE,TX,79,4,Dark,Cloudy,Siding,Freight Train,6,7896,5010,12906,T309,29.684709,-95.02988,83.7,83.0,83.8
BNSF,GC0716116,7/30/2016,1:45 AM,Derailment,0,LONGVIEW,TX,80,4,Dark,Clear,Siding,Freight Train,3,143272,8000,151272,T111,32.489432,-94.710512,81.1,84.3,84.6
UP,0624RM022,6/26/2024,11:30 AM,Derailment,0,LINDON,UT,91,2,Day,Clear,Industry,Freight Train,7,4143,169420,173563,T110,40.332793,-111.738244,81.8,80.4,78.1
DGNO,TNE048122,10/26/2022,7:45 AM,Derailment,0,DENISON,TX,44,1,Dawn,Clear,Yard,Yard/switching,6,10000,42383,52383,T110,33.754408,-96.534238,57.0,57.0,59.5
TXPF,08102016,8/10/2016,5:00 PM,Derailment,0,VALERA,TX,100,2,Day,Clear,Main,Freight Train,21,250000,450000,700000,T204,31.754246,-99.495094,87.3,89.3,90.4
UP,0616SA018,6/21/2016,7:05 AM,Derailment,0,WEST POINT,TX,84,1,Dawn,Clear,Main,Freight Train,22,6034,66926,72960,T106,29.955161,-97.046192,83.0,83.8,83.9
UP,0522TO040,5/22/2022,12:50 AM,Derailment,0,EL PASO,TX,74,4,Dark,Clear,Industry,Yard/switching,5,7698,10210,50134,T205,31.765276,-106.402007,79.2,68.6,74.9
KCS,15011502,1/15/2015,3:45 PM,Derailment,0,CORPUS CHRISTI,TX,52,2,Day,Clear,Yard,Freight Train,5,1581,27853,29434,T110,27.81004,-97.4563,44.0,45.3,48.7
BNSF,GC1215102,12/2/2015,10:45 PM,Derailment,0,BROWNWOOD,TX,39,4,Dark,Cloudy,Yard,Freight Train,0,0,5000,12971,T110,31.71687,-98.972502,41.4,44.4,44.2
UP,0323HO006,3/4/2023,10:15 PM,Derailment,0,BAYTOWN,TX,58,4,Dark,Clear,Yard,Freight Train,10,5159,51218,56377,T102,29.794855,-94.902758,64.0,63.9,65.2
UP,0416HO005,4/3/2016,1:40 AM,Derailment,0,HOUSTON,TX,60,4,Dark,Cloudy,Yard,Light loco(s),6,11430,632,12062,T314,29.78974,-95.299125,61.2,65.1,69.5
UP,0615HO049,6/26/2015,12:01 PM,Derailment,0,HOUSTON,TX,95,2,Day,Clear,Yard,Freight Train,3,14128,20483,34611,T108,29.821035,-95.352254,85.2,84.9,85.4
UP,1016LV008,10/13/2016,3:45 PM,Derailment,0,PORT ARTHUR,TX,85,2,Day,Cloudy,Industry,Freight Train,4,5230,10230,15460,T110,29.863644,-94.001547,76.6,76.5,74.9
UP,0223TO003,2/1/2023,9:30 AM,Derailment,0,FORT WORTH,TX,28,2,Day,Rain,Yard,Yard/switching,5,63048,1210,64258,T207,32.724063,-97.375633,25.7,28.0,31.4
UP,0815HO025,8/16/2015,6:00 PM,Derailment,0,ROBSTOWN,TX,87,2,Day,Clear,Industry,Freight Train,6,75777,82113,157890,T110,27.760921,-97.683743,86.9,83.1,83.3
UP,0316LK010,3/16/2016,3:20 PM,Derailment,0,LONGVIEW,TX,75,2,Day,Clear,Industry,Yard/switching,3,250,18000,18250,T102,32.50331,-94.819498,72.8,64.4,58.5
UP,0822SX009,8/15/2022,3:00 PM,Derailment,0,SAN ANTONIO,TX,88,2,Day,Cloudy,Yard,Yard/switching,4,79918,5514,85432,T106,29.436038,-98.465834,81.7,79.7,84.9
WATX,220731001,7/31/2022,10:45 AM,Derailment,0,GALENA PARK,TX,93,2,Day,Clear,Industry,Yard/switching,5,38500,12500,51000,T210,29.73016,-95.22593,86.2,86.6,85.3
BNSF,GC0115110,1/27/2015,10:55 PM,Derailment,0,COLEMAN,TX,50,4,Dark,Clear,Yard,Freight Train,0,0,5000,52091,T202,31.775404,-99.367126,54.4,60.0,62.9
BNSF,TX1014111,10/28/2014,1:15 PM,Derailment,0,ESTELLINE,TX,75,2,Day,Clear,Main,Freight Train,22,1000708,471426,1472134,T499,34.559186,-100.437506,72.5,60.1,57.7
TXNW,TXNW210505,5/5/2021,9:00 PM,Derailment,0,SUNRAY,TX,55,3,Dusk,Clear,Yard,Freight Train,3,0,40000,40000,T111,36.006479,-101.885771,52.6,59.9,64.1
UP,0115FW023,1/15/2015,10:15 PM,Derailment,0,DALLAS,TX,40,4,Dark,Clear,Yard,Yard/switching,4,19680,2184,21864,T204,32.708686,-96.746695,39.5,43.7,48.1
EBRR,102214,10/22/2014,3:05 PM,Derailment,0,BAYTOWN,TX,81,2,Day,Clear,Yard,Yard/switching,6,0,17064,17064,T113,29.7184,-94.923978,70.6,71.4,68.6
UP,0624RM006,6/5/2024,9:45 PM,Derailment,0,DELTA,UT,83,4,Dark,Clear,Industry,Yard/switching,5,223989,0,223989,T299,39.511811,-112.592098,66.3,71.1,78.5
UP,0623TO018,6/18/2023,5:21 PM,Derailment,0,TRINIDAD,TX,96,2,Day,Clear,Main,Freight Train,38,1568622,280253,1848875,T109,32.141216,-96.097177,83.6,86.0,86.0