reportingrailroadcode,accidentnumber,date,time,accidenttype,hazmatreleasedcars,station,stateabbr,temperature,visibility_code,visibility,weathercondition,tracktype,equipmenttype,trainspeed,equipmentdamagecost,trackdamagecost,totaldamagecost,primaryaccidentcausecode,latitude,longitude,prior_temp,actual_temp,following_temp
NECR,NEC544423D,9/20/2023,2:53 AM,Derailment,0,WILLIMANTIC,CT,65,4,Dark,Cloudy,Main,Freight Train,10,10958,57497,68455,T002,41.71254,-72.21849,63.2,59.1,57.7
UP,0720HL007,7/8/2020,3:02 PM,Derailment,0,RESERVE,KS,91,2,Day,Clear,Main,Freight Train,30,623479,435626,1059105,T109,39.973828,-95.561532,81.5,82.4,76.9
BNSF,HL0424124,4/27/2024,10:15 PM,Derailment,0,LINCOLN,NE,55,4,Dark,Clear,Yard,Yard/switching,9,37179,216551,253730,T111,40.808557,-96.764495,61.3,58.8,59.1
BNSF,MT0320102,3/6/2020,2:06 PM,Derailment,0,MOORE,MT,65,2,Day,Clear,Industry,Yard/switching,9,7616,4000,11616,T001,46.978029,-109.695294,33.0,48.9,38.6
NS,129574,5/23/2018,11:05 AM,Derailment,0,WALKERTOWN,NC,78,2,Day,Clear,Yard,Freight Train,9,13081,8515,21596,T311,36.136765,-80.232013,75.4,76.3,74.5
BNSF,HL1019118,10/19/2019,5:11 AM,Derailment,0,LINCOLN,NE,51,1,Dawn,Cloudy,Yard,Yard/switching,10,17766,500,18266,T111,40.808002,-96.742332,64.1,57.6,54.1
NJTR,202112507,11/8/2021,6:45 PM,Other (describe in narrative),0,PRINCETON JUNCTION,NJ,50,4,Dark,Clear,Main,Commuter Train - Pulling,90,15000,0,21500,T404,40.403145,-74.521748,41.4,49.9,54.2
GRS,20151002M1,10/2/2015,8:05 AM,Derailment,0,DEERFIELD,MA,60,2,Day,Clear,Yard,Freight Train,4,16150,9074,25224,T110,42.563614,-72.560395,54.3,49.9,49.3
UP,0522GP021,5/26/2022,7:28 AM,Derailment,0,GOTHENBURG,NE,40,1,Dawn,Clear,Main,Freight Train,50,1065715,90000,1155715,T210,40.911264,-100.128641,52.5,59.5,69.9
CRSH,118760,12/31/2015,12:30 AM,Derailment,0,CAMDEN,NJ,45,4,Dark,Rain,Yard,Work train,0,7901,3000,10901,T110,39.947279,-75.098017,48.6,48.0,39.8
EIRR,230108003,1/8/2023,10:55 AM,Derailment,0,BURLEY,ID,42,2,Day,Clear,Siding,Freight Train,11,43000,14364,57364,T110,42.53414,-113.86974,31.4,34.1,33.0
MACZ,169830,1/25/2022,1:40 PM,Other (describe in narrative),0,ROSEDALE,MD,25,2,Day,Cloudy,Main,Commuter Train - Pulling,0,13881,0,23011,T404,39.314549,-76.492736,33.0,36.0,27.2
CRSH,146818,1/14/2024,1:36 AM,Derailment,0,DETROIT,MI,6,4,Dark,Snow,Yard,Freight Train,5,3287,20403,23690,T110,42.324311,-83.113727,29.3,8.6,4.9
ATK,181731,4/25/2024,5:07 AM,Other (describe in narrative),0,HARRISON,NJ,40,4,Dark,Clear,Main,EMU,0,0,0,0,T404,40.742905,-74.135773,59.4,48.8,50.2
CRSH,144488,2/22/2022,3:15 PM,Derailment,0,PAULSBORO,NJ,57,2,Day,Rain,Yard,Freight Train,5,4681,13393,18074,T199,39.834206,-75.247341,44.5,53.3,60.6
BNSF,SW1117114,11/28/2017,5:50 PM,Derailment,0,CARLSBAD,NM,74,2,Day,Clear,Yard,Freight Train,10,21260,149280,170540,T314,32.440037,-104.199033,54.6,54.4,45.6
BNSF,HL0224108,2/9/2024,4:43 AM,Derailment,0,CAIRO,NE,29,1,Dawn,Clear,Main,Freight Train,42,3174347,1727884,4902231,T204,40.992655,-98.562123,44.2,35.2,30.7
UP,0221GL001,2/5/2021,5:40 AM,Derailment,0,ST PAUL,MN,8,1,Dawn,Cloudy,Yard,Yard/switching,8,14956,9280,24236,T206,44.927176,-93.040467,23.6,8.3,-1.7
MQT,MQT305720D,1/15/2020,9:30 PM,Derailment,0,LUDINGTON,MI,33,4,Dark,Clear,Yard,Yard/switching,8,26996,16000,42996,T202,43.950027,-86.418763,34.2,34.2,24.2
ALS,20211115,11/15/2021,4:59 AM,Derailment,0,EAST ST LOUIS,IL,38,1,Dawn,Clear,Yard,Freight Train,0,0,2115,21686,T204,38.583182,-90.135585,41.4,43.9,53.8
CRSH,126024,7/30/2017,2:20 PM,Derailment,0,NEWARK,NJ,82,2,Day,Clear,Yard,Yard/switching,8,51676,90357,142033,T110,40.712014,-74.152938,72.7,72.9,77.6
UP,0718PR005,7/9/2018,10:30 AM,Derailment,0,MELROSE PARK,IL,90,2,Day,Clear,Yard,Freight Train,4,22751,1584,24335,T314,41.898504,-87.904002,76.2,80.5,80.5
UP,0215NP015,2/7/2015,5:15 AM,Derailment,0,NORTH PLATTE,NE,31,4,Dark,Clear,Yard,Yard/switching,2,16417,276966,293383,T207,41.149275,-100.854062,36.4,43.4,44.7
WC,1103644,5/24/2022,2:30 AM,Derailment,0,DULUTH,MN,47,4,Dark,Clear,Yard,Yard/switching,5,200,240133,240333,T113,46.753976,-92.173299,52.3,53.8,45.6
BNSF,HL0321116,3/24/2021,9:10 AM,Derailment,0,CRESTON,IA,40,2,Day,Rain,Yard,Freight Train,5,1473,130705,132178,T110,41.05663,-94.354578,49.8,43.3,40.0
NS,136744,1/5/2020,1:10 AM,Derailment,0,NEW ORLEANS,LA,36,4,Dark,Clear,Yard,Freight Train,5,110,16575,16685,T210,29.995667,-90.044845,58.2,56.3,61.4
EIRR,221012006,10/12/2022,9:30 PM,Derailment,0,TWIN FALLS,ID,57,4,Dark,Clear,Main,Freight Train,19,566700,28204,594904,T210,42.543623,-114.423632,59.3,59.2,58.5
NJTR,202109390,9/16/2021,5:08 PM,Other (describe in narrative),0,KEARNY,NJ,80,3,Dusk,Clear,Main,Commuter Train - Pulling,30,76515,0,101515,T404,40.754112,-74.093498,79.2,74.6,73.1
ATK,143488,7/27/2016,5:22 AM,Derailment,0,TRENTON,NJ,88,1,Dawn,Clear,Yard,Light loco(s),5,82337,8000,90337,T113,40.224997,-74.745994,80.6,81.7,78.5
CRSH,119304,2/9/2016,4:48 PM,Derailment,0,CRANBURY,NJ,35,3,Dusk,Clear,Industry,Freight Train,6,16062,500,16562,T110,40.315677,-74.501518,36.5,31.2,32.0
BNSF,PR1121102,11/2/2021,1:22 AM,Derailment,0,HASTINGS,NE,45,4,Dark,Clear,Industry,Yard/switching,10,43172,5485,48657,T113,40.58637,-98.319731,35.5,37.9,40.4
BNSF,TC0323144,3/30/2023,1:02 AM,Derailment,5,RAYMOND,MN,28,4,Dark,Clear,Main,Freight Train,45,1803663,669411,2473074,T210,45.013759,-95.245071,10.2,22.3,33.7
UP,0823GL001,8/1/2023,8:38 AM,Derailment,0,COLUMBUS,NE,70,2,Day,Cloudy,Yard,Freight Train,8,7451,26440,33891,T314,41.427597,-97.365298,72.9,73.2,75.7
TZPR,TZP021719O,4/15/2019,5:25 AM,Derailment,0,CREVE COEUR,IL,42,1,Dawn,Clear,Yard,Freight Train,0,0,40710,105710,T111,40.661102,-89.595535,36.2,42.6,61.6
CP,1001285850,7/21/2020,8:40 PM,Derailment,0,VALLEY CITY,ND,67,4,Dark,Clear,Main,Freight Train,40,530591,16490,547081,T099,46.929467,-97.983564,65.1,63.8,65.0
NS,129757,6/8/2018,2:40 PM,Derailment,0,SOUTHMONT,NC,90,2,Day,Cloudy,Yard,Freight Train,10,11744,7288,19032,T399,35.736022,-80.336566,72.5,76.4,75.8
UP,1215KC003,12/2/2015,6:10 AM,Derailment,0,TOPEKA,KS,35,1,Dawn,Cloudy,Industry,Yard/switching,10,61604,2815,64419,T314,39.083978,-95.725604,35.8,38.8,34.4
UP,0721GL003,7/1/2021,2:30 AM,Derailment,0,SIOUX CITY,IA,65,4,Dark,Clear,Main,Freight Train,5,19828,42625,62453,T399,42.518315,-96.380985,73.1,75.3,75.9
UP,0620HL004,6/4/2020,2:14 PM,Derailment,0,MULLINVILLE,KS,95,2,Day,Clear,Main,Freight Train,27,225574,372693,598267,T109,37.591082,-99.422654,80.8,82.3,83.7
UP,0317CB023,3/30/2017,1:15 PM,Derailment,0,VALLEY,NE,45,2,Day,Cloudy,Yard,Freight Train,7,58573,67457,126030,T205,41.315851,-96.348009,40.5,38.2,41.1
BNSF,SF0616100,6/4/2016,4:11 AM,Derailment,0,ST LOUIS,MO,71,1,Dawn,Rain,Yard,Freight Train,6,35058,153779,188837,T403,38.602472,-90.312387,72.3,73.7,72.4
ALS,20190706,7/6/2019,9:15 PM,Derailment,0,EAST ST LOUIS,IL,85,4,Dark,Clear,Yard,Freight Train,0,0,55453,76427,T310,38.582468,-90.136583,79.2,81.8,81.4
UP,0417KC015,4/22/2017,12:25 PM,Derailment,0,KANSAS CITY,KS,68,2,Day,Clear,Yard,Work train,4,145924,113980,259904,T205,39.098599,-94.619106,53.6,58.1,58.1
NJTR,202208329,8/23/2022,6:00 PM,Other (describe in narrative),0,SECAUCUS,NJ,92,2,Day,Cloudy,Main,EMU,55,8410,0,20069,T404,40.767396,-74.062322,75.1,77.4,79.3
BNSF,SW0317101,3/8/2017,1:20 AM,Derailment,0,ALBUQUERQUE,NM,40,4,Dark,Clear,Yard,Yard/switching,10,20000,0,20439,T314,35.07295,-106.64916,43.9,49.9,56.4
CSX,000209969,2/21/2023,11:45 PM,Derailment,0,CHICAGO,IL,34,4,Dark,Clear,Yard,Freight Train,8,46733,0,259696,T311,41.76554,-87.4344,38.5,33.6,34.5
DN,DN08112021,8/10/2021,11:45 PM,Derailment,0,GRAFTON,ND,65,4,Dark,Clear,Yard,Freight Train,0,0,71000,105998,T207,48.430266,-97.41387,73.0,71.9,68.7
KCS,14121602,12/16/2014,12:30 PM,Derailment,0,MEXICO,MO,34,2,Day,Cloudy,Industry,Yard/switching,4,9316,1271,10587,T202,39.173065,-91.887271,50.6,32.9,30.4
BNSF,TC0819102,8/9/2019,3:56 PM,Derailment,0,PISEK,ND,77,2,Day,Clear,Main,Freight Train,25,75000,100000,175000,T109,48.286439,-97.701165,62.4,64.5,68.8
NS,142596,8/18/2021,10:58 AM,Derailment,0,TOOMSUBA,MS,91,2,Day,Clear,Main,Freight Train,42,730644,253498,984142,T204,32.415378,-88.565077,79.3,82.0,79.3
MRL,2023059,6/24/2023,6:12 AM,Derailment,10,REEDPOINT,MT,50,1,Dawn,Cloudy,Main,Freight Train,38,0,0,0,T204,45.686944,-109.438329,58.8,58.7,63.2
AGR,AGR638323R,12/19/2023,4:20 AM,Derailment,0,HAMILTON,MS,26,4,Dark,Clear,Main,Freight Train,36,565152,0,740152,T204,33.682151,-88.421611,43.4,35.5,38.5
NS,135235,8/25/2019,9:15 PM,Derailment,0,NEW HAVEN,IN,65,4,Dark,Clear,Yard,Freight Train,6,18435,8000,26435,T314,41.071636,-85.019841,63.1,64.1,65.8
UP,0622GP028,6/28/2022,4:00 PM,Derailment,0,GOTHENBURG,NE,96,2,Day,Clear,Industry,Freight Train,5,48735,169081,217816,T110,40.924555,-100.158666,70.0,75.5,83.5
ATK,136172,1/28/2015,8:00 PM,Other (describe in narrative),0,TRENTON,NJ,30,4,Dark,Clear,Main,EMU,0,0,100,13140,T404,40.218254,-74.754321,25.4,23.7,24.4
BNSF,CH0422102,4/1/2022,12:32 PM,Derailment,0,GALESBURG,IL,55,2,Day,Clear,Industry,Yard/switching,5,155,15000,15155,T111,40.924031,-90.324133,34.4,37.2,38.6
NS,143275,10/26/2021,10:08 AM,Derailment,0,GARDEN CITY,GA,77,2,Day,Clear,Yard,Yard/switching,9,3380,66948,70328,T110,32.110264,-81.174895,72.1,65.9,59.2
UP,1221GP001,12/2/2021,10:56 AM,Derailment,0,NORTH PLATTE,NE,48,2,Day,Cloudy,Yard,Freight Train,10,15808,7146,22954,T314,41.154898,-100.850134,43.9,47.7,46.9
NJTR,202406316,6/23/2024,1:25 PM,Other (describe in narrative),0,HOBOKEN,NJ,95,2,Day,Clear,Main,Passenger Train - Pulling,15,4001,9545,13546,T404,40.73485,-74.02804,81.3,82.7,77.1
DN,DN00673142,10/9/2021,11:15 PM,Derailment,0,CRYSTAL,ND,50,4,Dark,Rain,Main,Freight Train,8,226815,35000,261815,T001,48.60243,-97.668893,56.6,52.1,52.6
CRSH,124922,5/3/2017,3:10 AM,Derailment,0,NEWARK,NJ,55,4,Dark,Clear,Industry,Yard/switching,6,20049,1500,21549,T307,40.674009,-74.154472,71.2,61.7,53.7
RRVW,32718OAKES,3/27/2018,6:40 PM,Derailment,0,OAKES,ND,40,3,Dusk,Clear,Yard,Freight Train,9,154978,61442,216420,T110,46.131736,-98.096936,30.5,34.1,32.8
NKCR,NKCR151154,6/10/2015,7:45 PM,Derailment,0,GRANT,NE,60,2,Day,Clear,Industry,Freight Train,4,13100,24000,37100,T108,40.840131,-101.709612,75.8,72.3,65.1
NS,129626,5/28/2018,11:55 PM,Derailment,0,STATESVILLE,NC,72,4,Dark,Rain,Yard,Freight Train,5,7000,7681,14681,T110,35.77509,-80.888952,72.7,70.7,71.5
CSX,000175545,3/28/2018,11:34 PM,Derailment,0,ENFIELD,NC,62,4,Dark,Cloudy,Main,Freight Train,0,0,388,64332,T207,36.166566,-77.682567,38.7,57.2,66.9
NMRX,07162017,7/16/2017,5:20 PM,Derailment,0,ALBUQUERQUE,NM,86,2,Day,Cloudy,Yard,Freight Train,0,0,0,35308,T110,35.076423,-106.648553,79.8,77.0,77.3
CSX,000179295,10/13/2018,5:50 AM,Derailment,0,WORCESTER,MA,49,1,Dawn,Cloudy,Yard,Freight Train,0,0,3500,73349,T316,42.255139,-71.805321,55.0,43.7,43.6
BNSF,MT0723107,7/24/2023,12:34 PM,Derailment,0,HAVRE,MT,101,2,Day,Clear,Main,Freight Train,0,0,2504,2504,T109,48.561931,-109.714085,80.4,81.8,82.8
ATK,169573,10/14/2021,9:20 PM,Other (describe in narrative),0,NORTH BERGEN,NJ,66,4,Dark,Cloudy,Main,EMU,0,0,10500,24220,T404,40.771868,-74.042872,66.0,68.7,69.9
ATK,169829,1/25/2022,1:40 PM,Other (describe in narrative),0,ROSEDALE,MD,35,2,Day,Cloudy,Main,EMU,0,0,9130,23011,T404,39.314549,-76.492736,33.0,36.0,27.2
NJTR,202204154,3/31/2022,10:25 AM,Derailment,0,GLADSTONE,NJ,59,2,Day,Clear,Yard,Yard/switching,5,33972,3747,37719,T314,40.71938,-74.665129,34.4,56.2,52.3
NIRC,9419000557,5/27/2016,3:19 PM,Derailment,0,CHICAGO,IL,75,2,Day,Clear,Main,Commuter Train - Pushing,5,2359,10053,12412,T102,41.88765,-87.63997,74.7,74.3,75.2
CSX,000160585,6/15/2016,8:41 PM,Derailment,0,RALEIGH,NC,75,4,Dark,Rain,Yard,Freight Train,5,41667,1075,42742,T310,35.792614,-78.640074,75.2,78.1,80.7
KYLE,KYL859115D,12/22/2015,6:06 PM,Derailment,0,YUMA,KS,40,4,Dark,Clear,Main,Freight Train,6,75000,1000000,1075000,T401,39.625407,-97.76451,31.0,39.4,40.7
PGR,09052018,9/5/2018,9:45 AM,Derailment,0,NORTHFIELD,MN,70,2,Day,Cloudy,Yard,Yard/switching,10,0,116302,116302,T113,44.2713,-93.1013,70.7,65.2,59.1
CSX,000175607,4/2/2018,3:48 AM,Derailment,0,CHARLOTTE,NC,60,4,Dark,Clear,Yard,Yard/switching,8,36798,50096,86894,T207,35.23281,-80.830435,61.4,69.3,65.6
BNSF,KS1215100,12/3/2015,9:00 AM,Derailment,0,DODGE CITY,KS,38,2,Day,Clear,Yard,Yard/switching,4,1835,115000,116835,T319,37.751228,-99.995681,36.0,35.3,41.5
BNSF,MT0723101,7/4/2023,12:30 PM,Derailment,0,HAVRE,MT,68,2,Day,Clear,Yard,Yard/switching,4,810,12253,13063,T110,48.554079,-109.661934,64.8,60.6,63.0
RCPE,RCP317623D,2/2/2023,8:00 AM,Derailment,0,CHADRON,NE,15,2,Day,Clear,Main,Freight Train,10,126183,17880,144063,T202,42.89982,-103.15919,15.9,19.5,25.3
BNSF,CH0923108,9/22/2023,6:30 PM,Derailment,0,EOLA,IL,72,3,Dusk,Clear,Yard,Freight Train,0,0,45764,156764,T113,41.774053,-88.251966,66.7,68.3,70.4
CSX,000207496,9/26/2022,8:45 PM,Derailment,0,FAIRMONT CITY,IL,68,4,Dark,Clear,Yard,Freight Train,0,0,6280,72186,T303,38.642282,-90.098859,69.0,61.8,58.4
BNSF,PR0123109,1/12/2023,1:40 PM,Derailment,0,EDISON,NE,35,2,Day,Clear,Industry,Freight Train,10,22456,18371,40827,T111,40.279622,-99.776105,33.9,31.0,26.9
NMRX,20180823,8/23/2018,6:19 AM,Derailment,0,SANTA FE,NM,68,1,Dawn,Clear,Main,Commuter Train - Pushing,6,21800,14135,35935,T111,35.683879,-105.94707,64.1,66.6,70.9
UP,0715NP015,7/26/2015,10:00 PM,Derailment,0,NORTH PLATTE,NE,72,4,Dark,Rain,Yard,Cut of cars,0,3240,0,132646,T110,41.146065,-100.816617,75.8,76.7,78.0
GRW,01,1/4/2019,10:59 PM,Derailment,0,GARY,IN,36,4,Dark,Clear,Industry,Yard/switching,5,25516,15123,40639,T111,41.622944,-87.328124,31.4,37.4,40.3
CVR,CVR000008,10/30/2021,3:00 PM,Derailment,0,MONTEZUMA,KS,45,2,Day,Clear,Main,Freight Train,10,307129,31995,339124,T308,37.56505,-100.55674,49.1,53.2,44.0
BNSF,SW0623103,6/8/2023,10:36 PM,Derailment,0,CLOVIS,NM,55,4,Dark,Rain,Yard,Yard/switching,6,5393,6707,12100,T110,34.394191,-103.209292,67.0,70.6,72.5
UP,0516DV014,5/27/2016,9:18 AM,Derailment,0,ABILENE,KS,70,2,Day,Clear,Yard,Freight Train,5,409287,0,771792,T206,38.913189,-97.229762,69.8,65.8,67.5
BNSF,KS0520108,5/27/2020,11:45 AM,Derailment,0,TOPEKA,KS,70,2,Day,Clear,Yard,Light loco(s),5,60768,100,60868,T207,39.053708,-95.648325,66.0,67.4,69.6
ATK,171984,9/9/2022,6:35 AM,Other (describe in narrative),0,ISELIN,NJ,66,1,Dawn,Clear,Main,Passenger Train - Pulling,20,13272,3552,16824,T404,40.518349,-74.412737,70.8,70.6,72.4
NS,129197,4/19/2018,10:40 AM,Derailment,0,WALKERTOWN,NC,62,2,Day,Clear,Yard,Freight Train,7,2800,20377,23177,T309,36.131444,-80.233087,62.9,60.9,50.9
NJTR,202108329,7/22/2021,11:00 PM,Derailment,0,KEARNY,NJ,80,4,Dark,Clear,Yard,Yard/switching,5,13413,33382,46795,T205,40.743416,-74.104542,78.0,75.3,75.3
BNSF,MT0723106,7/21/2023,4:45 PM,Derailment,0,HAVRE,MT,100,2,Day,Clear,Main,Freight Train,55,1074227,656276,1730503,T109,48.56023,-109.523773,72.3,77.6,83.3
NNW,1907,7/24/2019,3:00 PM,Derailment,0,CHADRON,NE,75,2,Day,Clear,Main,Freight Train,10,40000,20000,60000,T319,42.85922,-103.091842,76.3,78.0,76.3
NJTR,202111484,11/13/2021,12:45 AM,Derailment,0,BAY HEAD,NJ,47,4,Dark,Clear,Yard,Commuter Train - Pushing,5,17490,2625,20115,T103,40.07585,-74.047446,60.1,48.2,40.8
MNN,MNN5172021,5/17/2021,3:27 PM,Derailment,0,STRATHCONA,MN,75,2,Day,Clear,Yard,Freight Train,10,15000,0,15000,T102,48.599173,-96.169936,64.6,69.4,68.7
UP,0819GL031,8/21/2019,12:05 PM,Derailment,0,NORTH BEND,NE,71,2,Day,Cloudy,Siding,Freight Train,5,154306,21385,175691,T110,41.461551,-96.811994,83.3,72.4,69.6
UP,0315NP035,3/26/2015,9:25 AM,Derailment,0,NORTH PLATTE,NE,29,2,Day,Cloudy,Yard,Yard/switching,9,19908,9981,29889,T111,41.142443,-100.778353,43.8,37.2,42.4
BNSF,PR1221105,12/21/2021,8:25 PM,Derailment,0,HASTINGS,NE,28,3,Dusk,Clear,Yard,Cut of cars,0,18278,0,97900,T201,40.583336,-98.405,26.4,29.4,38.1
UP,0317SA019,3/14/2017,12:19 PM,Derailment,0,SEALY,TX,62,2,Day,Clear,Siding,Freight Train,5,34384,0,79934,T110,29.782538,-96.155544,56.7,55.6,59.0
BNSF,RD0423104,4/4/2023,9:00 PM,Derailment,0,TATUM,TX,74,4,Dark,Cloudy,Industry,Light loco(s),5,20000,1500,21500,T111,32.314862,-94.512341,74.9,76.3,68.0
BNSF,GC1115110,11/30/2015,8:00 PM,Derailment,0,BROWNWOOD,TX,40,3,Dusk,Clear,Main,Freight Train,10,65711,170000,235711,T110,31.713162,-98.990199,38.2,42.0,41.4
UP,1215HO004,12/3/2015,4:00 AM,Derailment,0,BAYTOWN,TX,42,4,Dark,Clear,Industry,Yard/switching,6,2249,22019,24268,T110,29.772376,-94.896814,54.9,51.7,51.0
BNSF,RD1122113,11/9/2022,11:10 AM,Derailment,0,TEMPLE,TX,65,2,Day,Cloudy,Yard,Yard/switching,6,2067,16974,19041,T307,31.10898,-97.348578,70.4,71.1,70.5
BNSF,RD1123101,11/1/2023,9:30 AM,Derailment,0,LOCKHART,TX,64,2,Day,Clear,Main,Freight Train,28,974778,0,1315086,T202,29.89058,-97.649556,49.7,46.8,49.5
TXPF,08102015,8/10/2015,3:45 PM,Derailment,0,MCCAMEY,TX,102,2,Day,Clear,Main,Freight Train,24,60000,40000,100000,T319,31.144182,-102.192798,88.5,87.7,85.8
UP,0115FW007,1/6/2015,1:35 PM,Derailment,0,MESQUITE,TX,51,2,Day,Clear,Yard,Yard/switching,5,747,10722,11469,T110,32.777032,-96.656107,33.9,42.0,33.9
FWWR,22043001,4/30/2022,11:20 AM,Derailment,0,COMYN,TX,80,2,Day,Clear,Main,Freight Train,20,46530,47365,93895,T110,32.06961,-98.4525,75.3,74.4,72.4
UP,0416HO014,4/9/2016,2:45 AM,Derailment,0,HOUSTON,TX,64,4,Dark,Cloudy,Yard,Yard/switching,2,9981,6146,16127,T299,29.807291,-95.290875,71.0,68.7,70.6
UP,0415HO021,4/12/2015,11:30 PM,Derailment,0,HOUSTON,TX,77,4,Dark,Cloudy,Industry,Freight Train,5,42140,48530,90670,T210,29.751436,-95.311683,68.8,71.9,77.6
UP,0222HO035,2/26/2022,12:30 AM,Derailment,0,HOUSTON,TX,42,4,Dark,Cloudy,Siding,Freight Train,18,51324,83155,134479,T207,29.840201,-95.193397,39.9,40.4,46.8
BNSF,RD0324107,3/5/2024,11:40 PM,Derailment,0,SOMERVILLE,TX,70,4,Dark,Clear,Yard,Freight Train,8,21614,19764,41378,T202,30.351321,-96.531368,74.1,74.9,71.9
UP,0822TO034,8/28/2022,3:05 PM,Derailment,0,ITASCA,TX,95,2,Day,Clear,Main,Freight Train,22,216953,406685,623638,T199,32.238858,-97.181826,85.8,86.6,84.8
UP,0622TO023,6/19/2022,1:59 PM,Derailment,0,CALVERT,TX,98,2,Day,Clear,Main,Freight Train,22,25686,790500,816186,T109,31.016519,-96.741031,86.6,87.4,87.8
BNSF,TX0215107,2/17/2015,2:15 AM,Derailment,0,SAGINAW,TX,52,4,Dark,Clear,Industry,Yard/switching,6,21135,156398,177533,T110,32.866305,-97.368205,34.9,40.0,45.5
UP,0615FW029,6/19/2015,7:45 AM,Derailment,0,DALLAS,TX,80,2,Day,Clear,Yard,Yard/switching,3,12302,270,12572,T205,32.715206,-96.750459,83.5,83.7,81.0
LBWR,171006002,10/6/2017,10:15 AM,Derailment,0,DIMMITT,TX,70,2,Day,Clear,Industry,Freight Train,4,0,14152,14152,T111,34.5257,-102.2866,68.0,70.4,60.3
PMSW,D02,7/31/2020,3:15 PM,Derailment,0,LUBBOCK,TX,100,2,Day,Clear,Industry,Yard/switching,5,0,23000,23000,T112,33.537098,-101.795893,83.6,78.0,80.3
UP,0115FW018,1/16/2015,12:00 PM,Derailment,0,DENISON,TX,57,2,Day,Cloudy,Yard,Work train,9,9554,6485,16039,T108,33.772216,-96.586244,41.6,45.0,50.6
UP,0615HO030,6/19/2015,12:50 PM,Derailment,0,HOUSTON,TX,87,2,Day,Clear,Yard,Freight Train,6,1750,71839,73589,T205,29.821251,-95.352376,82.4,82.5,82.5
UTAH,UTA858015R,12/21/2015,4:40 AM,Derailment,0,MIDVALE,UT,25,4,Dark,Clear,Industry,Freight Train,9,0,12430,24860,T110,40.61127,-111.906595,35.4,38.4,35.0
UP,1215HO003,12/3/2015,4:00 AM,Derailment,0,HOUSTON,TX,40,4,Dark,Cloudy,Yard,Freight Train,4,22546,208626,231172,T207,29.765546,-95.278258,54.9,52.8,52.4
UP,0724GC020,7/24/2024,12:30 AM,Derailment,0,BEAUMONT,TX,76,4,Dark,Rain,Industry,Freight Train,1,35349,12940,48289,T110,30.098835,-94.120138,78.3,77.1,75.5
BNSF,GC1114107,11/16/2014,8:00 AM,Derailment,0,TEAGUE,TX,45,1,Dawn,Clear,Yard,Freight Train,7,3403,212021,215424,T110,31.637087,-96.289066,41.5,40.0,34.5
UP,0117ST010,1/17/2017,2:25 AM,Derailment,0,EL PASO,TX,43,4,Dark,Clear,Industry,Yard/switching,3,4246,9030,13276,T110,31.762947,-106.399896,47.7,44.2,45.3
UP,0916HO001,9/1/2016,3:20 AM,Derailment,0,HOUSTON,TX,78,4,Dark,Cloudy,Yard,Yard/switching,7,33555,58993,92548,T110,29.807295,-95.290885,85.2,86.7,85.2
UP,1114HO029,11/18/2014,11:30 AM,Derailment,0,HOUSTON,TX,77,2,Day,Clear,Industry,Freight Train,3,14398,2745,17143,T111,29.750997,-95.315624,42.1,44.3,56.3
BNSF,RD0524120,5/21/2024,4:00 PM,Derailment,0,BROWNWOOD,TX,95,2,Day,Cloudy,Yard,Freight Train,8,2500,56248,58748,T001,31.713946,-98.987024,79.1,79.4,76.7
UP,0515FW017,5/21/2015,9:45 AM,Derailment,0,ABILENE,TX,49,2,Day,Cloudy,Yard,Freight Train,4,3128,46581,49709,T207,32.448967,-99.732792,64.8,57.6,64.4
UFRC,0129182,1/29/2018,12:10 AM,Derailment,0,SALT LAKE CITY,UT,28,4,Dark,Clear,Industry,Freight Train,0,0,15000,54363,T314,40.751504,-111.908947,43.8,42.5,46.7
UP,0819RM027,8/24/2019,7:15 PM,Derailment,0,SALT LAKE CITY,UT,93,3,Dusk,Clear,Yard,Yard/switching,10,95369,8483,103852,T110,40.720992,-111.91026,75.0,78.9,82.7
UTAH,UTA491617R,11/20/2017,1:50 AM,Derailment,0,MAGNA,UT,33,4,Dark,Clear,Industry,Freight Train,10,13000,0,48000,T113,40.699991,-112.111423,35.1,39.9,49.4
UP,0723RM011,7/9/2023,8:00 AM,Derailment,0,SOUTH SALT LAKE,UT,73,2,Day,Clear,Yard,Yard/switching,3,16114,700,16814,T316,40.706628,-111.909364,82.3,85.5,87.0
UP,0218UT013,2/13/2018,11:45 PM,Derailment,0,OGDEN,UT,28,4,Dark,Clear,Yard,Yard/switching,10,35645,54570,90215,T314,41.20365,-111.984776,39.3,32.5,37.8
UP,0623GC016,6/12/2023,5:24 PM,Derailment,0,BEAUMONT,TX,93,2,Day,Clear,Yard,Freight Train,0,0,39933,39933,T109,30.070051,-94.11086,81.3,82.8,83.4
WTLC,WT060115D,6/1/2015,10:17 PM,Derailment,0,SMYER,TX,72,4,Dark,Cloudy,Main,Freight Train,10,250403,2575,252978,T110,33.588203,-102.216105,66.0,72.0,76.3
UP,0816HO036,8/18/2016,4:45 PM,Derailment,0,HOUSTON,TX,85,2,Day,Cloudy,Yard,Light loco(s),7,48803,1443,50246,T111,29.780293,-95.333145,77.0,78.9,81.6