reportingrailroadcode,accidentnumber,date,time,accidenttype,hazmatreleasedcars,station,stateabbr,temperature,visibility_code,visibility,weathercondition,tracktype,equipmenttype,trainspeed,equipmentdamagecost,trackdamagecost,totaldamagecost,primaryaccidentcausecode,latitude,longitude,prior_temp,actual_temp,following_temp
WC,1073516,6/13/2021,1:30 PM,Derailment,0,APPLETON,WI,88,2,Day,Clear,Industry,Freight Train,8,18336,7500,25836,T205,44.280106,-88.468584,73.8,74.6,68.8
UP,0923RM028,9/25/2023,11:50 AM,Derailment,0,ROCK SPRINGS,WY,52,2,Day,Clear,Industry,Freight Train,1,16866,41495,58361,T205,41.733252,-108.780479,52.3,57.0,60.1
NS,114017,1/24/2015,9:55 PM,Derailment,0,WAYNESBORO,VA,37,4,Dark,Clear,Yard,Freight Train,8,3650,24206,27856,T314,38.076071,-78.872146,31.1,35.9,39.3
BNSF,NW0815101,8/6/2015,12:10 AM,Derailment,0,TACOMA,WA,59,4,Dark,Clear,Yard,Yard/switching,7,14996,1000,15996,T207,47.24183,-122.428103,63.2,65.9,68.4
UP,0123PN007,1/10/2023,2:01 PM,Derailment,0,KENNEWICK,WA,37,2,Day,Cloudy,Industry,Yard/switching,9,89666,3520,93186,T110,46.168269,-119.024077,35.9,34.9,38.0
BNSF,NW0822117,8/24/2022,2:00 PM,Derailment,0,TACOMA,WA,85,2,Day,Clear,Yard,Freight Train,7,35380,0,35380,T403,47.261783,-122.396973,67.5,71.8,71.4
NS,140763,2/27/2021,12:00 AM,Derailment,0,ROANOKE,VA,34,4,Dark,Rain,Yard,Freight Train,5,1800,13916,15716,T110,37.277537,-79.968579,41.8,43.8,50.1
WSOR,IN17032902,3/29/2017,10:30 PM,Derailment,0,PRAIRIE DU CHIEN,WI,40,4,Dark,Rain,Yard,Freight Train,9,300000,0,381929,T210,43.017102,-91.133629,47.3,41.4,38.7
SBVR,202101,8/24/2021,2:45 PM,Derailment,0,GREENSPRING,WV,89,2,Day,Clear,Siding,Freight Train,4,36000,850,36850,T102,39.510594,-78.641467,78.5,78.8,78.1
UP,0819PN025,8/21/2019,8:15 AM,Derailment,0,FIFE,WA,57,2,Day,Cloudy,Yard,Yard/switching,68,23934,3253,27187,T207,47.236318,-122.377982,66.3,62.3,60.2
BNSF,NW1016119,10/19/2016,5:20 PM,Derailment,0,KENT,WA,57,3,Dusk,Cloudy,Industry,Freight Train,9,10978,1000,11978,T110,47.43416,-122.22715,52.9,51.3,54.5
CSX,000165278,12/18/2016,12:06 PM,Derailment,0,BENWOOD,WV,30,2,Day,Clear,Yard,Freight Train,0,0,1179,17179,T202,39.998721,-80.732866,41.4,34.8,21.2
UP,0915DV003,9/11/2015,10:50 PM,Derailment,0,GREEN RIVER,WY,55,4,Dark,Clear,Main,Freight Train,16,11497,109432,120929,T101,41.5297,-109.474279,65.8,64.3,67.0
CSX,000180214,12/6/2018,5:15 AM,Derailment,0,BUFFALO,WV,29,1,Dawn,Cloudy,Industry,Freight Train,9,38825,700,39525,T207,37.789107,-81.78049,31.9,34.8,33.7
NS,129548,5/19/2018,7:15 AM,Other (describe in narrative),0,ALEXANDRIA,VA,70,1,Dawn,Clear,Main,EMU,0,0,268481,7096141,T002,38.806507,-77.108038,64.8,63.0,77.0
UP,0717DV002,7/5/2017,12:09 PM,Derailment,0,ROCK SPRINGS,WY,90,2,Day,Clear,Siding,Freight Train,24,661618,257863,919481,T001,41.537169,-108.579359,73.5,75.3,76.1
BNSF,TC1119101,11/2/2019,4:20 AM,Derailment,0,SUPERIOR,WI,30,1,Dawn,Cloudy,Yard,Freight Train,4,75000,1000,76000,T210,46.659498,-92.052128,32.2,32.4,32.0
NS,139598,10/30/2020,10:15 PM,Derailment,0,SALEM,VA,40,4,Dark,Clear,Main,Freight Train,34,1258001,2005662,3263663,T207,37.268829,-80.129348,69.6,56.4,44.7
PSAP,PSA983816D,5/31/2016,2:00 PM,Derailment,0,ABERDEEN,WA,77,2,Day,Clear,Main,Freight Train,19,457169,41763,498932,T204,46.963072,-123.704706,55.3,61.0,57.2
WER,121219D,12/12/2019,11:50 PM,Derailment,0,GOVAN,WA,25,4,Dark,Clear,Yard,Freight Train,9,90115,17000,107115,T210,47.738,-118.823,32.2,32.7,30.4
WC,892755,6/26/2016,9:02 AM,Derailment,0,SUPERIOR,WI,80,2,Day,Clear,Yard,Freight Train,5,24100,0,94663,T113,46.679489,-92.013305,62.2,71.1,62.3
ELS,20002,12/14/2020,11:00 AM,Derailment,0,STILES,WI,29,2,Day,Clear,Main,Freight Train,10,0,0,0,T101,0.0,0.0,25.6,21.9,16.0
CSX,000179452,10/22/2018,8:05 AM,Derailment,0,CALLAGHAN,VA,32,1,Dawn,Clear,Main,Freight Train,30,776620,125804,902424,T207,37.8119,-80.0744,36.0,41.8,49.6
BNSF,PR0524106,5/12/2024,8:53 AM,Derailment,0,WHEATLAND,WY,61,1,Dawn,Clear,Main,Freight Train,17,1012143,163000,1175143,T207,42.285965,-104.894875,56.2,58.1,61.9
UP,0317PR015,3/15/2017,5:01 PM,Derailment,0,MILWAUKEE,WI,36,2,Day,Cloudy,Yard,Yard/switching,7,54369,33355,87724,T110,43.098593,-88.064243,21.2,24.3,29.1
NS,124986,5/8/2017,12:57 PM,Derailment,0,HARRISONBURG,VA,59,2,Day,Cloudy,Yard,Freight Train,10,311949,178599,490548,T110,38.440303,-78.878677,49.2,48.6,50.0
NS,131828,11/27/2018,1:00 PM,Derailment,0,NORFOLK,VA,51,2,Day,Cloudy,Yard,Yard/switching,6,19972,0,136790,T207,36.873777,-76.301703,55.6,43.9,38.1
UP,1023GP022,10/25/2023,12:40 PM,Derailment,0,YODER,WY,58,2,Day,Clear,Industry,Yard/switching,6,479570,332,479902,T110,41.918858,-104.298437,47.2,51.7,28.2
BNSF,NW1116112,11/17/2016,8:40 PM,Derailment,0,LACEY,WA,48,3,Dusk,Cloudy,Yard,Freight Train,5,73330,61687,135017,T001,47.024374,-122.72814,44.5,42.1,40.9
CWA,19011401,1/14/2019,11:00 AM,Derailment,0,YAKIMA,WA,30,2,Day,Cloudy,Yard,Yard/switching,9,11387,12048,23435,T110,46.354575,-120.302839,28.2,30.4,30.0
UP,1119PN014,11/15/2019,10:30 PM,Derailment,0,SPOKANE,WA,37,4,Dark,Clear,Industry,Freight Train,5,68534,55232,123766,T206,47.657814,-117.355904,37.9,37.6,41.9
UP,0620RM024,6/13/2020,2:49 PM,Derailment,4,ROCK SPRINGS,WY,80,2,Day,Clear,Main,Freight Train,35,1072776,258632,1331408,T108,41.595484,-109.16555,70.1,70.6,60.5
BNSF,PR0523107,5/19/2023,3:40 PM,Derailment,0,CASPER,WY,57,2,Day,Cloudy,Yard,Freight Train,8,76424,103958,180382,T001,42.853863,-106.326826,51.9,52.0,58.5
BNSF,TC0417117,4/28/2017,6:25 PM,Derailment,0,ALLOUEZ,WI,49,3,Dusk,Clear,Yard,Freight Train,9,98500,417347,515847,T403,46.681882,-92.025394,43.0,43.4,43.1
CSX,000167686,3/24/2017,4:57 AM,Derailment,0,RICHMOND,VA,36,4,Dark,Clear,Main,Freight Train,7,11200,145894,157094,T110,37.577934,-77.472707,38.5,50.1,66.0
BNSF,NW1020117,10/31/2020,12:35 AM,Derailment,0,AUBURN,WA,54,4,Dark,Clear,Industry,Yard/switching,3,5508,8000,13508,T110,47.293621,-122.23033,54.1,48.5,49.2
CBRW,18120201,12/2/2018,5:00 PM,Derailment,0,CONNELL,WA,33,4,Dark,Fog,Yard,Freight Train,8,0,0,83101,T204,46.66319,-118.862875,37.8,37.6,33.5
NS,129878,6/18/2018,8:50 PM,Derailment,0,NORFOLK,VA,78,4,Dark,Clear,Yard,Yard/switching,3,17488,2500,19988,T314,36.873777,-76.301703,80.6,80.6,86.1
NS,123656,1/21/2017,7:30 PM,Derailment,0,NORFOLK,VA,49,3,Dusk,Rain,Yard,Freight Train,6,32883,28000,60883,T207,36.873777,-76.301703,46.6,50.0,49.9
NECR,NEC324117D,6/7/2017,5:00 AM,Derailment,0,SAINT ALBANS,VT,39,1,Dawn,Clear,Main,Freight Train,10,180,12675,12855,T111,44.813501,-73.086591,52.0,58.4,66.1
BNSF,NW0319114,3/8/2019,9:45 PM,Derailment,0,PASCO,WA,28,4,Dark,Snow,Yard,Yard/switching,5,2000,16100,18100,T110,46.267172,-119.099566,33.6,28.2,28.0
BNSF,NW0419106,4/15/2019,9:15 PM,Derailment,0,LONGVIEW,WA,55,4,Dark,Cloudy,Yard,Yard/switching,8,7500,22000,29500,T210,46.121475,-122.924957,44.7,45.1,50.7
CSX,000161996,8/9/2016,9:05 AM,Derailment,0,FRANKLIN  CP,VA,88,2,Day,Clear,Siding,Cut of cars,0,28688,0,228262,T207,36.681461,-76.914236,69.8,70.3,77.6
CWA,23110201,11/2/2023,8:30 AM,Derailment,0,GRANDVIEW,WA,37,2,Day,Cloudy,Main,Freight Train,25,1300,51250,52550,T202,46.285036,-119.942628,38.2,42.1,44.1
UP,0624PN022,6/21/2024,4:48 PM,Derailment,0,TOUCHET,WA,95,2,Day,Clear,Main,Freight Train,29,664587,289370,953957,T204,46.057278,-118.923939,71.1,73.8,78.5
BNSF,PR1019101,10/1/2019,3:26 PM,Derailment,0,COWLEY,WY,30,2,Day,Rain,Industry,Light loco(s),5,30000,0,30000,T002,44.846653,-108.438492,38.3,34.6,37.9
BNSF,NW1014117,10/31/2014,5:40 PM,Derailment,0,TACOMA,WA,55,2,Day,Cloudy,Industry,Yard/switching,8,12001,1000,13001,T110,47.24323,-122.41416,54.0,50.6,48.9
BNSF,NW0222120,2/26/2022,8:15 PM,Derailment,0,TACOMA,WA,41,3,Dusk,Cloudy,Yard,Yard/switching,2,26283,2500,28783,T207,47.260286,-122.440533,34.2,36.5,46.7
UP,1121GL008,11/11/2021,6:13 PM,Derailment,0,WYEVILLE,WI,38,3,Dusk,Rain,Main,Freight Train,10,169432,126800,296232,T207,44.025875,-90.374334,38.3,43.9,35.5
ELS,16001,1/13/2016,10:15 AM,Derailment,0,CRIVITZ,WI,-1,2,Day,Cloudy,Main,Freight Train,10,30000,10000,40000,T110,45.21019,-88.01096,7.4,2.6,19.2
NS,128060,1/9/2018,12:15 PM,Derailment,0,RICHMOND,VA,48,2,Day,Clear,Yard,Freight Train,6,996,21922,22918,T110,37.531578,-77.434777,30.0,41.3,37.2
BNSF,NW0123110,1/11/2023,3:30 PM,Derailment,0,PASCO,WA,40,2,Day,Cloudy,Yard,Yard/switching,5,15322,1000,16322,T110,46.257725,-119.093695,34.9,38.0,40.1
CSX,000166046,1/16/2017,2:42 PM,Derailment,0,LYNCHBURG,VA,42,2,Day,Cloudy,Yard,Freight Train,7,10890,1238,12128,T110,37.410157,-79.135428,41.9,41.0,46.7
BNSF,CH0317123,3/29/2017,10:30 PM,Derailment,0,PRAIRIE DU CHIEN,WI,40,4,Dark,Rain,Yard,Freight Train,0,0,81929,381929,T210,43.017102,-91.133629,47.3,41.4,38.7
BNSF,NW0622107,6/16/2022,6:00 PM,Derailment,0,SPOKANE,WA,65,3,Dusk,Clear,Industry,Yard/switching,4,2004,31200,33204,T110,47.672197,-117.320038,58.1,63.3,64.2
STPP,09162021,9/16/2021,6:30 AM,Derailment,0,KETTLE FALLS,WA,48,1,Dawn,Clear,Main,Freight Train,10,306838,54562,361400,T110,49.016752,-118.100365,56.3,50.3,45.9
AO,A2021FEB1D,2/5/2021,11:20 PM,Derailment,0,PHILIPPI,WV,25,4,Dark,Cloudy,Industry,Freight Train,9,30611,59000,89611,T210,39.195422,-80.058775,26.3,36.2,33.7
CSX,000193600,11/3/2020,2:09 AM,Derailment,0,DANESE,WV,26,4,Dark,Clear,Main,Freight Train,27,160363,20473,180836,T207,37.834947,-81.042685,33.8,42.6,50.6
BNSF,CH0423114,4/27/2023,12:37 PM,Derailment,0,DE SOTO,WI,65,2,Day,Clear,Main,Freight Train,60,1407075,3090440,4497515,T002,43.409721,-91.193793,43.6,53.2,57.1
BNSF,NW0923120,9/28/2023,10:00 AM,Derailment,0,SPOKANE,WA,65,2,Day,Cloudy,Industry,Yard/switching,5,931,12535,13466,T110,47.658177,-117.391197,52.1,51.5,48.3
BNSF,NW1221107,12/14/2021,11:30 AM,Derailment,0,SEATTLE,WA,40,2,Day,Clear,Industry,Yard/switching,6,13599,6000,19599,T314,47.626226,-122.370131,40.1,37.3,39.9
CSX,000172502,10/29/2017,1:52 AM,Derailment,0,BENWOOD,WV,38,4,Dark,Rain,Yard,Freight Train,9,137561,1000,138561,T207,40.004325,-80.734529,46.7,37.6,40.4
WC,857661,7/4/2015,4:30 PM,Derailment,0,WESTON,WI,79,2,Day,Clear,Industry,Freight Train,5,33000,70338,103338,T313,44.8572,-89.64621,67.1,71.6,74.3
ATK,139775,10/25/2015,1:35 PM,Derailment,0,LORTON,VA,60,2,Day,Clear,Yard,Light loco(s),2,14000,0,14000,T113,38.708666,-77.220188,51.6,59.6,49.7
UP,1217PR017,12/19/2017,11:28 AM,Derailment,0,MILWAUKEE,WI,32,2,Day,Cloudy,Yard,Yard/switching,8,308772,121811,430583,T110,43.101349,-88.064317,37.1,41.7,27.8
BNSF,PR0224102,2/5/2024,9:50 AM,Derailment,0,NEWCASTLE,WY,47,2,Day,Clear,Industry,Freight Train,4,3169,13748,16917,T111,43.851098,-104.204298,36.5,40.8,44.5
BNSF,NW0717110,7/10/2017,12:31 AM,Derailment,0,KENNEWICK,WA,72,4,Dark,Clear,Yard,Freight Train,6,110395,0,217628,T001,46.211855,-119.131941,81.1,77.9,74.5
UP,0719PN017,7/17/2019,9:03 PM,Derailment,0,SPOKANE,WA,68,4,Dark,Cloudy,Yard,Yard/switching,6,23548,9331,32879,T314,47.659705,-117.33133,67.1,64.6,67.6
NS,129959,6/25/2018,12:06 PM,Derailment,0,POCAHONTAS,VA,80,2,Day,Clear,Main,Freight Train,5,862,64679,65541,T311,37.288209,-81.313486,70.3,66.3,64.6
BNSF,NW0320114,3/19/2020,11:19 AM,Derailment,0,PASCO,WA,57,2,Day,Clear,Yard,Light loco(s),5,45000,3500,48500,T399,46.239134,-119.087279,43.2,44.8,48.0
BNSF,NW0122102,1/4/2022,12:30 AM,Derailment,0,KENNEWICK,WA,15,4,Dark,Cloudy,Industry,Freight Train,5,17898,1500,19398,T311,46.169826,-119.026315,22.3,21.8,29.1
BNSF,PR1216108,12/17/2016,6:17 AM,Derailment,0,GLENDO,WY,-13,1,Dawn,Cloudy,Main,Freight Train,27,2024150,356000,2380150,T207,42.629796,-105.135358,9.2,-8.4,3.9
WACR,1551,11/23/2019,2:00 PM,Derailment,0,BARRE,VT,32,2,Day,Clear,Yard,Freight Train,4,10385,3150,13535,T110,44.195009,-72.501623,35.7,26.6,28.2
ELS,18002,2/25/2018,9:20 AM,Derailment,0,BEAVER,WI,30,2,Day,Clear,Main,Freight Train,7,10000,50000,60000,T110,45.1375,-88.0179,31.9,30.4,32.5
UP,0215DV004,2/8/2015,8:10 PM,Derailment,0,GREEN RIVER,WY,30,4,Dark,Clear,Yard,Yard/switching,2,14760,13540,28300,T205,41.519725,-109.459494,43.6,40.2,36.6
WC,1129159,3/27/2023,1:30 AM,Derailment,0,SUPERIOR,WI,10,4,Dark,Clear,Yard,Freight Train,7,14000,0,24734,T113,44.513237,-89.53434,33.2,29.7,21.0
WC,1029794,3/15/2020,2:25 AM,Derailment,0,STEVENS POINT,WI,22,4,Dark,Clear,Yard,Freight Train,9,36199,103851,140050,T207,44.51257,-89.534204,26.3,26.5,29.5
BNSF,TC0216102,2/1/2016,1:39 PM,Derailment,0,SUPERIOR,WI,34,2,Day,Cloudy,Industry,Yard/switching,4,800,10000,10800,T308,46.737771,-92.10286,31.6,29.8,25.9
VTR,1464,11/27/2018,1:40 PM,Derailment,0,PROCTOR,VT,30,2,Day,Cloudy,Siding,Freight Train,2,141457,15800,157257,T210,43.654921,-73.035881,36.1,32.5,32.1
RJCV,RJCV2301,5/19/2023,3:00 PM,Derailment,0,THURMOND,WV,70,2,Day,Clear,Main,Freight Train,9,13750,1500,15250,T204,37.954604,-181.078754,57.9,61.6,60.2
CSX,000213128,8/25/2023,5:15 AM,Derailment,0,RICHMOND,VA,80,1,Dawn,Clear,Yard,Yard/switching,8,21016,155,21171,T108,37.492968,-77.472196,75.7,83.3,84.4
BNSF,PR0722107,7/17/2022,5:01 PM,Derailment,0,GILLETTE,WY,102,3,Dusk,Clear,Main,Freight Train,38,664942,182000,846942,T109,44.536439,-105.967282,77.8,82.7,82.5
BNSF,NW0322113,3/24/2022,11:55 PM,Derailment,0,EVERETT,WA,44,4,Dark,Clear,Yard,Yard/switching,4,21442,981,22423,T309,48.011844,-122.188297,49.4,42.3,48.2
WSOR,210212004,2/12/2021,8:45 AM,Derailment,0,MILWAUKEE,WI,7,2,Day,Snow,Yard,Freight Train,7,13800,5192,18992,T299,43.103385,-87.954494,9.7,9.9,4.2
BNSF,PR0717103,7/3/2017,4:13 PM,Derailment,0,OSAGE,WY,90,2,Day,Clear,Main,Freight Train,32,25329,6800,32129,T499,44.02494,-104.481026,73.2,74.5,76.7
VTR,1526,7/2/2019,9:35 AM,Derailment,0,MIDDLEBURY,VT,70,2,Day,Clear,Main,Freight Train,8,53210,65000,118210,T399,44.020105,-73.170859,68.3,71.1,72.0
BNSF,NW0718112,7/12/2018,2:20 PM,Derailment,0,MESA,WA,90,2,Day,Clear,Industry,Freight Train,5,5521,21000,26521,T111,46.577558,-119.007915,74.7,78.8,84.3
UP,0524PR006,5/14/2024,11:45 PM,Derailment,0,ADAMS,WI,50,4,Dark,Clear,Yard,Freight Train,5,5884,13175,19059,T112,43.955606,-89.831731,65.2,57.8,57.3
UP,0621PR006,6/12/2021,3:22 PM,Derailment,0,CEDAR GROVE,WI,80,2,Day,Clear,Main,Freight Train,21,236627,159295,395922,T001,43.538007,-87.838993,75.5,73.7,73.8
BNSF,PR0122104,1/20/2022,2:17 AM,Derailment,0,GUERNSEY,WY,6,4,Dark,Clear,Yard,Freight Train,10,18018,76053,94071,T307,42.261404,-104.718439,16.5,21.2,33.9
CSX,000138455,12/5/2014,4:41 PM,Derailment,0,PARKERSBURG,WV,38,3,Dusk,Rain,Yard,Yard/switching,4,13488,500,13988,T207,39.276565,-81.558631,32.4,42.9,47.3
BNSF,NW1222113,12/15/2022,5:29 AM,Derailment,0,RICHLAND,WA,30,1,Dawn,Cloudy,Yard,Freight Train,5,67128,5000,72128,T110,46.335827,-119.285815,30.0,26.3,28.0
NS,118842,1/8/2016,11:15 AM,Derailment,0,MORGANTOWN,WV,34,2,Day,Cloudy,Siding,Yard/switching,20,10680,1500,12180,T002,39.598307,-79.966938,32.8,37.6,48.4
AO,A2015AUG1D,8/18/2015,12:30 AM,Derailment,0,ALEXANDER,WV,65,4,Dark,Cloudy,Main,Freight Train,8,70000,0,70000,T314,38.782677,-80.221535,72.8,70.7,75.1
NS,153769,7/31/2023,4:45 AM,Derailment,0,NORFOLK,VA,85,1,Dawn,Clear,Yard,Yard/switching,8,22400,19834,42234,T319,36.872762,-76.298057,78.9,75.7,77.5
CSCD,CSC484620D,7/14/2020,8:15 AM,Derailment,0,RIVERSIDE,WA,70,2,Day,Clear,Main,Freight Train,10,114887,266293,381180,T001,48.57715,-119.481969,66.5,72.3,76.3
CWA,16011401,1/14/2016,11:34 AM,Derailment,0,SUNNYSIDE,WA,34,2,Day,Cloudy,Yard,Yard/switching,7,750,41580,42330,T110,46.310463,-120.028394,31.3,32.9,33.6
NS,153952,8/17/2023,2:20 AM,Derailment,0,NORFOLK,VA,79,4,Dark,Clear,Yard,Freight Train,5,68800,0,68800,T113,36.871878,-76.295016,79.5,80.8,81.5
ATK,157182,1/12/2019,10:40 PM,Derailment,0,SEATTLE,WA,42,4,Dark,Clear,Yard,Light loco(s),2,59413,3267,62680,T499,47.585771,-122.331081,47.5,44.6,41.8
UP,1215DV007,12/23/2015,9:50 PM,Derailment,0,GREEN RIVER,WY,12,4,Dark,Clear,Yard,Yard/switching,5,18257,6010,24267,T403,41.520165,-109.449763,24.7,16.6,14.1
CSX,000177248,6/27/2018,7:19 AM,Derailment,0,ST ALBANS,WV,78,2,Day,Cloudy,Main,Freight Train,28,1192570,415636,1608206,T207,38.376756,-81.788903,72.7,73.8,77.5
WE,160108,12/18/2016,12:30 PM,Derailment,0,BENWOOD,WV,30,2,Day,Clear,Yard,Yard/switching,4,16000,0,17179,T202,39.998721,-80.732866,41.4,34.8,21.2
BNSF,PR0515100,5/1/2015,10:00 PM,Derailment,0,MILLS,WY,59,4,Dark,Clear,Industry,Yard/switching,6,21181,0,21181,T111,42.852355,-106.374722,50.4,50.8,58.1
PSAP,PSA645420D,12/21/2020,2:16 PM,Derailment,0,MONTESANO,WA,45,2,Day,Rain,Main,Freight Train,25,205103,100000,305103,T001,46.983473,-123.567096,49.2,47.2,41.0
BNSF,NW0419114,4/22/2019,12:45 AM,Derailment,0,CENTRALIA,WA,44,4,Dark,Clear,Yard,Light loco(s),6,1000,75783,76783,T110,46.72128,-122.95118,51.3,49.7,53.4
NS,141461,5/4/2021,5:00 PM,Derailment,0,MAYBEURY,WV,67,3,Dusk,Clear,Industry,Freight Train,4,18280,943,19223,T319,37.377213,-81.391767,63.9,65.6,55.8
NS,153896,8/10/2023,7:00 PM,Derailment,0,WAVERLY,VA,80,3,Dusk,Cloudy,Industry,Cut of cars,7,38951,0,38951,T207,37.03902,-77.098511,76.3,74.4,76.6
NPB,AR201907,7/30/2019,7:40 PM,Derailment,0,CHESAPEAKE,VA,72,3,Dusk,Clear,Yard,Yard/switching,5,58400,3900,62300,T314,36.816163,-76.282931,80.8,81.3,82.4
UP,0621GL009,6/7/2021,8:17 PM,Derailment,0,FRIENDSHIP,WI,82,4,Dark,Clear,Yard,Freight Train,7,4102,9292,13394,T319,43.960426,-89.846562,79.4,78.0,80.0
WSOR,D751315,3/14/2015,7:47 PM,Derailment,0,JANESVILLE,WI,56,3,Dusk,Clear,Industry,Freight Train,9,3265,0,12213,T110,42.703293,-89.025092,48.1,47.6,45.7
NS,120525,5/16/2016,5:00 PM,Derailment,0,CHATMOSS,VA,68,3,Dusk,Clear,Industry,Freight Train,7,16000,31675,47675,T102,36.641221,-79.845884,52.0,51.6,58.0
BNSF,PR1018105,10/9/2018,8:29 AM,Derailment,0,DWYER,WY,34,1,Dawn,Clear,Main,Freight Train,23,411430,280000,691430,T207,42.241834,-104.956708,35.0,35.3,32.8
STPP,1253937,7/30/2019,10:15 PM,Derailment,0,ADDY,WA,75,4,Dark,Clear,Main,Freight Train,25,244512,29509,274021,T207,48.244388,-117.512339,67.6,67.3,68.6
BNSF,NW1218103,12/3/2018,3:30 PM,Derailment,0,KENNEWICK,WA,39,2,Day,Fog,Industry,Freight Train,7,11700,1500,13200,T110,46.306835,-119.293915,38.3,33.7,31.6
PSAP,PSA834524D,6/17/2024,12:30 AM,Derailment,0,OAKVILLE,WA,46,4,Dark,Clear,Main,Freight Train,15,500000,5000,505000,T207,46.831448,-123.188783,51.9,53.5,57.3
BEEM,BMRR201581,8/18/2015,12:30 AM,Derailment,0,ALEXANDER,WV,65,4,Dark,Cloudy,Main,Freight Train,0,0,0,70000,T314,38.782677,-80.221535,72.8,70.7,75.1
NS,144108,1/22/2022,9:30 AM,Derailment,0,WEST POINT,VA,27,2,Day,Clear,Yard,Freight Train,3,2575,134084,136659,T201,37.528238,-76.798047,25.5,25.7,29.7
BNSF,PR0615102,6/7/2015,7:40 AM,Derailment,0,WYARNO,WY,52,1,Dawn,Clear,Main,Single Car,0,77194,0,675615,T001,44.836861,-106.829443,63.1,64.1,70.1
BNSF,NW0118104,1/12/2018,8:00 AM,Derailment,0,YAKIMA,WA,34,1,Dawn,Fog,Yard,Freight Train,8,1413,139886,141299,T202,46.58698,-120.501448,36.1,39.2,38.9
UP,0715NP013,7/24/2015,1:45 PM,Derailment,0,TORRINGTON,WY,73,2,Day,Cloudy,Main,Freight Train,47,1749910,717542,2467452,T205,42.335385,-104.099353,75.6,74.4,74.2
CA,CAR831724D,6/17/2024,3:20 PM,Derailment,0,CHESAPEAKE,VA,85,2,Day,Clear,Main,Freight Train,10,30000,90000,120000,T109,36.712347,-76.203939,74.2,76.1,76.3
UP,1216DV021,12/27/2016,10:27 PM,Derailment,0,GREEN RIVER,WY,21,4,Dark,Clear,Yard,Yard/switching,4,12532,14860,27392,T313,41.525277,-109.465085,14.7,18.8,24.0
NS,134473,6/25/2019,4:20 AM,Derailment,0,CHESAPEAKE,VA,80,1,Dawn,Clear,Main,Freight Train,50,1243728,421503,1665231,T207,36.751303,-76.436285,79.1,83.0,82.1
UP,0123GP036,1/26/2023,6:55 PM,Derailment,0,TORRINGTON,WY,28,3,Dusk,Cloudy,Main,Freight Train,38,48096,29648,77744,T102,42.489342,-104.105496,26.8,29.0,34.2
NS,123833,2/4/2017,6:50 AM,Derailment,0,SUFFOLK,VA,28,1,Dawn,Clear,Main,Freight Train,48,2204242,769984,2974226,T308,36.725348,-76.589996,39.3,33.0,39.8
UP,0818NP058,8/30/2018,6:00 PM,Derailment,0,DOUGLAS,WY,80,3,Dusk,Clear,Industry,Freight Train,2,18682,250,18932,T111,43.485,-105.269964,62.6,68.1,69.6
UP,0223GL009,2/3/2023,7:15 PM,Derailment,0,WYEVILLE,WI,1,3,Dusk,Cloudy,Industry,Light loco(s),7,2045,21310,23355,T313,44.044479,-90.403138,11.3,-2.7,19.5
ELS,17007,11/17/2017,10:40 AM,Derailment,0,MARINETTE,WI,40,2,Day,Cloudy,Main,Freight Train,5,2000,38000,40000,T110,45.09911,-87.65045,32.0,37.5,36.0
NS,128376,2/2/2018,9:00 PM,Derailment,0,RICHMOND,VA,36,4,Dark,Clear,Yard,Freight Train,4,925,21265,22190,T308,37.526898,-77.451431,45.7,36.7,25.6
UP,0117PD011,1/10/2017,5:15 PM,Derailment,0,KAHLOTUS,WA,20,2,Day,Clear,Main,Freight Train,29,872581,312732,1185313,T210,46.641485,-118.229333,27.1,24.8,17.6
UP,0721GP039,7/28/2021,3:20 PM,Derailment,0,BURNS,WY,95,2,Day,Clear,Siding,Freight Train,15,706554,161820,868374,T199,41.162951,-104.24035,77.3,79.7,72.9
VTR,1325,1/29/2017,6:47 PM,Derailment,0,RUTLAND,VT,18,4,Dark,Cloudy,Yard,Freight Train,4,22499,38801,61300,T110,43.595221,-72.97543,31.6,30.8,23.4
BNSF,NW0822113,8/16/2022,11:35 AM,Derailment,0,KENNEWICK,WA,90,2,Day,Clear,Industry,Freight Train,5,16278,6500,22778,T111,46.306392,-119.29341,75.8,77.9,80.3
UP,1215PD007,12/12/2015,4:20 PM,Derailment,0,SPOKANE,WA,36,3,Dusk,Rain,Yard,Freight Train,6,755,15633,16388,T207,47.659341,-117.343986,38.0,36.7,39.2
NS,125832,7/15/2017,3:30 PM,Derailment,0,NORFOLK,VA,92,2,Day,Clear,Yard,Freight Train,3,9394,2500,11894,T110,36.873777,-76.301703,87.6,81.7,81.1
BNSF,NW1221112,12/18/2021,9:45 AM,Derailment,0,SEATTLE,WA,42,2,Day,Rain,Yard,Yard/switching,7,26940,8000,34940,T202,47.64832,-122.381396,39.2,41.9,40.8
NS,132050,12/13/2018,10:40 PM,Derailment,0,WEIRTON,WV,34,4,Dark,Cloudy,Industry,Freight Train,6,1400,0,1400,T110,40.397412,-80.587061,33.9,40.5,42.8