reportingrailroadcode,accidentnumber,date,time,accidenttype,hazmatreleasedcars,station,stateabbr,temperature,visibility_code,visibility,weathercondition,tracktype,equipmenttype,trainspeed,equipmentdamagecost,trackdamagecost,totaldamagecost,primaryaccidentcausecode,latitude,longitude,prior_temp,actual_temp,following_temp
ATK,168427,9/16/2021,5:08 PM,Other (describe in narrative),0,KEARNY,NJ,80,3,Dusk,Clear,Main,EMU,0,0,25000,101515,T404,40.754112,-74.093498,79.2,74.6,73.1
BNSF,MT1214111,12/29/2014,2:00 PM,Derailment,0,GREAT FALLS,MT,1,2,Day,Clear,Main,Freight Train,6,46127,200,46327,T202,47.502844,-111.323058,17.1,-1.5,-4.1
CRSH,121507,8/1/2016,1:30 PM,Derailment,0,NEWARK,NJ,80,2,Day,Cloudy,Yard,Freight Train,7,11523,3500,15023,T110,40.712911,-74.187187,76.0,73.6,74.3
ATK,172440,8/7/2022,1:12 PM,Other (describe in narrative),0,EDISON,NJ,93,2,Day,Clear,Main,EMU,0,0,7739,20314,T404,40.520987,-74.408179,83.2,84.8,86.6
BNSF,MT1222101,12/4/2022,2:52 AM,Derailment,0,WILLISTON,ND,10,4,Dark,Cloudy,Main,Freight Train,0,122246,0,713171,T204,48.208359,-103.498352,1.6,17.2,12.5
CP,1001445633,3/7/2021,12:50 PM,Derailment,0,PLYMOUTH,MN,60,2,Day,Clear,Main,Freight Train,31,219751,25778,245529,T109,45.046998,-93.447255,35.4,45.7,46.1
CSX,000219571,7/26/2024,10:05 AM,Derailment,0,NEWFIELDS,NH,80,2,Day,Clear,Main,Freight Train,3,16091,1700,17791,T205,43.050057,-70.933555,72.6,74.0,72.1
UP,1020GL038,10/28/2020,1:05 AM,Derailment,0,FREMONT,NE,31,4,Dark,Clear,Yard,Freight Train,8,266496,83522,350018,T206,41.425104,-96.471299,31.3,40.4,38.7
NS,142679,8/27/2021,5:00 PM,Derailment,0,CHICAGO,IL,90,3,Dusk,Clear,Yard,Yard/switching,4,29222,5825,35047,T110,41.795347,-87.635316,79.1,82.5,84.0
CC,1019119,11/16/2019,5:43 PM,Derailment,0,CEDAR RAPIDS,IA,37,2,Day,Clear,Yard,Freight Train,0,0,8200,8200,T210,41.980996,-91.6674,28.2,33.7,35.7
BNSF,CH1121112,11/27/2021,1:51 AM,Derailment,0,CHICAGO,IL,25,4,Dark,Clear,Yard,Freight Train,5,77600,16000,93600,T207,41.814964,-87.716933,25.4,35.7,33.4
BNSF,SW0921101,9/1/2021,2:45 PM,Derailment,0,ROSWELL,NM,82,2,Day,Cloudy,Yard,Freight Train,3,2981,10706,13687,T110,33.32111,-104.512907,81.2,79.8,77.7
WTRY,WTR693520,11/19/2020,7:55 AM,Derailment,0,WILMINGTON,NC,45,1,Dawn,Clear,Yard,Yard/switching,3,40000,7647,47647,T202,34.193374,-77.949744,44.3,46.6,56.3
BNSF,HL0120103,1/7/2020,9:50 AM,Derailment,0,SPRINGFIELD,MO,45,2,Day,Clear,Yard,Light loco(s),5,15200,500,15700,T403,37.213843,-93.306974,37.5,39.1,46.3
BNSF,SW0622111,6/15/2022,11:30 PM,Derailment,0,ALBUQUERQUE,NM,65,4,Dark,Clear,Yard,Single Car,0,8000,0,29666,T314,35.066705,-106.650528,81.5,80.4,83.4
CRSH,146819,1/20/2024,2:20 AM,Derailment,0,DETROIT,MI,9,4,Dark,Clear,Yard,Yard/switching,6,2031,17658,19689,T204,42.320527,-83.135468,19.1,12.9,18.9
BNSF,TC0415102,4/2/2015,8:57 PM,Derailment,0,JOHNSON,MN,40,3,Dusk,Clear,Main,Freight Train,10,85350,41000,126350,T001,45.574695,-96.27271,56.4,45.1,29.8
NICD,N2300007,4/19/2023,12:00 AM,Raking collision,0,CHICAGO,IL,64,4,Dark,Clear,Main,Cut of cars,0,14988,0,17523,T499,41.77182,-87.59243,45.8,52.2,65.5
NS,135102,8/14/2019,11:00 PM,Derailment,0,BRAITHWAITE,LA,72,4,Dark,Clear,Industry,Freight Train,8,351,10760,11111,T110,29.864267,-89.938196,83.1,83.0,83.0
UP,0915KC003,9/9/2015,8:34 PM,Derailment,0,KANSAS CITY,KS,78,4,Dark,Clear,Yard,Yard/switching,9,5542,5143,10685,T101,39.130316,-94.609149,76.7,76.7,76.6
NS,122048,9/13/2016,3:00 PM,Derailment,0,FORT WAYNE,IN,81,2,Day,Clear,Main,Freight Train,6,24015,4000,40015,T110,41.071439,-85.108193,64.4,67.6,66.9
IC,1129161,3/23/2023,1:00 PM,Derailment,0,BRAXTON,MS,80,2,Day,Clear,Main,Maint./inspect Car,5,16500,0,16500,T499,32.054005,-89.996234,66.9,70.4,74.7
RNA,09032015,9/3/2015,12:45 PM,Derailment,0,BLUE MOUNTAIN,MS,90,2,Day,Clear,Main,Freight Train,5,18932,10800,29732,T101,34.649091,-89.024152,77.7,79.1,79.9
BNSF,TC0217100,2/4/2017,10:03 PM,Derailment,0,BELDEN,NE,20,4,Dark,Clear,Main,Freight Train,12,541388,322581,863969,T207,42.40898,-97.244398,19.8,30.7,23.4
BNSF,TC0821104,8/8/2021,3:39 PM,Derailment,0,BISMARCK,ND,100,2,Day,Clear,Main,Freight Train,36,1307842,590051,1897893,T109,46.791713,-100.723731,73.7,78.9,75.5
LSRC,D160116,1/16/2016,6:30 AM,Derailment,0,BAY CITY,MI,32,4,Dark,Cloudy,Main,Freight Train,0,0,10090,45090,T110,43.603202,-83.885078,34.1,30.1,15.5
CLNA,04222001,4/22/2020,10:30 AM,Other (describe in narrative),0,WASHINGTON,NC,58,2,Day,Clear,Main,Freight Train,8,0,66000,66000,T401,35.536423,-77.036902,60.8,57.8,61.4
CSX,000155106,12/12/2015,11:25 AM,Derailment,0,SAVANNAH,GA,69,2,Day,Clear,Yard,Single Car,0,0,0,27100,T311,32.056332,-81.152394,59.9,60.9,63.7
RRVW,05032019,5/3/2019,3:40 PM,Derailment,0,KINDRED,ND,60,2,Day,Clear,Siding,Work train,5,6000,22697,28697,T110,46.661705,-97.030773,45.0,48.4,46.8
UP,1215PR007,12/14/2015,4:00 PM,Derailment,0,NORTHLAKE,IL,50,3,Dusk,Rain,Yard,Freight Train,5,15699,9248,30230,T308,41.909337,-87.915129,58.0,51.4,40.6
UP,0418KC001,4/2/2018,12:34 AM,Derailment,0,KANSAS CITY,KS,25,4,Dark,Cloudy,Yard,Yard/switching,10,32166,24621,56787,T210,39.094802,-94.653233,29.8,30.3,37.2
ATK,175736,7/29/2023,1:25 PM,Derailment,0,NEW HAVEN,CT,83,2,Day,Clear,Yard,Yard/switching,6,33067,0,97888,T311,41.30221,-72.92439,81.9,81.4,71.9
DMVW,DE531NOR,5/31/2017,4:35 PM,Derailment,0,OAKES,ND,77,2,Day,Clear,Main,Freight Train,10,28220,6168,34388,T319,46.141033,-98.150291,53.1,60.7,67.7
BNSF,MT0722106,7/14/2022,4:22 PM,Derailment,0,PALERMO,ND,95,2,Day,Clear,Main,Freight Train,65,1086781,1300000,2386781,T109,48.337507,-102.241313,68.2,74.0,74.9
DMVW,DE542021,5/4/2021,5:10 AM,Derailment,0,WILTON,ND,24,4,Dark,Clear,Main,Freight Train,25,445,56542,56987,T299,47.210014,-100.859258,46.8,42.1,46.5
BNSF,NE1114100,11/1/2014,5:25 AM,Derailment,0,BARTLEY,NE,28,1,Dawn,Clear,Main,Freight Train,0,0,185900,363900,T204,40.264106,-100.246809,36.2,42.0,55.7
BNSF,PR1221105,12/21/2021,8:25 PM,Derailment,0,HASTINGS,NE,28,3,Dusk,Clear,Yard,Yard/switching,10,79322,300,97900,T201,40.583336,-98.405,26.4,29.4,38.1
NIRC,2019071297,3/9/2019,4:00 PM,Other (describe in narrative),0,HARVEY,IL,33,2,Day,Rain,Main,EMU,10,33791,1046,34837,T404,41.610308,-87.64805,30.4,36.5,35.7
WBRW,ID230174,8/22/2023,3:20 PM,Derailment,0,UNIVERSITY CITY,MO,99,2,Day,Cloudy,Industry,Freight Train,0,0,140000,140000,T110,38.681483,-90.330168,86.1,88.2,88.9
NIRC,9419002216,7/1/2024,7:39 AM,Other impacts,0,CHICAGO,IL,87,1,Dawn,Clear,Main,EMU,5,0,29882,59515,T404,41.88051,-87.6231,66.6,66.7,75.0
ATK,168670,10/12/2021,6:48 PM,Derailment,0,CHICAGO,IL,61,4,Dark,Clear,Yard,Yard/switching,9,30446,6600,37046,T110,41.8652,-87.63626,71.5,62.3,62.5
BNSF,MT0722101,7/2/2022,2:12 AM,Derailment,0,SWEETGRASS,MT,57,4,Dark,Clear,Main,Freight Train,9,48238,41985,90223,T204,48.99843,-111.959045,62.9,61.0,53.9
NPR,DR062101,6/30/2021,1:34 PM,Derailment,0,LOMA,ND,80,2,Day,Clear,Main,Freight Train,10,54250,16692,70942,T109,48.630569,-98.613387,67.7,73.7,76.6
CP,1001224080,4/26/2020,6:38 AM,Derailment,0,CARRINGTON,ND,44,1,Dawn,Fog,Siding,Cut of cars,0,102932,7593,932313,T001,47.456387,-99.123084,48.3,51.3,54.4
CRSH,125046,5/14/2017,12:00 PM,Derailment,0,NEWARK,NJ,63,2,Day,Clear,Industry,Yard/switching,9,58364,1200,59564,T307,40.674009,-74.154472,49.3,55.9,61.2
CSX,000208977,12/27/2022,12:50 PM,Derailment,0,FAIRBURN,GA,50,2,Day,Clear,Yard,Yard/switching,4,42773,480,43253,T202,33.557761,-84.54972,30.7,38.4,41.5
BNSF,TC0619107,6/16/2019,5:05 PM,Derailment,0,ALLEN,NE,82,3,Dusk,Clear,Main,Freight Train,8,273565,64000,337565,T299,42.446805,-96.725904,73.1,72.5,69.6
NJTR,201502069,1/26/2015,5:35 PM,Other (describe in narrative),0,NEW BRUNSWICK,NJ,25,4,Dark,Snow,Yard,EMU,5,22806,0,22806,T404,40.478104,-74.466882,36.8,24.5,24.7
KAW,230701001,7/1/2023,9:00 AM,Derailment,0,NORTH KANSAS CITY,MO,80,2,Day,Clear,Yard,Yard/switching,10,6000,12000,18000,T311,39.126924,-94.572357,84.9,75.7,76.8
NJTR,201911598,10/28/2019,5:32 PM,Derailment,0,HARRISON,NJ,50,3,Dusk,Clear,Yard,Commuter Train - Pulling,7,26276,6032,103623,T113,40.741613,-74.144958,61.3,59.5,57.3
BNSF,SW0123109,1/27/2023,5:05 PM,Derailment,0,ALBUQUERQUE,NM,38,3,Dusk,Clear,Yard,Yard/switching,5,14000,0,37538,T311,35.04906,-106.653605,28.1,29.4,34.8
ATK,169011,11/6/2021,3:13 AM,Other (describe in narrative),0,TRENTON,NJ,38,4,Dark,Clear,Main,EMU,0,0,6300,13610,T404,40.224333,-74.746945,40.4,40.7,41.9
UP,0124GP037,1/30/2024,4:00 PM,Derailment,0,NORTH PLATTE,NE,61,2,Day,Clear,Yard,Yard/switching,4,1217,23088,24305,T311,41.150579,-100.815466,40.0,39.2,39.2
GRW,05,1/9/2015,11:55 AM,Derailment,0,GARY,IN,7,2,Day,Clear,Industry,Yard/switching,2,0,18360,18360,T311,41.61487,-87.389524,3.0,6.5,9.6
LSRC,D180412,4/12/2018,9:40 AM,Derailment,0,SAGINAW,MI,46,2,Day,Cloudy,Yard,Freight Train,0,0,1940,11743,T110,43.443132,-83.917231,40.7,50.2,37.8
CSX,000174478,2/2/2018,1:59 PM,Derailment,0,ROCKY MOUNT,NC,40,2,Day,Clear,Yard,Freight Train,4,28309,1004,29313,T207,35.918853,-77.804447,47.9,41.2,29.3
UP,1017LV001,10/1/2017,11:30 AM,Derailment,0,LOTTIE,LA,85,2,Day,Cloudy,Yard,Freight Train,6,48344,6500,54844,T314,30.544064,-91.569136,75.5,76.5,74.4
UP,0819PR031,8/29/2019,5:58 PM,Derailment,0,NORTHLAKE,IL,84,2,Day,Cloudy,Yard,Light loco(s),9,7099,76129,83228,T403,41.915396,-87.913955,67.8,71.9,67.5
NS,134240,6/7/2019,4:00 PM,Derailment,0,OLD FORT,NC,72,3,Dusk,Cloudy,Siding,Freight Train,9,2936,14241,17177,T207,35.631147,-82.174871,72.5,69.0,69.4
UP,0520GL020,5/24/2020,3:18 AM,Derailment,0,COUNCIL BLUFFS,IA,68,4,Dark,Clear,Yard,Freight Train,8,76953,6788,83741,T314,41.250454,-95.875779,68.6,69.6,65.3
CSX,000208032,10/23/2022,12:12 PM,Derailment,0,SHERBORN,MA,56,2,Day,Cloudy,Industry,Yard/switching,7,5035,0,45558,T110,42.248952,-71.416145,51.5,51.0,56.5
PW,161202,12/26/2016,5:18 PM,Derailment,0,WORCESTER,MA,34,3,Dusk,Cloudy,Yard,Yard/switching,6,1427,70000,71427,T314,42.248511,-71.808625,33.3,27.6,44.8
BNSF,MT0622103,6/17/2022,5:47 PM,Derailment,0,GREAT FALLS,MT,60,3,Dusk,Clear,Main,Freight Train,40,6943,21733,28676,T102,47.529021,-111.409877,62.4,69.2,66.0
BNSF,TC1023114,10/27/2023,2:11 PM,Derailment,0,NORTHWOOD,ND,32,2,Day,Rain,Industry,Freight Train,8,42265,0,42265,T110,47.740947,-97.569368,32.9,26.5,20.5
AZER,AZE836624R,6/21/2024,10:30 AM,Derailment,0,LORDSBURG,NM,83,2,Day,Cloudy,Yard,Yard/switching,10,20000,3000,23000,T399,32.362495,-108.746471,77.6,72.8,78.2
NS,141197,4/10/2021,6:45 AM,Derailment,0,ROANOKE,IN,57,1,Dawn,Clear,Yard,Freight Train,11,15279,0,49111,T101,40.973558,-85.350682,60.9,57.5,50.2
UP,0417KC013,4/20/2017,9:19 PM,Derailment,0,KANSAS CITY,KS,55,4,Dark,Clear,Yard,Light loco(s),9,250,11248,11498,T201,39.098719,-94.6192,73.3,63.8,53.6
BNSF,HL0817103,8/2/2017,2:55 PM,Derailment,0,LINCOLN,NE,90,2,Day,Clear,Industry,Yard/switching,3,10977,3500,14477,T206,40.83777,-96.679731,75.2,76.5,71.0
CC,917675,3/30/2017,12:35 AM,Derailment,0,LENA,IL,39,4,Dark,Rain,Siding,Freight Train,8,137175,0,540031,T001,42.386714,-89.836775,39.8,39.3,37.7
CSX,000176547,5/22/2018,6:55 PM,Derailment,0,EVANSVILLE,IN,80,2,Day,Clear,Yard,Freight Train,7,180574,506,181080,T111,38.030912,-87.539447,73.2,76.8,76.3
ATK,144805,10/21/2016,8:16 PM,Other (describe in narrative),0,NEWARK,NJ,68,4,Dark,Cloudy,Main,EMU,0,0,6300,15300,T404,40.727514,-74.171358,66.2,68.0,51.0
UP,0318NP017,3/11/2018,12:10 AM,Derailment,0,OMAHA,NE,40,4,Dark,Cloudy,Yard,Freight Train,11,272841,218439,491280,T319,41.221479,-96.045564,39.3,33.7,36.1
DREI,190531003,5/31/2019,3:15 PM,Derailment,0,TERRE HAUTE,IN,70,2,Day,Clear,Yard,Freight Train,7,186910,0,238330,T202,39.476401,-87.402992,71.0,70.5,72.6
BNSF,MT0224109,2/19/2024,3:59 AM,Derailment,0,CUSHMAN,MT,37,4,Dark,Clear,Main,Freight Train,39,780688,30126,810814,T204,46.413582,-109.384895,28.7,36.4,41.6
UP,0722GL027,7/26/2022,11:20 AM,Derailment,0,FREMONT,NE,74,2,Day,Cloudy,Yard,Yard/switching,8,14735,0,14735,T111,41.430759,-96.503987,71.8,74.4,77.5
UP,0220GL031,2/22/2020,5:23 PM,Derailment,0,BOONE,IA,50,2,Day,Clear,Yard,Yard/switching,9,3744,39154,42898,T210,42.062073,-93.862813,29.6,38.6,40.6
TRRA,15030,10/27/2015,9:00 PM,Derailment,0,GRANITE CITY,IL,59,4,Dark,Cloudy,Main,Yard/switching,6,6735,57756,64491,T199,38.701489,-90.157886,56.5,58.6,57.3
FEC,D01010419,1/4/2019,9:30 AM,Derailment,0,JACKSONVILLE,FL,68,2,Day,Cloudy,Yard,Light loco(s),8,7088,8241,15329,T111,30.241927,-81.602572,70.1,65.7,55.0
RRVW,20704,4/22/2020,4:30 AM,Derailment,0,OAKES,ND,40,4,Dark,Cloudy,Main,Freight Train,8,325000,500000,825000,T001,46.19626,-98.108484,38.9,49.5,53.8
ATK,145819,1/9/2017,5:58 AM,Other (describe in narrative),0,MONMOUTH JUNCTION,NJ,30,4,Dark,Clear,Main,EMU,0,0,1000,12000,T404,40.469385,-74.475173,18.6,15.1,23.6
GLC,GLC063016D,6/30/2016,3:30 PM,Derailment,0,CADILLAC,MI,75,2,Day,Clear,Yard,Freight Train,10,0,19701,19701,T319,44.25868,-85.426583,59.1,62.4,60.4
IAIS,2016005,1/21/2016,9:50 AM,Derailment,0,BLUE ISLAND,IL,28,2,Day,Clear,Yard,Yard/switching,1,95000,0,166250,T314,41.672232,-87.668621,17.6,20.4,27.6
UP,0324GC002,3/6/2024,1:40 PM,Derailment,0,ADDIS,LA,79,2,Day,Clear,Yard,Freight Train,2,56518,21350,77868,T199,30.362012,-91.270011,66.9,68.6,70.1
NS,151829,12/24/2022,2:45 AM,Derailment,0,CHARLOTTE,NC,25,4,Dark,Clear,Yard,Yard/switching,8,1700,11246,12946,T207,35.228064,-80.852619,31.8,18.3,26.2
NS,157167,6/26/2024,2:45 PM,Derailment,0,SOUTHMONT,NC,98,2,Day,Clear,Yard,Freight Train,10,64495,33500,97995,T110,35.74086,-80.330499,80.2,83.9,78.8
UP,0715KC022,7/29/2015,11:55 PM,Derailment,0,KANSAS CITY,KS,71,4,Dark,Clear,Yard,Yard/switching,3,3082,9003,12085,T313,39.090976,-94.61282,88.0,80.1,78.4
CSX,000179295,10/13/2018,5:50 AM,Derailment,0,WORCESTER,MA,49,1,Dawn,Cloudy,Yard,Freight Train,5,49849,0,73349,T316,42.255139,-71.805321,55.0,43.7,43.6
ATK,164101,4/12/2020,2:54 AM,Derailment,0,BEECH GROVE,IN,50,4,Dark,Cloudy,Yard,Yard/switching,4,54904,6500,61404,T110,39.717518,-86.076922,51.3,54.1,45.3
ATK,175983,8/16/2023,1:25 PM,Derailment,0,NEW HAVEN,CT,71,2,Day,Clear,Yard,Light loco(s),5,15984,2250,18234,T110,41.2949,-72.928959,73.1,73.2,73.2
WC,1136765,7/24/2023,9:50 PM,Derailment,1,GARY,IN,75,4,Dark,Clear,Yard,Yard/switching,7,118560,479071,597631,T402,41.617869,-87.358109,72.8,73.8,75.7
CRSH,128543,2/15/2018,9:40 AM,Derailment,0,BAYONNE,NJ,58,2,Day,Clear,Industry,Yard/switching,7,14355,2500,16855,T113,40.655918,-74.109458,43.3,51.9,52.0
BNSF,SW0323106,3/20/2023,9:40 AM,Derailment,0,GALLUP,NM,33,2,Day,Cloudy,Yard,Freight Train,9,13000,3000,16000,T111,35.525187,-108.753199,37.0,36.4,36.8
BNSF,KS0716106,7/25/2016,8:06 PM,Derailment,0,EL DORADO,KS,100,3,Dusk,Clear,Industry,Freight Train,10,12685,1500,14185,T316,37.792708,-96.868742,87.7,78.4,78.9
ISRY,07072019,7/7/2019,4:22 PM,Derailment,0,ALBIA,IA,90,2,Day,Clear,Main,Freight Train,7,0,28055,49880,T110,41.031063,-92.802697,76.0,75.4,75.3
UP,0621GL011,6/8/2021,5:50 PM,Derailment,0,SIOUX CITY,IA,88,2,Day,Clear,Yard,Freight Train,5,11250,7700,18950,T113,42.514395,-96.386788,80.6,79.3,79.7
BNSF,CH0823118,8/31/2023,8:44 PM,Derailment,0,MENDOTA,IL,57,3,Dusk,Clear,Yard,Yard/switching,5,365792,28086,393878,T207,41.556548,-89.107642,63.7,62.3,65.3
UP,0615SL005,6/9/2015,1:30 PM,Derailment,0,EUREKA,MO,94,2,Day,Cloudy,Main,Freight Train,30,1573535,368307,1941842,T109,38.529152,-90.60552,75.9,77.6,81.2
NS,138293,6/21/2020,5:52 PM,Derailment,0,GRACEWOOD,GA,95,3,Dusk,Clear,Yard,Freight Train,9,3600,16500,20100,T110,33.337867,-81.956086,78.0,81.9,80.7
NS,121671,8/15/2016,8:05 AM,Derailment,0,SAINT STEPHENS,NC,94,2,Day,Clear,Yard,Freight Train,5,159,18173,18332,T314,35.729542,-81.281819,81.0,80.9,80.6
BNSF,HL1222110,12/15/2022,12:38 PM,Derailment,0,RED OAK,IA,38,2,Day,Clear,Yard,Freight Train,10,400,45000,45400,T299,40.953898,-95.256078,32.2,27.4,22.3
BNSF,MT1222101,12/4/2022,2:52 AM,Derailment,0,WILLISTON,ND,10,4,Dark,Cloudy,Main,Freight Train,51,415925,175000,713171,T204,48.208359,-103.498352,1.6,17.2,12.5
UP,0217LK011,2/9/2017,12:54 PM,Derailment,0,SHREVEPORT,LA,71,2,Day,Clear,Yard,Light loco(s),3,810,10319,11129,T319,32.430999,-93.908534,63.7,49.6,56.8
UP,0718NP007,7/5/2018,10:33 AM,Derailment,0,SUTHERLAND,NE,71,2,Day,Clear,Industry,Freight Train,4,13933,30276,44209,T112,41.158692,-101.098859,79.0,74.9,74.8
CSX,000194262,12/4/2020,9:50 AM,Derailment,0,WAYCROSS,GA,63,2,Day,Clear,Yard,Freight Train,9,127295,11854,139149,T102,31.213524,-82.353588,47.0,59.6,50.0
UP,0819ST008,8/4/2019,4:20 PM,Derailment,0,SANTA ROSA,NM,95,2,Day,Clear,Main,Freight Train,37,540344,364886,905230,T104,34.95472,-104.627164,77.3,75.8,79.6
BNSF,HL1223115,12/19/2023,4:20 AM,Derailment,0,HAMILTON,MS,25,1,Dawn,Clear,Main,Freight Train,0,0,175000,740152,T204,33.682151,-88.421611,43.4,35.5,38.5
UP,0920GC025,9/16/2020,1:30 AM,Derailment,0,PORT ALLEN,LA,78,4,Dark,Cloudy,Yard,Yard/switching,6,4823,26034,30857,T001,30.439701,-91.214907,81.2,79.4,78.2
BNSF,SW0119112,1/11/2019,2:23 PM,Derailment,0,GALLUP,NM,32,2,Day,Cloudy,Yard,Freight Train,7,77193,78000,155193,T001,35.526784,-108.747873,29.8,33.0,26.0
WTNN,221,4/14/2022,10:45 PM,Derailment,0,CORINTH,MS,52,4,Dark,Clear,Siding,Freight Train,4,0,0,92822,T402,34.939272,-88.511924,70.9,57.4,61.9
NJTR,201803137,1/20/2018,6:38 AM,Other (describe in narrative),0,WEEHAWKEN,NJ,30,2,Day,Clear,Main,Commuter Train - Pulling,45,11150,0,31150,T404,40.771329,-74.041975,32.1,43.8,45.9
NJTR,201508494,8/19/2015,10:20 PM,Derailment,0,BAY HEAD,NJ,75,4,Dark,Clear,Yard,Yard/switching,4,25000,750,25750,T312,40.075467,-74.048055,78.4,77.4,78.5
BNSF,PR0415109,4/16/2015,2:30 PM,Derailment,0,ALLIANCE,NE,62,2,Day,Clear,Yard,Light loco(s),4,24000,500,24500,T113,42.092957,-102.875623,49.5,45.6,46.3
NCRC,OP052618NC,5/26/2018,6:50 PM,Derailment,1,GENOA,NE,98,3,Dusk,Clear,Main,Freight Train,25,942539,63427,1005966,T299,41.455,-97.624,78.5,81.0,83.9
UP,0622RM002,6/2/2022,4:11 AM,Derailment,0,POCATELLO,ID,53,1,Dawn,Cloudy,Yard,Freight Train,6,266905,216298,483203,T111,42.847518,-112.43246,54.6,60.2,63.2
CSX,000179935,11/19/2018,2:45 AM,Derailment,0,CHARLOTTE,NC,48,4,Dark,Fog,Yard,Yard/switching,4,17025,0,39122,T210,35.23281,-80.830435,48.2,52.7,54.1
BRC,14608,2/21/2023,11:45 PM,Derailment,0,BEDFORD PARK,IL,35,4,Dark,Clear,Yard,Freight Train,0,0,212963,259696,T311,41.76554,-87.4344,38.6,33.6,34.5
BNSF,TC1123106,11/15/2023,11:32 PM,Derailment,0,BEULAH,ND,20,4,Dark,Clear,Industry,Freight Train,19,19568,30000,49568,T001,47.302467,-101.859225,37.9,33.6,31.4
BNSF,PR1018115,10/30/2018,9:54 AM,Derailment,0,ELLSWORTH,NE,32,2,Day,Clear,Main,Freight Train,46,356924,101000,457924,T202,42.062986,-102.350083,54.5,41.5,35.5
UP,1020GP027,10/25/2020,11:49 PM,Derailment,0,NORTH PLATTE,NE,18,4,Dark,Snow,Yard,Freight Train,7,77304,2360,79664,T207,41.147313,-100.841941,28.8,24.0,17.3
BNSF,TC0615117,6/21/2015,5:46 PM,Derailment,0,WATERBURY,NE,75,3,Dusk,Clear,Main,Freight Train,10,282748,111854,394602,T207,42.456307,-96.737453,77.7,73.9,77.6
KCS,20101902,10/19/2020,11:20 AM,Derailment,0,SAUGET,IL,45,2,Day,Rain,Main,Freight Train,1,3667,1776,34604,T110,38.629718,-90.16285,55.5,45.7,51.3
IHB,2299,3/30/2017,8:45 AM,Derailment,0,RIVERDALE,IL,44,2,Day,Rain,Industry,Yard/switching,10,390870,13613,404483,T202,41.640607,-87.64194,42.8,43.8,38.7
BEAR,BER703124D,2/16/2024,1:35 PM,Derailment,0,BRISTOL,CT,40,2,Day,Clear,Main,Freight Train,5,1172,35199,36371,T110,41.680239,-72.944936,29.1,34.0,28.6
NS,140939,3/16/2021,4:45 PM,Derailment,0,DECATUR,IL,45,3,Dusk,Cloudy,Yard,Yard/switching,9,9168,8505,17673,T110,39.858406,-88.898384,38.2,41.1,44.3
CP,1001224080,4/26/2020,6:38 AM,Derailment,0,CARRINGTON,ND,44,1,Dawn,Fog,Main,Freight Train,50,796684,25104,932313,T001,47.456387,-99.123084,48.3,51.3,54.4
ATK,171415,5/21/2022,11:10 AM,Other (describe in narrative),0,NEWARK,NJ,57,2,Day,Cloudy,Main,EMU,0,0,11613,32868,T404,40.716465,-74.182937,63.1,78.8,83.9
NS,141197,4/10/2021,6:45 AM,Derailment,0,ROANOKE,IN,57,1,Dawn,Clear,Yard,Freight Train,0,29500,4332,49111,T101,40.973558,-85.350682,60.9,57.5,50.2
BNSF,SW1019115,10/31/2019,2:30 AM,Derailment,0,RADIUM SPRINGS,NM,30,4,Dark,Clear,Main,Freight Train,37,499217,200000,699217,T207,32.495656,-106.919684,48.8,38.3,45.6
ATK,139959,11/9/2015,5:35 PM,Derailment,0,NEW ORLEANS,LA,60,3,Dusk,Clear,Yard,Yard/switching,4,9400,15500,24900,T113,29.94766,-90.081423,63.7,61.8,63.4
LSI,66205,10/3/2016,5:00 PM,Derailment,0,PALMER,MI,67,2,Day,Clear,Industry,Freight Train,5,0,12821,12821,T206,46.43434,-87.639509,56.5,53.4,60.8
CRSH,122249,9/29/2016,5:55 AM,Derailment,0,JERSEY CITY,NJ,58,1,Dawn,Cloudy,Main,Freight Train,0,0,117071,131982,T110,40.746338,-74.064699,63.6,61.5,58.3
UP,1021HL033,10/29/2021,10:21 PM,Derailment,0,CARLISLE,IA,44,4,Dark,Cloudy,Main,Freight Train,45,980005,239065,1219070,T499,41.490885,-93.472687,47.0,48.9,47.4
BNSF,MT0921104,9/25/2021,3:47 PM,Derailment,0,JOPLIN,MT,78,2,Day,Clear,Main,Freight Train,0,0,72135,22019251,T109,48.557704,-110.81223,57.4,64.3,65.7
CSX,000155106,12/12/2015,11:25 AM,Derailment,0,SAVANNAH,GA,69,2,Day,Clear,Yard,Freight Train,8,0,100,27100,T311,32.056332,-81.152394,59.9,60.9,63.7
BNSF,PR0515102,5/10/2015,8:40 AM,Derailment,0,ALLIANCE,NE,30,1,Dawn,Snow,Yard,Freight Train,7,68586,64800,133386,T207,42.06592,-102.900449,40.6,32.5,39.2
UP,0819GP016,8/27/2019,8:12 AM,Derailment,0,NORTH PLATTE,NE,56,2,Day,Clear,Yard,Yard/switching,4,25191,258442,283633,T111,41.151336,-100.823214,69.6,60.9,66.2
UP,1215PR007,12/14/2015,4:00 PM,Derailment,0,NORTHLAKE,IL,50,3,Dusk,Rain,Yard,Light loco(s),0,5283,0,30230,T308,41.909337,-87.915129,58.0,51.4,40.6
UP,0818LV002,8/2/2018,5:15 AM,Derailment,0,ADDIS,LA,77,1,Dawn,Cloudy,Industry,Freight Train,4,6629,41676,48305,T108,30.330582,-91.240827,78.4,79.7,79.3